<DOMSymbolItem xmlns="http://ns.adobe.com/xfl/2008/" xmlns:xsi="http://www.w3.org/2001/XMLSchema-instance" name="Symbol 1927" lastModified="1681431985">
     <timeline>
          <DOMTimeline name="Symbol 1927">
               <layers>
                    <DOMLayer name="Layer 1" color="#66ee40" current="true" isSelected="true">
                         <frames>
                              <DOMFrame index="0" keyMode="9728">
                                   <elements>
                                        <DOMSymbolInstance libraryItemName="Symbol 1926" centerPoint3DX="18.25" centerPoint3DY="18.1">
                                             <matrix>
                                                  <Matrix tx="2.5" ty="0.0"/>
                                             </matrix>
                                             <transformationPoint>
                                                  <Point/>
                                             </transformationPoint>
                                             <color>
                                                  <Color redMultiplier="0.3984375" greenMultiplier="0.3984375" blueMultiplier="0.3984375" redOffset="153" greenOffset="153"/>
                                             </color>
                                        </DOMSymbolInstance>
                                   </elements>
                              </DOMFrame>
                              <DOMFrame index="1" keyMode="9728">
                                   <elements>
                                        <DOMSymbolInstance libraryItemName="Symbol 1926" centerPoint3DX="18.25" centerPoint3DY="18.1">
                                             <matrix>
                                                  <Matrix tx="2.5" ty="0.0"/>
                                             </matrix>
                                             <transformationPoint>
                                                  <Point/>
                                             </transformationPoint>
                                             <color>
                                                  <Color/>
                                             </color>
                                        </DOMSymbolInstance>
                                   </elements>
                              </DOMFrame>
                              <DOMFrame index="2" keyMode="9728">
                                   <elements>
                                        <DOMSymbolInstance libraryItemName="Symbol 1926" centerPoint3DX="18.25" centerPoint3DY="18.1">
                                             <matrix>
                                                  <Matrix tx="2.5" ty="0.0"/>
                                             </matrix>
                                             <transformationPoint>
                                                  <Point/>
                                             </transformationPoint>
                                             <color>
                                                  <Color redMultiplier="0.3984375" greenMultiplier="0.3984375" blueMultiplier="0.3984375" redOffset="92"/>
                                             </color>
                                        </DOMSymbolInstance>
                                   </elements>
                              </DOMFrame>
                         </frames>
                    </DOMLayer>
               </layers>
          </DOMTimeline>
     </timeline>
</DOMSymbolItem>
