<DOMSymbolItem xmlns="http://ns.adobe.com/xfl/2008/" xmlns:xsi="http://www.w3.org/2001/XMLSchema-instance" name="Symbol 2035" lastModified="1681431985" symbolType="graphic">
     <timeline>
          <DOMTimeline name="Symbol 2035" currentFrame="0">
               <layers>
                    <DOMLayer name="Layer 1">
                         <frames>
                              <DOMFrame index="0" motionTweenScale="false" keyMode="8192">
                                   <elements>
                                        <DOMShape isFloating="true">
                                             <fills>
                                                  <FillStyle index="1">
                                                       <SolidColor color="#666666" alpha="0.6"/>
                                                  </FillStyle>
                                             </fills>
                                             <strokes/>
                                             <edges>
                                                  <Edge fillStyle0="0" fillStyle1="0" strokeStyle="0" edges="! 0 0"/>
                                                  <Edge fillStyle0="1" fillStyle1="0" strokeStyle="0" edges="! 693 -48[ 689 -38 724 -38| 834 -25| 918 0| 946 -6| 947 -12[ 953 -30 926 -48[ 882 -76 763 -70| 712 -59| 693 -48"/>
                                                  <Edge fillStyle0="1" fillStyle1="0" strokeStyle="0" edges="! 245 -114[ 371 -125 374 -135[ 382 -155 115 -150[ -26 -149 -293 -70| -374 -28[ -418 0 -423 16| -428 30[ -428 39 -404 39[ -211 -41 -146 -58[ -15 -91 97 -101| 245 -114"/>
                                             </edges>
                                        </DOMShape>
                                   </elements>
                              </DOMFrame>
                         </frames>
                    </DOMLayer>
                    <DOMLayer name="Layer 2">
                         <frames>
                              <DOMFrame index="0" motionTweenScale="false" keyMode="8192">
                                   <elements>
                                        <DOMShape isFloating="true">
                                             <fills>
                                                  <FillStyle index="1">
                                                       <SolidColor color="#a97601" alpha="1.0"/>
                                                  </FillStyle>
                                                  <FillStyle index="2">
                                                       <SolidColor color="#f4ab02" alpha="1.0"/>
                                                  </FillStyle>
                                                  <FillStyle index="3">
                                                       <SolidColor color="#c18702" alpha="1.0"/>
                                                  </FillStyle>
                                                  <FillStyle index="4">
                                                       <SolidColor color="#53352b" alpha="1.0"/>
                                                  </FillStyle>
                                                  <FillStyle index="5">
                                                       <SolidColor color="#473430" alpha="0.3019608"/>
                                                  </FillStyle>
                                                  <FillStyle index="6">
                                                       <SolidColor color="#76473d" alpha="1.0"/>
                                                  </FillStyle>
                                                  <FillStyle index="7">
                                                       <SolidColor color="#864b46" alpha="1.0"/>
                                                  </FillStyle>
                                                  <FillStyle index="8">
                                                       <SolidColor color="#603931" alpha="1.0"/>
                                                  </FillStyle>
                                                  <FillStyle index="9">
                                                       <SolidColor color="#6a4137" alpha="1.0"/>
                                                  </FillStyle>
                                                  <FillStyle index="10">
                                                       <SolidColor color="#ffffff" alpha="1.0"/>
                                                  </FillStyle>
                                                  <FillStyle index="11">
                                                       <SolidColor color="#474141" alpha="1.0"/>
                                                  </FillStyle>
                                                  <FillStyle index="12">
                                                       <SolidColor color="#38221d" alpha="1.0"/>
                                                  </FillStyle>
                                                  <FillStyle index="13">
                                                       <SolidColor color="#544e4e" alpha="1.0"/>
                                                  </FillStyle>
                                             </fills>
                                             <strokes/>
                                             <edges>
                                                  <Edge fillStyle1="1" edges="! 67 468| 67 463[ 48 463 48 439| 52 386| 52 383[ 52 368 63 359| 63 355| 67 215| 72 90| 71 86| 71 79| 64 -6[ 64 -37 88 -44[ 97 -55 117 -55[ 138 -55 146 -43"/>
                                                  <Edge fillStyle1="4" edges="! 146 -43| 185 -44"/>
                                                  <Edge fillStyle1="8" edges="! 185 -44| 188 -44| 253 -54| 255 -54| 272 -55| 350 -55"/>
                                                  <Edge fillStyle1="4" edges="! 350 -55| 372 -55"/>
                                                  <Edge fillStyle1="1" edges="! 372 -55| 373 -55[ 376 -70 391 -69| 397 -70| 401 -69| 411 -66| 424 -67[ 458 -69 462 -43"/>
                                                  <Edge fillStyle1="4" edges="! 462 -43| 470 -43| 489 -43"/>
                                                  <Edge fillStyle1="8" edges="! 489 -43| 505 -51| 577 -48"/>
                                                  <Edge fillStyle1="4" edges="! 577 -48| 679 -44"/>
                                                  <Edge fillStyle1="1" edges="! 679 -44| 692 -46[ 732 -51 732 -9| 734 165| 737 307[ 734 357 724 379| 724 382[ 738 393 738 424| 738 429"/>
                                                  <Edge fillStyle1="5" edges="! 738 429| 741 478| 738 579| 743 745| 743 774[ 743 829 717 858[ 696 884 661 884| 653 882| 598 889| 551 880| 537 874| 499 877| 362 880| 303 874| 100 874[ 73 877 59 851[ 50 836 50 821| 50 698| 47 618[ 47 545 50 529[ 52 492 67 468"/>
                                                  <Edge fillStyle0="1" fillStyle1="5" edges="! 67 468| 63 508| 66 545| 69 663| 69 675[ 64 683 66 698| 63 756[ 61 772 72 780| 72 787| 75 787| 90 794| 661 790| 686 786| 699 787| 702 787| 715 774[ 728 756 728 695[ 726 656 720 638| 721 632| 721 596| 723 580"/>
                                                  <Edge fillStyle0="1" fillStyle1="4" edges="! 723 580| 721 539| 719 463| 720 463| 724 462"/>
                                                  <Edge fillStyle0="1" fillStyle1="5" edges="! 724 462| 736 454| 738 429"/>
                                                  <Edge fillStyle0="4" fillStyle1="1" edges="! 146 -43| 152 -16| 151 -6| 151 203| 146 312| 142 345| 142 355| 142 359| 272 348| 326 348[ 340 327 357 315[ 357 211 366 93| 366 30| 368 -6| 364 -14"/>
                                                  <Edge fillStyle0="4" fillStyle1="8" edges="! 364 -14| 357 -4| 359 9| 359 41| 355 110| 349 189| 348 260[ 348 303 297 308| 231 307[ 188 307 168 284[ 156 272 156 258[ 155 229 160 173| 163 55| 165 11| 161 -6[ 161 -32 185 -44"/>
                                                  <Edge fillStyle0="9" fillStyle1="6" edges="! 189 6| 188 -1[ 188 -14 202 -14| 211 -9| 214 -6"/>
                                                  <Edge fillStyle0="9" fillStyle1="7" edges="! 214 -6| 219 -6"/>
                                                  <Edge fillStyle0="9" fillStyle1="6" edges="! 219 -6[ 231 -21 269 -27[ 322 -32 322 -6[ 332 0 332 26| 332 45| 335 73[ 335 89 326 92[ 312 118 235 118| 230 118| 226 118"/>
                                                  <Edge fillStyle0="9" fillStyle1="7" edges="! 226 118| 223 118[ 207 123 207 118| 207 117| 185 109| 183 101"/>
                                                  <Edge fillStyle0="9" fillStyle1="6" edges="! 183 101[ 180 95 180 86[ 182 43 186 25"/>
                                                  <Edge fillStyle0="9" fillStyle1="7" edges="! 186 25| 185 20| 189 6"/>
                                                  <Edge fillStyle0="6" fillStyle1="7" edges="! 189 6| 190 2| 214 -6"/>
                                                  <Edge fillStyle0="7" fillStyle1="6" edges="! 186 25| 192 38[ 206 48 254 48| 301 43| 306 43[ 316 43 322 35| 329 20| 323 6[ 316 -6 299 -6| 270 -9| 219 -6"/>
                                                  <Edge fillStyle0="8" fillStyle1="9" edges="! 339 -6| 342 26| 339 133| 323 186| 323 189[ 323 204 309 213| 309 215[ 306 265 269 265| 210 260[ 203 254 203 242[ 203 229 214 227| 213 227[ 172 227 172 191[ 172 176 175 165| 175 151| 178 51| 175 0[ 183 -25 244 -32| 311 -37[ 329 -32 339 -6"/>
                                                  <Edge fillStyle0="1" fillStyle1="4" edges="! 372 -55[ 365 -51 364 -43"/>
                                                  <Edge fillStyle0="1" fillStyle1="8" edges="! 364 -43| 366 -27| 364 -14"/>
                                                  <Edge fillStyle0="8" fillStyle1="4" edges="! 364 -43| 363 -43| 350 -55"/>
                                                  <Edge fillStyle0="3" fillStyle1="1" edges="! 456 334| 440 315| 434 303| 428 291| 434 250| 430 227| 440 142| 450 -9[ 450 -48 416 -48[ 381 -48 381 2| 387 20"/>
                                                  <Edge fillStyle0="3" fillStyle1="11" edges="! 387 20| 390 20"/>
                                                  <Edge fillStyle0="3" fillStyle1="2" edges="! 390 20[ 390 -6 416 -13[ 441 -17 441 33| 440 93[ 440 132 427 142| 428 165| 428 196| 423 229| 428 250| 426 265| 414 275[ 397 275 395 250[ 395 241 398 235[ 387 229 389 203[ 389 176 395 165| 399 133| 387 92| 385 92"/>
                                                  <Edge fillStyle0="3" fillStyle1="1" edges="! 385 92| 381 165| 381 229| 383 245[ 378 254 378 268| 386 292| 383 297[ 374 299 371 308| 362 318"/>
                                                  <Edge fillStyle0="3" fillStyle1="2" edges="! 362 318| 366 319[ 372 303 395 291[ 426 277 426 315| 423 331[ 416 342 403 342| 377 339| 372 339| 359 359| 352 367"/>
                                                  <Edge fillStyle0="3" fillStyle1="10" edges="! 352 367| 351 369| 349 370| 345 376"/>
                                                  <Edge fillStyle0="3" fillStyle1="2" edges="! 345 376| 342 382| 336 405| 336 407"/>
                                                  <Edge fillStyle0="3" fillStyle1="10" edges="! 336 407| 336 409| 336 414| 336 415"/>
                                                  <Edge fillStyle0="3" fillStyle1="2" edges="! 336 415| 336 416[ 336 432 326 432| 314 424| 311 414| 312 406"/>
                                                  <Edge fillStyle0="3" fillStyle1="1" edges="! 312 406| 306 409| 309 405"/>
                                                  <Edge fillStyle0="3" fillStyle1="10" edges="! 309 405| 306 405"/>
                                                  <Edge fillStyle0="3" fillStyle1="2" edges="! 306 405[ 291 405 284 397| 281 396| 270 401| 234 391| 224 397[ 221 410 196 410| 189 410| 163 414[ 152 414 151 409[ 136 425 81 425[ 66 425 66 402[ 66 393 71 386| 77 376"/>
                                                  <Edge fillStyle0="3" fillStyle1="1" edges="! 77 376| 67 376[ 58 378 58 401| 59 409| 58 424[ 59 451 77 451[ 88 451 104 436| 107 433| 117 437| 301 429| 302 433| 312 439| 314 448[ 318 459 323 459| 332 455| 336 451| 339 444| 339 425| 339 424| 340 417| 348 386[ 351 376 369 351| 373 351| 430 351| 431 353| 452 393[ 469 425 473 425| 479 417| 483 407| 475 378"/>
                                                  <Edge fillStyle0="3" fillStyle1="2" edges="! 475 378| 466 385[ 456 385 437 360| 423 336[ 423 319 450 331[ 453 331 456 334"/>
                                                  <Edge fillStyle0="1" fillStyle1="2" edges="! 456 334[ 476 345 476 370| 475 378"/>
                                                  <Edge fillStyle0="4" fillStyle1="1" edges="! 462 -43| 462 -37| 458 6| 458 51| 457 223| 450 321| 482 355| 483 357| 498 359| 630 368| 658 370| 656 351| 661 306| 662 229| 653 0[ 653 -32 679 -44"/>
                                                  <Edge fillStyle0="9" fillStyle1="7" edges="! 499 -4| 499 -8| 503 -17"/>
                                                  <Edge fillStyle0="9" fillStyle1="8" edges="! 503 -17[ 481 -8 479 15[ 469 25 469 78| 475 147[ 470 150 470 164"/>
                                                  <Edge fillStyle0="9" fillStyle1="4" edges="! 470 164| 470 166| 470 170| 470 171"/>
                                                  <Edge fillStyle0="9" fillStyle1="8" edges="! 470 171[ 470 213 482 223| 481 233[ 475 261 496 261[ 508 261 508 233[ 512 209 529 207| 541 203| 594 204[ 633 204 641 176| 642 142| 645 71[ 645 28 633 9| 621 6"/>
                                                  <Edge fillStyle0="9" fillStyle1="6" edges="! 621 6| 621 15| 617 28"/>
                                                  <Edge fillStyle0="9" fillStyle1="7" edges="! 617 28| 617 30"/>
                                                  <Edge fillStyle0="9" fillStyle1="6" edges="! 617 30| 620 45| 617 66[ 628 71 628 86[ 628 101 608 110| 571 123[ 615 118 615 156[ 615 179 533 179[ 523 179 519 173| 508 173| 506 173[ 489 171 489 150| 489 144[ 489 124 502 124[ 489 117 489 98| 489 92[ 476 86 482 50[ 482 -4 493 -6| 499 -1| 499 -4"/>
                                                  <Edge fillStyle0="7" fillStyle1="6" edges="! 499 -4[ 502 6 519 7| 510 7[ 490 7 490 33[ 493 72 525 72[ 587 72 606 61[ 617 55 617 33| 617 30"/>
                                                  <Edge fillStyle0="4" fillStyle1="8" edges="! 577 -48| 592 -46[ 636 -46 645 51[ 649 101 645 151[ 646 287 630 306[ 619 318 519 318[ 474 318 465 289[ 461 275 465 256| 470 171"/>
                                                  <Edge fillStyle0="6" fillStyle1="7" edges="! 540 -16| 541 -8| 535 3| 528 7| 574 7"/>
                                                  <Edge fillStyle0="6" fillStyle1="9" edges="! 574 7| 575 0[ 575 -16 540 -16"/>
                                                  <Edge fillStyle0="7" fillStyle1="9" edges="! 540 -16[ 535 -23 523 -23"/>
                                                  <Edge fillStyle0="7" fillStyle1="8" edges="! 523 -23| 520 -23| 503 -17"/>
                                                  <Edge fillStyle0="9" fillStyle1="8" edges="! 619 2[ 612 -27 556 -27| 523 -23"/>
                                                  <Edge fillStyle0="1" fillStyle1="3" edges="! 672 9| 672 0[ 675 -32 702 -32[ 726 -27 726 -1| 721 32[ 715 49 715 73"/>
                                                  <Edge fillStyle0="1" fillStyle1="2" edges="! 715 73| 715 75| 715 98| 717 132| 715 159"/>
                                                  <Edge fillStyle0="1" fillStyle1="3" edges="! 715 159| 719 159| 719 176| 724 277[ 724 309 715 327| 711 345| 696 357[ 682 357 678 342| 675 327| 675 326| 672 306[ 670 287 675 268| 675 256"/>
                                                  <Edge fillStyle0="1" fillStyle1="2" edges="! 675 256| 675 247"/>
                                                  <Edge fillStyle0="1" fillStyle1="3" edges="! 675 247| 675 215"/>
                                                  <Edge fillStyle0="1" fillStyle1="2" edges="! 675 215| 675 214| 672 199| 673 186"/>
                                                  <Edge fillStyle0="1" fillStyle1="3" edges="! 673 186| 672 53"/>
                                                  <Edge fillStyle0="1" fillStyle1="11" edges="! 672 53| 672 50"/>
                                                  <Edge fillStyle0="1" fillStyle1="2" edges="! 672 50| 669 45[ 666 39 666 30[ 666 16 672 9"/>
                                                  <Edge fillStyle0="3" fillStyle1="2" edges="! 672 9[ 679 -4 690 -6[ 713 -14 713 18| 711 38| 715 73"/>
                                                  <Edge fillStyle0="2" fillStyle1="10" edges="! 705 25[ 704 58 687 58| 675 50| 675 41[ 675 16 690 9[ 705 6 705 25"/>
                                                  <Edge fillStyle0="2" fillStyle1="11" edges="! 672 50| 675 53"/>
                                                  <Edge fillStyle0="2" fillStyle1="3" edges="! 675 53| 675 162| 675 181| 673 186"/>
                                                  <Edge fillStyle0="3" fillStyle1="11" edges="! 675 53| 672 53"/>
                                                  <Edge fillStyle0="8" fillStyle1="6" edges="! 619 2| 621 6"/>
                                                  <Edge fillStyle0="6" fillStyle1="7" edges="! 581 7| 595 7[ 604 9 612 18| 617 28"/>
                                                  <Edge fillStyle0="2" fillStyle1="10" edges="! 702 150| 695 153[ 682 153 679 147| 679 139[ 679 123 692 120[ 705 118 705 139| 702 150"/>
                                                  <Edge fillStyle0="2" fillStyle1="3" edges="! 675 215| 680 227[ 675 233 675 247"/>
                                                  <Edge fillStyle0="2" fillStyle1="3" edges="! 675 256| 679 269[ 687 287 699 287[ 719 287 719 254[ 719 235 700 227| 711 204| 715 188| 707 203| 715 159"/>
                                                  <Edge fillStyle0="9" fillStyle1="7" edges="! 574 7| 581 7"/>
                                                  <Edge fillStyle0="9" fillStyle1="6" edges="! 581 7[ 585 -6 600 -6[ 615 -8 619 2"/>
                                                  <Edge fillStyle0="7" fillStyle1="9" edges="! 531 123| 540 123| 546 123| 549 123| 554 123"/>
                                                  <Edge fillStyle0="7" fillStyle1="6" edges="! 554 123| 556 123[ 570 117 570 102[ 570 86 533 82[ 498 79 498 101[ 498 120 531 123"/>
                                                  <Edge fillStyle0="9" fillStyle1="6" edges="! 531 123| 527 124| 540 125| 554 123"/>
                                                  <Edge fillStyle0="2" fillStyle1="10" edges="! 397 41| 397 38[ 397 6 408 -1[ 420 -6 420 33| 420 53[ 420 66 414 66[ 401 66 398 51| 398 50| 397 45"/>
                                                  <Edge fillStyle0="2" fillStyle1="13" edges="! 397 45| 395 41| 397 41"/>
                                                  <Edge fillStyle0="10" fillStyle1="13" edges="! 397 41| 397 45"/>
                                                  <Edge fillStyle0="2" fillStyle1="10" edges="! 420 102[ 420 118 412 118[ 400 118 398 109| 398 102[ 398 86 408 86[ 420 86 420 102"/>
                                                  <Edge fillStyle0="2" fillStyle1="10" edges="! 417 227| 408 231| 401 227[ 401 213 408 203| 418 217| 417 227"/>
                                                  <Edge fillStyle0="6" fillStyle1="7" edges="! 606 143[ 606 165 587 162| 570 162| 558 150| 557 143[ 557 127 581 127[ 606 127 606 143"/>
                                                  <Edge fillStyle0="8" fillStyle1="4" edges="! 489 -43[ 457 -9 466 82| 470 164"/>
                                                  <Edge fillStyle0="2" fillStyle1="1" edges="! 489 385| 491 410"/>
                                                  <Edge fillStyle0="2" fillStyle1="3" edges="! 491 410| 498 410| 525 406| 533 393| 533 390[ 525 386 515 385| 489 385"/>
                                                  <Edge fillStyle0="1" fillStyle1="3" edges="! 489 385| 486 368| 528 368| 558 383"/>
                                                  <Edge fillStyle0="1" fillStyle1="2" edges="! 558 383[ 561 373 571 374| 595 378"/>
                                                  <Edge fillStyle0="1" fillStyle1="13" edges="! 595 378| 600 378"/>
                                                  <Edge fillStyle0="1" fillStyle1="10" edges="! 600 378| 604 378| 636 373| 658 374| 661 376| 666 376"/>
                                                  <Edge fillStyle0="1" fillStyle1="11" edges="! 666 376| 672 378"/>
                                                  <Edge fillStyle0="1" fillStyle1="2" edges="! 672 378| 685 373[ 699 373 702 386| 704 396| 703 405| 700 407"/>
                                                  <Edge fillStyle0="1" fillStyle1="3" edges="! 700 407[ 700 439 679 439| 549 436| 540 436| 502 436| 499 437| 491 437| 491 424| 491 410"/>
                                                  <Edge fillStyle0="4" fillStyle1="12" edges="! 433 433| 427 455[ 423 475 414 478| 411 526| 416 579| 414 596| 390 603| 382 603| 380 603| 377 603| 376 603[ 371 603 368 595| 366 587| 378 500| 373 485| 363 469| 362 467| 355 446| 355 440| 355 436[ 355 383 380 378[ 391 368 395 373| 398 373[ 418 373 427 397| 430 402| 434 424| 433 433"/>
                                                  <Edge fillStyle0="4" fillStyle1="1" edges="! 440 592[ 427 539 427 505| 427 501| 426 500| 428 494| 430 488| 431 488| 444 475[ 453 459 453 430[ 453 361 401 353[ 348 345 348 439| 352 471[ 357 485 371 488| 374 514| 366 562| 359 592"/>
                                                  <Edge fillStyle0="4" fillStyle1="8" edges="! 359 592[ 359 603 364 607"/>
                                                  <Edge fillStyle0="4" fillStyle1="1" edges="! 364 607| 386 610"/>
                                                  <Edge fillStyle0="4" fillStyle1="3" edges="! 386 610| 390 609| 424 612"/>
                                                  <Edge fillStyle0="4" fillStyle1="1" edges="! 424 612| 437 610"/>
                                                  <Edge fillStyle0="4" fillStyle1="8" edges="! 437 610| 437 609| 440 596| 440 595| 440 592"/>
                                                  <Edge fillStyle0="1" fillStyle1="8" edges="! 440 592| 444 604| 437 610"/>
                                                  <Edge fillStyle0="4" fillStyle1="1" edges="! 319 633| 316 609| 326 572| 326 562| 329 556| 332 539[ 332 521 309 482| 306 475| 306 463| 146 462| 105 459[ 118 477 118 501| 122 674| 122 721| 196 714| 560 714| 672 721| 672 717| 672 600| 673 506| 678 474| 486 469| 486 478| 486 486| 482 494| 460 535| 465 568[ 466 579 470 585| 471 624| 470 643"/>
                                                  <Edge fillStyle0="4" fillStyle1="8" edges="! 470 643| 469 646| 468 648"/>
                                                  <Edge fillStyle0="4" fillStyle1="1" edges="! 468 648| 468 649| 466 650| 464 650| 424 654| 357 650[ 345 643 331 643"/>
                                                  <Edge fillStyle0="4" fillStyle1="8" edges="! 331 643| 320 642| 319 633"/>
                                                  <Edge fillStyle0="1" fillStyle1="8" edges="! 319 633| 331 643"/>
                                                  <Edge fillStyle0="3" fillStyle1="2" edges="! 474 482[ 466 506 460 506[ 452 506 451 501| 451 491[ 451 477 462 471[ 474 463 474 482"/>
                                                  <Edge fillStyle0="1" fillStyle1="3" edges="! 481 467[ 457 539 445 539[ 440 539 437 525| 437 514[ 448 480 458 459[ 481 417 481 467"/>
                                                  <Edge fillStyle0="13" fillStyle1="10" edges="! 595 382| 600 378"/>
                                                  <Edge fillStyle0="13" fillStyle1="2" edges="! 595 378| 595 382"/>
                                                  <Edge fillStyle0="10" fillStyle1="2" edges="! 595 382[ 585 385 577 391| 584 401| 594 402| 655 391| 686 393| 687 386| 672 379"/>
                                                  <Edge fillStyle0="10" fillStyle1="13" edges="! 672 379| 670 378"/>
                                                  <Edge fillStyle0="10" fillStyle1="11" edges="! 670 378| 669 378| 666 376"/>
                                                  <Edge fillStyle0="3" fillStyle1="2" edges="! 700 407[ 696 415 686 417| 646 417| 645 414| 600 414[ 557 414 557 396| 558 383"/>
                                                  <Edge fillStyle0="13" fillStyle1="11" edges="! 672 378| 670 378"/>
                                                  <Edge fillStyle0="2" fillStyle1="13" edges="! 672 378| 672 379"/>
                                                  <Edge fillStyle0="11" fillStyle1="1" edges="! 387 20| 387 24"/>
                                                  <Edge fillStyle0="11" fillStyle1="2" edges="! 387 24| 390 24| 390 20"/>
                                                  <Edge fillStyle0="1" fillStyle1="2" edges="! 385 92| 386 45| 387 24"/>
                                                  <Edge fillStyle0="7" fillStyle1="6" edges="! 226 118| 254 110[ 301 102 301 92[ 301 73 243 72[ 183 72 183 97| 183 101"/>
                                                  <Edge fillStyle0="6" fillStyle1="7" edges="! 224 162[ 210 162 210 143[ 210 125 224 125[ 240 125 240 143[ 240 162 224 162"/>
                                                  <Edge fillStyle0="8" fillStyle1="9" edges="! 228 227[ 247 223 284 227| 285 219| 248 219| 240 219| 228 227"/>
                                                  <Edge fillStyle0="9" fillStyle1="6" edges="! 214 171[ 196 171 196 150[ 196 118 241 123[ 286 123 286 144[ 286 171 214 171"/>
                                                  <Edge fillStyle0="2" fillStyle1="11" edges="! 135 15| 135 9"/>
                                                  <Edge fillStyle0="2" fillStyle1="3" edges="! 135 9[ 133 -14 113 -9[ 97 -9 93 6[ 88 10 88 20| 90 33"/>
                                                  <Edge fillStyle0="2" fillStyle1="13" edges="! 90 33| 93 33"/>
                                                  <Edge fillStyle0="2" fillStyle1="10" edges="! 93 33| 97 9[ 100 -1 107 -4[ 123 -6 123 33| 118 50| 110 56| 105 56[ 94 55 93 45| 93 38"/>
                                                  <Edge fillStyle0="2" fillStyle1="13" edges="! 93 38| 90 38"/>
                                                  <Edge fillStyle0="2" fillStyle1="3" edges="! 90 38| 88 45[ 88 53 93 61[ 88 72 88 92| 88 125| 94 143| 93 144"/>
                                                  <Edge fillStyle0="2" fillStyle1="10" edges="! 93 144| 100 142[ 113 140 113 157[ 113 176 101 176| 93 173"/>
                                                  <Edge fillStyle0="2" fillStyle1="3" edges="! 93 173[ 93 217 103 229[ 94 235 94 250[ 93 275 110 275[ 123 275 123 250[ 123 233 117 229[ 123 220 123 196| 123 184| 125 180| 129 165| 126 153| 119 147[ 126 133 129 105| 133 48| 131 30| 135 15"/>
                                                  <Edge fillStyle0="11" fillStyle1="3" edges="! 135 15| 136 15"/>
                                                  <Edge fillStyle0="11" fillStyle1="1" edges="! 136 15| 135 9"/>
                                                  <Edge fillStyle0="3" fillStyle1="1" edges="! 135 9[ 135 -46 110 -36[ 86 -25 86 15| 86 18| 84 72| 84 151| 86 162| 87 181[ 84 209 84 250[ 84 277 94 284[ 77 289 77 315[ 80 357 103 357[ 114 357 121 340| 127 315[ 127 295 114 289[ 125 280 129 254| 131 215| 130 189| 134 166| 136 101| 140 55| 136 15"/>
                                                  <Edge fillStyle0="2" fillStyle1="10" edges="! 107 86[ 94 86 97 72[ 97 58 105 58[ 117 58 117 71[ 117 86 107 86"/>
                                                  <Edge fillStyle0="13" fillStyle1="3" edges="! 90 33| 90 38"/>
                                                  <Edge fillStyle0="13" fillStyle1="10" edges="! 93 38| 93 33"/>
                                                  <Edge fillStyle0="10" fillStyle1="3" edges="! 93 144[ 88 150 88 159[ 87 168 93 173"/>
                                                  <Edge fillStyle0="2" fillStyle1="1" edges="! 97 376| 87 373| 77 376"/>
                                                  <Edge fillStyle0="2" fillStyle1="10" edges="! 148 388| 152 393| 152 396| 133 407| 91 406| 86 407[ 72 407 73 393[ 73 378 97 376"/>
                                                  <Edge fillStyle0="1" fillStyle1="10" edges="! 97 376| 117 373[ 138 373 140 383"/>
                                                  <Edge fillStyle0="1" fillStyle1="13" edges="! 140 383| 148 386"/>
                                                  <Edge fillStyle0="1" fillStyle1="2" edges="! 148 386| 152 379| 188 373| 224 378| 234 383| 264 370| 282 374| 286 368[ 294 361 312 357| 323 355| 315 376"/>
                                                  <Edge fillStyle0="1" fillStyle1="10" edges="! 315 376[ 309 390 309 405"/>
                                                  <Edge fillStyle0="2" fillStyle1="3" edges="! 75 526[ 77 549 84 556| 93 557| 103 547| 107 532[ 107 501 90 488| 84 488"/>
                                                  <Edge fillStyle0="2" fillStyle1="1" edges="! 84 488| 80 488[ 73 488 73 509| 75 526"/>
                                                  <Edge fillStyle0="3" fillStyle1="1" edges="! 75 526| 73 545| 73 547[ 71 586 77 603| 77 638[ 72 674 86 680| 93 680| 94 680[ 105 680 107 656| 107 627| 105 587| 110 535"/>
                                                  <Edge fillStyle0="3" fillStyle1="11" edges="! 110 535| 107 532| 110 532"/>
                                                  <Edge fillStyle0="3" fillStyle1="1" edges="! 110 532| 110 513[ 110 475 93 482| 84 488"/>
                                                  <Edge fillStyle0="13" fillStyle1="10" edges="! 140 383| 148 388"/>
                                                  <Edge fillStyle0="13" fillStyle1="2" edges="! 148 388| 148 386"/>
                                                  <Edge fillStyle0="10" fillStyle1="1" edges="! 348 330[ 335 339 331 351"/>
                                                  <Edge fillStyle0="10" fillStyle1="2" edges="! 331 351| 328 363| 328 370[ 329 382 339 382| 345 376"/>
                                                  <Edge fillStyle0="2" fillStyle1="10" edges="! 381 315[ 381 299 398 299[ 408 299 408 309[ 408 327 391 327[ 386 327 383 319| 381 315"/>
                                                  <Edge fillStyle0="1" fillStyle1="2" edges="! 348 330| 357 319| 360 319| 362 318"/>
                                                  <Edge fillStyle0="10" fillStyle1="2" edges="! 352 367| 365 337[ 365 315 348 330"/>
                                                  <Edge fillStyle0="10" fillStyle1="2" edges="! 315 376| 306 374[ 299 378 299 388[ 299 402 306 405"/>
                                                  <Edge fillStyle0="10" fillStyle1="2" edges="! 336 407[ 335 402 328 402[ 319 402 319 414| 319 417| 329 424| 332 421| 336 415"/>
                                                  <Edge fillStyle0="1" fillStyle1="2" edges="! 312 406| 314 398[ 316 373 331 351"/>
                                                  <Edge fillStyle0="1" fillStyle1="3" edges="! 345 475[ 364 496 364 526| 357 550[ 351 612 343 612[ 339 612 335 596| 332 579| 336 562| 335 556| 342 526[ 326 496 326 486[ 326 454 345 475"/>
                                                  <Edge fillStyle0="3" fillStyle1="2" edges="! 336 508[ 336 492 348 492[ 356 492 356 508[ 356 523 345 523[ 339 523 339 514| 336 508"/>
                                                  <Edge fillStyle0="8" fillStyle1="1" edges="! 359 592| 356 607| 364 607"/>
                                                  <Edge fillStyle0="4" fillStyle1="8" edges="! 291 610[ 291 654 301 663| 318 674| 247 674[ 237 683 211 683[ 192 683 180 675| 156 680[ 133 680 135 643[ 135 603 142 573| 138 532[ 138 485 213 485[ 288 485 288 529| 288 539| 301 553| 291 610"/>
                                                  <Edge fillStyle0="8" fillStyle1="9" edges="! 230 586[ 198 586 189 577| 178 579[ 162 579 157 566| 156 549[ 155 514 177 516| 180 519[ 190 508 218 508[ 263 508 263 534| 263 535[ 271 547 271 558[ 271 570 263 577| 230 586"/>
                                                  <Edge fillStyle0="3" fillStyle1="1" edges="! 386 610[ 348 612 348 627[ 348 642 381 642| 424 638[ 434 633 434 624| 424 612"/>
                                                  <Edge fillStyle0="1" fillStyle1="11" edges="! 110 532| 110 535"/>
                                                  <Edge fillStyle0="1" fillStyle1="3" edges="! 94 702| 100 698[ 110 698 110 714[ 110 729 101 729| 97 729[ 88 727 91 714[ 91 703 94 702"/>
                                                  <Edge fillStyle0="8" fillStyle1="9" edges="! 615 577[ 607 592 594 592[ 580 592 558 566| 557 566| 550 562| 549 558| 537 539[ 537 514 578 514[ 619 514 619 556| 615 577"/>
                                                  <Edge fillStyle0="4" fillStyle1="8" edges="! 642 612| 639 657[ 633 694 606 674| 482 674| 491 662| 493 618[ 496 586 492 572| 508 556| 523 539| 525 515[ 540 486 613 486[ 632 486 636 524| 638 562| 638 568| 642 612"/>
                                                  <Edge fillStyle0="1" fillStyle1="3" edges="! 679 523[ 680 505 685 498[ 685 475 697 475[ 708 475 708 498| 708 509[ 715 525 715 539| 700 662[ 715 665 715 683| 711 698| 702 703| 695 703| 685 694| 683 685| 683 680| 683 679[ 683 669 686 669| 679 638| 675 600| 679 523"/>
                                                  <Edge fillStyle0="8" fillStyle1="1" edges="! 470 643| 468 648"/>
                                                  <Edge fillStyle0="5" fillStyle1="4" edges="! 724 462| 723 580"/>
                                             </edges>
                                        </DOMShape>
                                   </elements>
                              </DOMFrame>
                         </frames>
                    </DOMLayer>
               </layers>
          </DOMTimeline>
     </timeline>
</DOMSymbolItem>
