<DOMSymbolItem xmlns="http://ns.adobe.com/xfl/2008/" xmlns:xsi="http://www.w3.org/2001/XMLSchema-instance" name="Symbol 1255" lastModified="1681431985" symbolType="graphic">
     <timeline>
          <DOMTimeline name="Symbol 1255" currentFrame="0">
               <layers>
                    <DOMLayer name="Layer 1">
                         <frames>
                              <DOMFrame index="0" motionTweenScale="false" keyMode="8192">
                                   <elements>
                                        <DOMShape isFloating="true">
                                             <fills>
                                                  <FillStyle index="1">
                                                       <SolidColor color="#000000" alpha="0.2"/>
                                                  </FillStyle>
                                             </fills>
                                             <strokes/>
                                             <edges>
                                                  <Edge fillStyle1="1" edges="! 908 106[ 947 163 942 222[ 936 284 897 339[ 836 425 720 423[ 672 423 668 247| 673 78[ 679 16 724 3[ 764 -9 820 22[ 873 53 908 106"/>
                                                  <Edge fillStyle1="1" edges="! 849 212[ 854 165 848 158[ 840 147 762 106| 758 212| 755 316[ 830 272 840 260[ 846 254 849 212"/>
                                                  <Edge fillStyle1="1" edges="! 612 125| 502 135| 504 167| 522 168[ 594 178 591 213[ 589 235 558 248| 509 259| 508 310[ 585 296 616 320[ 637 334 635 358[ 632 385 612 397[ 581 415 492 414[ 397 413 397 352[ 417 280 416 258| 408 174[ 404 124 407 92[ 410 59 434 52[ 462 33 532 35[ 647 40 643 87[ 640 116 612 125"/>
                                                  <Edge fillStyle1="1" edges="! 275 149| 238 202[ 217 232 179 231[ 158 231 132 211| 98 184[ 93 241 96 352| 83 393[ 68 421 47 421[ 2 420 0 238| 7 53| 15 28[ 30 5 59 5[ 90 6 127 52| 182 115[ 252 39 300 15[ 380 -26 380 93[ 373 169 375 333[ 373 351 363 365[ 348 386 321 386[ 261 385 261 292| 277 153| 275 149"/>
                                             </edges>
                                        </DOMShape>
                                   </elements>
                              </DOMFrame>
                         </frames>
                    </DOMLayer>
               </layers>
          </DOMTimeline>
     </timeline>
</DOMSymbolItem>
