<DOMSymbolItem xmlns="http://ns.adobe.com/xfl/2008/" xmlns:xsi="http://www.w3.org/2001/XMLSchema-instance" name="Symbol 1537" lastModified="1681431985" symbolType="graphic">
     <timeline>
          <DOMTimeline name="Symbol 1537" currentFrame="0">
               <layers>
                    <DOMLayer name="Layer 1">
                         <frames>
                              <DOMFrame index="0" motionTweenScale="false" keyMode="8192">
                                   <elements>
                                        <DOMShape isFloating="true">
                                             <fills>
                                                  <FillStyle index="1">
                                                       <SolidColor color="#000000" alpha="1.0"/>
                                                  </FillStyle>
                                                  <FillStyle index="2">
                                                       <SolidColor color="#cc9999" alpha="1.0"/>
                                                  </FillStyle>
                                             </fills>
                                             <strokes>
                                                  <StrokeStyle index="1">
                                                       <SolidStroke weight="2.0" scaleMode="normal">
                                                            <fill>
                                                                 <SolidColor color="#000000"/>
                                                            </fill>
                                                       </SolidStroke>
                                                  </StrokeStyle>
                                             </strokes>
                                             <edges>
                                                  <Edge fillStyle1="1" strokeStyle="1" edges="! 511 247| 543 292[ 553 305 577 380[ 602 456 602 473[ 602 504 589 527[ 579 547 561 556[ 580 593 580 643[ 580 702 464 702| 435 699| 429 702[ 394 716 319 716[ 278 716 255 698[ 239 686 239 675[ 239 591 267 526[ 239 541 204 541[ 163 541 152 512| 147 482[ 147 399 172 349[ 190 312 227 282[ 239 260 287 235| 294 232[ 308 219 340 207[ 404 182 458 201| 511 247"/>
                                                  <Edge fillStyle0="2" fillStyle1="1" strokeStyle="0" edges="! 406 236[ 388 236 344 250| 338 253[ 313 264 294 276| 268 297| 267 299| 254 313[ 189 391 189 445[ 189 500 203 500[ 256 500 299 421[ 342 342 359 342[ 372 342 372 357[ 346 450 304 496| 307 543| 287 652[ 287 672 382 672[ 413 672 416 609[ 417 589 423 575| 397 569| 376 560[ 386 543 423 545| 450 549| 464 546| 504 539| 527 532[ 567 522 567 497[ 567 455 529 362[ 477 236 406 236"/>
                                                  <Edge fillStyle0="2" fillStyle1="1" strokeStyle="0" edges="! 519 565| 514 565| 497 573| 453 585| 453 660| 463 660| 511 657| 539 647[ 529 591 529 572| 529 565| 519 565"/>
                                             </edges>
                                        </DOMShape>
                                   </elements>
                              </DOMFrame>
                         </frames>
                    </DOMLayer>
               </layers>
          </DOMTimeline>
     </timeline>
</DOMSymbolItem>
