<DOMSymbolItem xmlns="http://ns.adobe.com/xfl/2008/" xmlns:xsi="http://www.w3.org/2001/XMLSchema-instance" name="Symbol 2219" lastModified="1681431985">
     <timeline>
          <DOMTimeline name="Symbol 2219">
               <layers>
                    <DOMLayer name="Script Layer" color="#b64190">
                         <frames>
                              <DOMFrame index="0" keyMode="9728">
                                   <Actionscript>
                                        <script>stop();
</script>
                                   </Actionscript>
                                   <elements/>
                              </DOMFrame>
                         </frames>
                    </DOMLayer>
                    <DOMLayer name="Layer 2" color="#d5d2ed" current="true" isSelected="true">
                         <frames>
                              <DOMFrame index="0" keyMode="9728">
                                   <elements>
                                        <DOMSymbolInstance libraryItemName="Symbol 2215" symbolType="graphic" loop="loop">
                                             <matrix>
                                                  <Matrix tx="0.85" ty="-28.2" a="0.73187255859375" d="1.2432403564453125"/>
                                             </matrix>
                                             <transformationPoint>
                                                  <Point/>
                                             </transformationPoint>
                                        </DOMSymbolInstance>
                                   </elements>
                              </DOMFrame>
                              <DOMFrame index="1" keyMode="9728">
                                   <elements>
                                        <DOMShape isFloating="true">
                                             <fills>
                                                  <FillStyle index="1">
                                                       <SolidColor color="#000000"/>
                                                  </FillStyle>
                                             </fills>
                                             <strokes/>
                                             <edges>
                                                  <Edge fillStyle1="1" edges="! 54 -66[ 54 -113 203 -83[ 282 -68 394 -34| 577 14[ 659 37 694 52| 698 53[ 740 68 740 90| 735 102[ 729 109 721 109[ 692 109 672 90[ 612 87 496 52| 340 3| 182 -23[ 54 -46 54 -66"/>
                                             </edges>
                                        </DOMShape>
                                   </elements>
                              </DOMFrame>
                              <DOMFrame index="2" keyMode="9728">
                                   <elements>
                                        <DOMShape isFloating="true">
                                             <fills>
                                                  <FillStyle index="1">
                                                       <SolidColor color="#000000"/>
                                                  </FillStyle>
                                             </fills>
                                             <strokes/>
                                             <edges>
                                                  <Edge fillStyle1="1" edges="! 680 60[ 646 64 515 64| 291 66| 88 78| 16 81[ -17 81 -17 45[ -17 15 48 9[ 98 4 291 7| 414 8| 664 12[ 720 15 720 36[ 720 55 680 60"/>
                                             </edges>
                                        </DOMShape>
                                   </elements>
                              </DOMFrame>
                              <DOMFrame index="3" keyMode="9728">
                                   <elements>
                                        <DOMShape isFloating="true">
                                             <fills>
                                                  <FillStyle index="1">
                                                       <SolidColor color="#000000"/>
                                                  </FillStyle>
                                             </fills>
                                             <strokes/>
                                             <edges>
                                                  <Edge fillStyle1="1" edges="! 420 118[ 420 162 414 177[ 393 228 315 228[ 225 228 190 201| 173 172| 173 170[ 166 164 166 149| 167 103| 166 98| 163 83| 143 83[ 99 83 53 65[ 8 48 8 33[ 8 -9 110 15| 184 37[ 213 24 281 26| 304 28| 322 27| 343 26[ 370 28 388 40| 538 13[ 729 -13 729 19[ 729 44 622 65| 417 86| 420 118"/>
                                             </edges>
                                        </DOMShape>
                                   </elements>
                              </DOMFrame>
                         </frames>
                    </DOMLayer>
               </layers>
          </DOMTimeline>
     </timeline>
</DOMSymbolItem>
