<DOMSymbolItem xmlns="http://ns.adobe.com/xfl/2008/" xmlns:xsi="http://www.w3.org/2001/XMLSchema-instance" name="Symbol 2121" lastModified="1681431985" symbolType="graphic">
     <timeline>
          <DOMTimeline name="Symbol 2121" currentFrame="0">
               <layers>
                    <DOMLayer name="Layer 1">
                         <frames>
                              <DOMFrame index="0" motionTweenScale="false" keyMode="8192">
                                   <elements>
                                        <DOMShape isFloating="true">
                                             <fills>
                                                  <FillStyle index="1">
                                                       <SolidColor color="#410101" alpha="0.4"/>
                                                  </FillStyle>
                                             </fills>
                                             <strokes/>
                                             <edges>
                                                  <Edge fillStyle0="0" fillStyle1="0" strokeStyle="0" edges="! 0 0"/>
                                                  <Edge fillStyle0="0" fillStyle1="1" strokeStyle="0" edges="! 660 201[ 650 201 648 195| 648 190[ 648 178 660 178[ 672 178 672 191[ 672 201 660 201"/>
                                                  <Edge fillStyle0="0" fillStyle1="1" strokeStyle="0" edges="! 415 226[ 408 235 396 235[ 381 235 375 223| 372 211[ 372 184 397 187[ 421 189 421 211| 415 226"/>
                                                  <Edge fillStyle0="0" fillStyle1="1" strokeStyle="0" edges="! 463 276[ 463 292 448 292[ 440 292 437 285| 435 277[ 435 262 449 262[ 463 262 463 276"/>
                                                  <Edge fillStyle0="0" fillStyle1="1" strokeStyle="0" edges="! 699 309[ 672 309 672 288[ 672 263 698 262[ 724 262 724 284[ 724 309 699 309"/>
                                                  <Edge fillStyle0="0" fillStyle1="1" strokeStyle="0" edges="! 279 187| 277 180[ 277 156 296 159[ 315 161 315 177[ 315 193 295 193[ 282 193 279 187"/>
                                                  <Edge fillStyle0="0" fillStyle1="1" strokeStyle="0" edges="! 105 207[ 93 207 93 193[ 93 178 107 180[ 120 181 120 191[ 120 207 105 207"/>
                                                  <Edge fillStyle0="0" fillStyle1="1" strokeStyle="0" edges="! 131 297[ 118 297 114 290| 111 282[ 111 266 131 262[ 151 257 151 278[ 151 297 131 297"/>
                                                  <Edge fillStyle0="0" fillStyle1="1" strokeStyle="0" edges="! 300 281[ 300 310 269 310[ 235 310 235 282[ 235 273 241 265[ 251 253 271 253[ 300 253 300 281"/>
                                             </edges>
                                        </DOMShape>
                                   </elements>
                              </DOMFrame>
                         </frames>
                    </DOMLayer>
                    <DOMLayer name="Layer 2">
                         <frames>
                              <DOMFrame index="0" motionTweenScale="false" keyMode="8192">
                                   <elements>
                                        <DOMShape isFloating="true">
                                             <fills>
                                                  <FillStyle index="1">
                                                       <SolidColor color="#201d1d" alpha="1.0"/>
                                                  </FillStyle>
                                                  <FillStyle index="2">
                                                       <SolidColor color="#990000" alpha="1.0"/>
                                                  </FillStyle>
                                                  <FillStyle index="3">
                                                       <SolidColor color="#690000" alpha="1.0"/>
                                                  </FillStyle>
                                             </fills>
                                             <strokes/>
                                             <edges>
                                                  <Edge fillStyle1="1" edges="! 6 139[ 0 133 0 124| 6 79| 3 35[ 3 5 65 5| 192 0| 385 5| 621 6| 711 6[ 744 3 753 36| 756 81| 755 116| 743 138"/>
                                                  <Edge fillStyle1="2" edges="! 743 138| 744 144| 744 222"/>
                                                  <Edge fillStyle1="3" edges="! 744 222| 744 321[ 745 345 721 345| 639 342| 400 342| 371 337| 232 352| 97 352| 72 354[ 12 354 0 331| 0 242"/>
                                                  <Edge fillStyle1="2" edges="! 0 242| 0 144| 6 139"/>
                                                  <Edge fillStyle0="1" fillStyle1="2" edges="! 6 139| 8 141| 51 142| 214 142[ 259 130 343 139| 489 151| 638 138| 665 142| 718 145[ 734 145 743 138"/>
                                                  <Edge fillStyle0="2" fillStyle1="3" edges="! 0 242[ 0 235 8 230| 21 225| 117 240| 179 232| 241 223[ 286 223 317 235[ 347 247 370 247| 462 232| 561 216| 625 223| 640 229| 696 221| 729 213| 739 217| 742 222| 744 222"/>
                                             </edges>
                                        </DOMShape>
                                   </elements>
                              </DOMFrame>
                         </frames>
                    </DOMLayer>
               </layers>
          </DOMTimeline>
     </timeline>
</DOMSymbolItem>
