<DOMSymbolItem xmlns="http://ns.adobe.com/xfl/2008/" xmlns:xsi="http://www.w3.org/2001/XMLSchema-instance" name="Symbol 1965" lastModified="1681431985" symbolType="graphic">
     <timeline>
          <DOMTimeline name="Symbol 1965" currentFrame="0">
               <layers>
                    <DOMLayer name="Layer 1">
                         <frames>
                              <DOMFrame index="0" motionTweenScale="false" keyMode="8192">
                                   <elements>
                                        <DOMShape isFloating="true">
                                             <fills>
                                                  <FillStyle index="1">
                                                       <SolidColor color="#6a6a6a" alpha="0.3019608"/>
                                                  </FillStyle>
                                             </fills>
                                             <strokes/>
                                             <edges>
                                                  <Edge fillStyle1="1" edges="! 387 -48| 483 -59[ 554 -48 608 -17| 694 36[ 741 62 767 93| 801 156[ 857 255 852 370[ 848 450 736 545[ 642 625 576 641[ 271 715 67 623[ -52 569 -101 483[ -135 421 -133 309[ -130 190 -79 177| -76 175| -73 174[ -42 151 -27 178| -15 238[ -3 301 15 332[ 122 521 437 447[ 559 419 584 340[ 604 289 584 255| 582 251| 580 283[ 563 356 441 385[ 349 407 262 357[ 194 318 164 262[ 142 224 138 196[ 132 162 146 121[ 169 62 194 36[ 201 29 221 19| 279 -16[ 300 -34 387 -48"/>
                                             </edges>
                                        </DOMShape>
                                   </elements>
                              </DOMFrame>
                         </frames>
                    </DOMLayer>
               </layers>
          </DOMTimeline>
     </timeline>
</DOMSymbolItem>
