<DOMSymbolItem xmlns="http://ns.adobe.com/xfl/2008/" xmlns:xsi="http://www.w3.org/2001/XMLSchema-instance" name="Symbol 1914" lastModified="1681431985">
     <timeline>
          <DOMTimeline name="Symbol 1914">
               <layers>
                    <DOMLayer name="Script Layer" color="#966fbf">
                         <frames>
                              <DOMFrame index="0" duration="34" keyMode="9728">
                                   <elements/>
                              </DOMFrame>
                              <DOMFrame index="34" keyMode="9728">
                                   <Actionscript>
                                        <script>_parent.gotoAndStop(1);
</script>
                                   </Actionscript>
                                   <elements/>
                              </DOMFrame>
                         </frames>
                    </DOMLayer>
                    <DOMLayer name="Layer 2" color="#d439d1">
                         <frames>
                              <DOMFrame index="0" duration="7" keyMode="9728">
                                   <elements/>
                              </DOMFrame>
                              <DOMFrame index="7" duration="2" keyMode="9728">
                                   <elements>
                                        <DOMSymbolInstance libraryItemName="Symbol 1896" name="p" centerPoint3DX="20.5" centerPoint3DY="-33.25">
                                             <matrix>
                                                  <Matrix tx="7.9" ty="-54.1" a="0.3395843505859375" d="2.4173583984375"/>
                                             </matrix>
                                             <transformationPoint>
                                                  <Point/>
                                             </transformationPoint>
                                        </DOMSymbolInstance>
                                   </elements>
                              </DOMFrame>
                              <DOMFrame index="9" duration="2" keyMode="9728">
                                   <elements>
                                        <DOMSymbolInstance libraryItemName="Symbol 1896" name="p" centerPoint3DX="8.6" centerPoint3DY="-41.6">
                                             <matrix>
                                                  <Matrix tx="-4.0" ty="-62.45" a="1.3355560302734375" d="0.77777099609375"/>
                                             </matrix>
                                             <transformationPoint>
                                                  <Point/>
                                             </transformationPoint>
                                        </DOMSymbolInstance>
                                   </elements>
                              </DOMFrame>
                              <DOMFrame index="11" duration="2" keyMode="9728">
                                   <elements>
                                        <DOMSymbolInstance libraryItemName="Symbol 1896" name="p" centerPoint3DX="14.1" centerPoint3DY="-42.3">
                                             <matrix>
                                                  <Matrix tx="1.5" ty="-63.15" a="0.874481201171875" d="1.15789794921875"/>
                                             </matrix>
                                             <transformationPoint>
                                                  <Point/>
                                             </transformationPoint>
                                        </DOMSymbolInstance>
                                   </elements>
                              </DOMFrame>
                              <DOMFrame index="13" duration="3" keyMode="9728">
                                   <elements>
                                        <DOMSymbolInstance libraryItemName="Symbol 1896" name="p" centerPoint3DX="12.6" centerPoint3DY="-42.45">
                                             <matrix>
                                                  <Matrix tx="0.0" ty="-63.3"/>
                                             </matrix>
                                             <transformationPoint>
                                                  <Point/>
                                             </transformationPoint>
                                        </DOMSymbolInstance>
                                   </elements>
                              </DOMFrame>
                              <DOMFrame index="16" duration="3" keyMode="9728">
                                   <elements>
                                        <DOMSymbolInstance libraryItemName="Symbol 1896" name="p" centerPoint3DX="12.7" centerPoint3DY="-41.05">
                                             <matrix>
                                                  <Matrix tx="0.1" ty="-61.9" a="0.999053955078125" d="0.999053955078125" b="0.01287841796875" c="-0.01287841796875"/>
                                             </matrix>
                                             <transformationPoint>
                                                  <Point/>
                                             </transformationPoint>
                                        </DOMSymbolInstance>
                                   </elements>
                              </DOMFrame>
                              <DOMFrame index="19" duration="4" keyMode="9728">
                                   <elements>
                                        <DOMSymbolInstance libraryItemName="Symbol 1896" name="p" centerPoint3DX="13.65" centerPoint3DY="-37.65">
                                             <matrix>
                                                  <Matrix tx="1.05" ty="-58.5" a="0.907562255859375" d="1.1569061279296875" b="-0.0030364990234375" c="0.0038604736328125"/>
                                             </matrix>
                                             <transformationPoint>
                                                  <Point/>
                                             </transformationPoint>
                                        </DOMSymbolInstance>
                                   </elements>
                              </DOMFrame>
                              <DOMFrame index="23" duration="2" keyMode="9728">
                                   <elements>
                                        <DOMSymbolInstance libraryItemName="Symbol 1896" name="p" centerPoint3DX="17.05" centerPoint3DY="-29.05">
                                             <matrix>
                                                  <Matrix tx="4.45" ty="-49.9" a="0.612945556640625" d="1.67498779296875" b="-0.078155517578125" c="0.02471923828125"/>
                                             </matrix>
                                             <transformationPoint>
                                                  <Point/>
                                             </transformationPoint>
                                        </DOMSymbolInstance>
                                   </elements>
                              </DOMFrame>
                              <DOMFrame index="25" duration="2" keyMode="9728">
                                   <elements>
                                        <DOMSymbolInstance libraryItemName="Symbol 1896" name="p" centerPoint3DX="3.75" centerPoint3DY="17.2">
                                             <matrix>
                                                  <Matrix tx="-8.85" ty="-3.65" a="1.7405853271484375" d="0.549713134765625"/>
                                             </matrix>
                                             <transformationPoint>
                                                  <Point/>
                                             </transformationPoint>
                                        </DOMSymbolInstance>
                                   </elements>
                              </DOMFrame>
                              <DOMFrame index="27" duration="2" keyMode="9728">
                                   <elements>
                                        <DOMSymbolInstance libraryItemName="Symbol 1896" name="p" centerPoint3DX="14.5" centerPoint3DY="-2.35">
                                             <matrix>
                                                  <Matrix tx="1.9" ty="-23.2" a="0.7667083740234375" d="1.22308349609375" b="-0.031951904296875" c="0.0"/>
                                             </matrix>
                                             <transformationPoint>
                                                  <Point/>
                                             </transformationPoint>
                                        </DOMSymbolInstance>
                                   </elements>
                              </DOMFrame>
                              <DOMFrame index="29" duration="2" keyMode="9728">
                                   <elements>
                                        <DOMSymbolInstance libraryItemName="Symbol 1896" name="p" centerPoint3DX="14.1" centerPoint3DY="1.7">
                                             <matrix>
                                                  <Matrix tx="1.5" ty="-19.15" a="0.874481201171875" d="1.0994110107421875"/>
                                             </matrix>
                                             <transformationPoint>
                                                  <Point/>
                                             </transformationPoint>
                                        </DOMSymbolInstance>
                                   </elements>
                              </DOMFrame>
                              <DOMFrame index="31" duration="4" keyMode="9728">
                                   <elements>
                                        <DOMSymbolInstance libraryItemName="Symbol 1896" name="p" centerPoint3DX="12.6" centerPoint3DY="2.85">
                                             <matrix>
                                                  <Matrix tx="0.0" ty="-18.0"/>
                                             </matrix>
                                             <transformationPoint>
                                                  <Point/>
                                             </transformationPoint>
                                        </DOMSymbolInstance>
                                   </elements>
                              </DOMFrame>
                         </frames>
                    </DOMLayer>
                    <DOMLayer name="Layer 3" color="#b228bd" current="true" isSelected="true">
                         <frames>
                              <DOMFrame index="0" duration="5" keyMode="9728">
                                   <elements/>
                              </DOMFrame>
                              <DOMFrame index="5" duration="2" keyMode="9728">
                                   <elements>
                                        <DOMSymbolInstance libraryItemName="Symbol 336" name="sh" centerPoint3DX="19.75" centerPoint3DY="14.15">
                                             <matrix>
                                                  <Matrix tx="11.45" ty="10.85" a="0.32525634765625" d="1.2747039794921875" b="0.0073394775390625" c="0.0051727294921875"/>
                                             </matrix>
                                             <transformationPoint>
                                                  <Point/>
                                             </transformationPoint>
                                        </DOMSymbolInstance>
                                   </elements>
                              </DOMFrame>
                              <DOMFrame index="7" duration="2" keyMode="9728">
                                   <elements>
                                        <DOMSymbolInstance libraryItemName="Symbol 336" name="sh" centerPoint3DX="19.75" centerPoint3DY="14.15">
                                             <matrix>
                                                  <Matrix tx="11.45" ty="10.85" a="0.6066436767578125" d="1.2747039794921875" b="0.013702392578125" c="0.0051727294921875"/>
                                             </matrix>
                                             <transformationPoint>
                                                  <Point/>
                                             </transformationPoint>
                                        </DOMSymbolInstance>
                                   </elements>
                              </DOMFrame>
                              <DOMFrame index="9" duration="2" keyMode="9728">
                                   <elements>
                                        <DOMSymbolInstance libraryItemName="Symbol 336" name="sh" centerPoint3DX="19.75" centerPoint3DY="14.15">
                                             <matrix>
                                                  <Matrix tx="11.45" ty="10.85" a="2.3350067138671875" d="1.2747039794921875" b="0.0527496337890625" c="0.0051727294921875"/>
                                             </matrix>
                                             <transformationPoint>
                                                  <Point/>
                                             </transformationPoint>
                                        </DOMSymbolInstance>
                                   </elements>
                              </DOMFrame>
                              <DOMFrame index="11" duration="10" keyMode="9728">
                                   <elements>
                                        <DOMSymbolInstance libraryItemName="Symbol 336" name="sh" centerPoint3DX="19.75" centerPoint3DY="14.15">
                                             <matrix>
                                                  <Matrix tx="11.45" ty="10.85" a="1.900054931640625" d="1.2747039794921875" b="0.0429229736328125" c="0.0051727294921875"/>
                                             </matrix>
                                             <transformationPoint>
                                                  <Point/>
                                             </transformationPoint>
                                        </DOMSymbolInstance>
                                   </elements>
                              </DOMFrame>
                              <DOMFrame index="21" duration="2" keyMode="9728">
                                   <elements>
                                        <DOMSymbolInstance libraryItemName="Symbol 336" name="sh" centerPoint3DX="19.75" centerPoint3DY="14.15">
                                             <matrix>
                                                  <Matrix tx="11.45" ty="10.85" a="1.7054443359375" d="1.2747039794921875" b="0.0385284423828125" c="0.0051727294921875"/>
                                             </matrix>
                                             <transformationPoint>
                                                  <Point/>
                                             </transformationPoint>
                                        </DOMSymbolInstance>
                                   </elements>
                              </DOMFrame>
                              <DOMFrame index="23" duration="2" keyMode="9728">
                                   <elements>
                                        <DOMSymbolInstance libraryItemName="Symbol 336" name="sh" centerPoint3DX="19.75" centerPoint3DY="14.15">
                                             <matrix>
                                                  <Matrix tx="11.45" ty="10.85" a="1.0518646240234375" d="1.2747039794921875" b="0.0237579345703125" c="0.0051727294921875"/>
                                             </matrix>
                                             <transformationPoint>
                                                  <Point/>
                                             </transformationPoint>
                                        </DOMSymbolInstance>
                                   </elements>
                              </DOMFrame>
                              <DOMFrame index="25" duration="2" keyMode="9728">
                                   <elements>
                                        <DOMSymbolInstance libraryItemName="Symbol 336" name="sh" centerPoint3DX="21.1" centerPoint3DY="14.6">
                                             <matrix>
                                                  <Matrix tx="12.8" ty="11.3" a="2.3549652099609375" d="1.4311370849609375" b="-0.1866912841796875" c="0.85302734375"/>
                                             </matrix>
                                             <transformationPoint>
                                                  <Point/>
                                             </transformationPoint>
                                        </DOMSymbolInstance>
                                   </elements>
                              </DOMFrame>
                              <DOMFrame index="27" duration="2" keyMode="9728">
                                   <elements>
                                        <DOMSymbolInstance libraryItemName="Symbol 336" name="sh" centerPoint3DX="18.95" centerPoint3DY="12.85">
                                             <matrix>
                                                  <Matrix tx="10.65" ty="9.55" a="1.173614501953125" d="1.7538909912109375" b="0.0455169677734375" c="-0.0841827392578125"/>
                                             </matrix>
                                             <transformationPoint>
                                                  <Point/>
                                             </transformationPoint>
                                        </DOMSymbolInstance>
                                   </elements>
                              </DOMFrame>
                              <DOMFrame index="29" duration="6" keyMode="9728">
                                   <elements>
                                        <DOMSymbolInstance libraryItemName="Symbol 336" name="sh" centerPoint3DX="19.75" centerPoint3DY="14.15">
                                             <matrix>
                                                  <Matrix tx="11.45" ty="10.85" a="1.430694580078125" d="1.635498046875" b="-0.3184661865234375" c="1.31561279296875"/>
                                             </matrix>
                                             <transformationPoint>
                                                  <Point/>
                                             </transformationPoint>
                                        </DOMSymbolInstance>
                                   </elements>
                              </DOMFrame>
                         </frames>
                    </DOMLayer>
               </layers>
          </DOMTimeline>
     </timeline>
</DOMSymbolItem>
