<DOMSymbolItem xmlns="http://ns.adobe.com/xfl/2008/" xmlns:xsi="http://www.w3.org/2001/XMLSchema-instance" name="Symbol 1962" lastModified="1681431985" symbolType="graphic">
     <timeline>
          <DOMTimeline name="Symbol 1962" currentFrame="0">
               <layers>
                    <DOMLayer name="Layer 1">
                         <frames>
                              <DOMFrame index="0" motionTweenScale="false" keyMode="8192">
                                   <elements>
                                        <DOMShape isFloating="true">
                                             <fills>
                                                  <FillStyle index="1">
                                                       <SolidColor color="#6a6a6a" alpha="0.3019608"/>
                                                  </FillStyle>
                                             </fills>
                                             <strokes/>
                                             <edges>
                                                  <Edge fillStyle1="1" edges="! 624 -22[ 710 10 751 82| 807 186[ 823 230 825 316[ 825 374 776 452[ 707 569 574 600| 468 625| 434 636| 381 640| 359 644| 285 637| 287 627| 259 620[ 162 596 126 575[ 97 560 55 518[ 17 479 -1 448[ -14 426 -27 371[ -42 315 -37 301[ -28 261 46 194[ 125 127 151 171| 147 205[ 142 236 157 260[ 171 287 205 310[ 263 352 340 334[ 416 317 417 253[ 417 221 402 191[ 386 189 366 170| 339 139[ 302 73 342 24[ 380 -22 463 -36[ 546 -50 624 -22"/>
                                             </edges>
                                        </DOMShape>
                                   </elements>
                              </DOMFrame>
                         </frames>
                    </DOMLayer>
               </layers>
          </DOMTimeline>
     </timeline>
</DOMSymbolItem>
