<DOMSymbolItem xmlns="http://ns.adobe.com/xfl/2008/" xmlns:xsi="http://www.w3.org/2001/XMLSchema-instance" name="Symbol 1244" lastModified="1681431985" symbolType="graphic">
     <timeline>
          <DOMTimeline name="Symbol 1244" currentFrame="0">
               <layers>
                    <DOMLayer name="Layer 1">
                         <frames>
                              <DOMFrame index="0" motionTweenScale="false" keyMode="8192">
                                   <elements>
                                        <DOMShape isFloating="true">
                                             <fills>
                                                  <FillStyle index="1">
                                                       <SolidColor color="#000000" alpha="0.5019608"/>
                                                  </FillStyle>
                                             </fills>
                                             <strokes/>
                                             <edges>
                                                  <Edge fillStyle1="1" edges="! 663 -5[ 707 15 707 25[ 707 83 534 81| 534 144| 537 152| 574 145[ 682 128 682 190[ 682 231 647 249[ 620 264 569 269| 570 280| 575 392[ 575 417 557 434[ 539 450 513 450[ 456 450 435 307[ 425 236 426 162[ 426 -27 567 -26[ 613 -26 663 -5"/>
                                                  <Edge fillStyle1="1" edges="! 1013 -14[ 1013 13 983 30[ 950 50 864 65| 868 113| 883 110[ 988 89 988 163[ 988 194 953 212[ 924 227 880 232| 889 366[ 889 395 864 410[ 845 422 827 422[ 781 422 765 367[ 757 341 757 305| 759 76[ 745 -31 878 -51| 970 -47[ 1013 -36 1013 -14"/>
                                                  <Edge fillStyle0="1" fillStyle1="0" edges="! 23 105[ -41 182 -34 295[ -31 343 10 389[ 70 458 191 456[ 309 454 369 386[ 407 342 406 312[ 396 164 322 87[ 258 18 168 27[ 81 35 23 105"/>
                                                  <Edge fillStyle0="1" fillStyle1="0" edges="! 77 248[ 72 169 177 146[ 283 122 288 208| 289 278[ 265 337 138 340[ 105 341 88 296[ 78 271 77 248"/>
                                             </edges>
                                        </DOMShape>
                                   </elements>
                              </DOMFrame>
                         </frames>
                    </DOMLayer>
               </layers>
          </DOMTimeline>
     </timeline>
</DOMSymbolItem>
