<DOMSymbolItem xmlns="http://ns.adobe.com/xfl/2008/" xmlns:xsi="http://www.w3.org/2001/XMLSchema-instance" name="Symbol 1305" lastModified="1681431985" symbolType="graphic">
     <timeline>
          <DOMTimeline name="Symbol 1305" currentFrame="0">
               <layers>
                    <DOMLayer name="Layer 1">
                         <frames>
                              <DOMFrame index="0" motionTweenScale="false" keyMode="8192">
                                   <elements>
                                        <DOMShape isFloating="true">
                                             <fills>
                                                  <FillStyle index="1">
                                                       <SolidColor color="#878484" alpha="0.9098039"/>
                                                  </FillStyle>
                                             </fills>
                                             <strokes>
                                                  <StrokeStyle index="1">
                                                       <SolidStroke weight="1.0" scaleMode="normal">
                                                            <fill>
                                                                 <SolidColor color="#000000"/>
                                                            </fill>
                                                       </SolidStroke>
                                                  </StrokeStyle>
                                             </strokes>
                                             <edges>
                                                  <Edge fillStyle1="1" strokeStyle="1" edges="! 326 665| -20 665| -20 -53| 1375 -53| 1375 665| 439 665"/>
                                                  <Edge fillStyle1="1" strokeStyle="0" edges="! 439 665| 434 675[ 416 707 379 707[ 349 707 326 665"/>
                                                  <Edge fillStyle0="1" fillStyle1="1" strokeStyle="1" edges="! 326 665| 439 665"/>
                                             </edges>
                                        </DOMShape>
                                   </elements>
                              </DOMFrame>
                         </frames>
                    </DOMLayer>
               </layers>
          </DOMTimeline>
     </timeline>
</DOMSymbolItem>
