<DOMSymbolItem xmlns="http://ns.adobe.com/xfl/2008/" xmlns:xsi="http://www.w3.org/2001/XMLSchema-instance" name="Symbol 1793" lastModified="1681431985">
     <timeline>
          <DOMTimeline name="Symbol 1793">
               <layers>
                    <DOMLayer name="Layer 1" color="#3667e9" current="true" isSelected="true">
                         <frames>
                              <DOMFrame index="0" keyMode="9728">
                                   <elements>
                                        <DOMShape isFloating="true">
                                             <fills>
                                                  <FillStyle index="1">
                                                       <SolidColor color="#c6a8a8"/>
                                                  </FillStyle>
                                                  <FillStyle index="2">
                                                       <SolidColor color="#000000"/>
                                                  </FillStyle>
                                                  <FillStyle index="3">
                                                       <SolidColor color="#b58e8e"/>
                                                  </FillStyle>
                                                  <FillStyle index="4">
                                                       <SolidColor color="#ffffff"/>
                                                  </FillStyle>
                                                  <FillStyle index="5">
                                                       <SolidColor color="#ca7979"/>
                                                  </FillStyle>
                                                  <FillStyle index="6">
                                                       <SolidColor color="#714a4a"/>
                                                  </FillStyle>
                                             </fills>
                                             <strokes/>
                                             <edges>
                                                  <Edge fillStyle0="2" fillStyle1="3" edges="! 418 91| 445 115[ 472 144 480 180| 476 180| 476 183"/>
                                                  <Edge fillStyle0="2" fillStyle1="1" edges="! 476 183| 476 185| 482 194| 483 198"/>
                                                  <Edge fillStyle0="2" fillStyle1="3" edges="! 483 198| 483 209[ 483 269 451 329[ 394 437 259 437[ 142 437 84 358[ 62 329 52 299"/>
                                                  <Edge fillStyle0="2" fillStyle1="1" edges="! 52 299| 50 292| 45 263| 45 262| 45 260| 45 257| 45 255| 45 253| 45 248[ 46 188 77 139[ 123 66 220 45| 298 47[ 362 57 405 83| 418 91"/>
                                                  <Edge fillStyle0="3" fillStyle1="1" edges="! 418 91| 401 113[ 380 131 348 129[ 327 127 306 142[ 283 158 257 158| 214 150| 201 141| 180 134"/>
                                                  <Edge fillStyle0="3" fillStyle1="2" edges="! 180 134| 180 145| 174 170| 166 180| 150 178"/>
                                                  <Edge fillStyle0="3" fillStyle1="1" edges="! 150 178| 164 180| 166 184[ 166 192 147 195| 99 201"/>
                                                  <Edge fillStyle0="3" fillStyle1="2" edges="! 99 201| 130 207| 171 214| 269 220| 288 219| 335 219| 426 211| 458 211| 466 210| 470 209[ 479 209 479 221[ 479 260 448 307| 428 328| 417 333"/>
                                                  <Edge fillStyle0="3" fillStyle1="1" edges="! 417 333| 428 329| 420 336| 397 344[ 380 344 361 355"/>
                                                  <Edge fillStyle0="3" fillStyle1="2" edges="! 361 355| 369 353| 384 348| 400 348| 401 352| 400 355| 376 357| 367 365| 352 377| 337 386| 313 391| 271 391[ 239 387 221 374| 220 372| 223 370| 242 376| 274 381[ 329 381 344 367| 350 361"/>
                                                  <Edge fillStyle0="3" fillStyle1="1" edges="! 350 361| 315 377| 272 377| 220 365[ 196 363 177 353| 143 336| 143 331| 146 331"/>
                                                  <Edge fillStyle0="3" fillStyle1="2" edges="! 146 331| 117 311[ 79 279 71 249"/>
                                                  <Edge fillStyle0="3" fillStyle1="1" edges="! 71 249[ 68 260 68 272| 68 314| 61 320| 52 299"/>
                                                  <Edge fillStyle0="3" fillStyle1="2" edges="! 379 192| 390 187[ 384 179 384 172[ 384 136 418 136[ 451 136 451 179| 451 181| 460 181| 462 183"/>
                                                  <Edge fillStyle0="3" fillStyle1="1" edges="! 462 183| 476 183"/>
                                                  <Edge fillStyle0="1" fillStyle1="2" edges="! 462 183| 464 185| 458 189| 427 189| 418 192| 379 192"/>
                                                  <Edge fillStyle0="1" fillStyle1="3" edges="! 379 192[ 361 194 361 199[ 361 206 376 206| 423 202| 463 199| 483 198"/>
                                                  <Edge fillStyle0="2" fillStyle1="4" edges="! 410 161| 402 166| 397 163| 396 159[ 396 151 405 149[ 413 147 413 154| 410 161"/>
                                                  <Edge fillStyle0="5" fillStyle1="2" edges="! 444 224| 426 226| 333 235| 260 237| 140 226| 103 218| 102 219[ 102 234 135 247[ 168 260 215 261| 223 261| 262 256| 292 251| 316 256| 357 261| 369 261| 381 259| 384 259[ 416 255 433 237| 444 224"/>
                                                  <Edge fillStyle0="6" fillStyle1="2" edges="! 460 225| 444 246| 444 253[ 444 266 437 271| 444 276| 449 266| 461 229| 460 225"/>
                                                  <Edge fillStyle0="0" fillStyle1="2" edges="! 522 210[ 522 289 486 356[ 421 477 259 477[ 105 477 39 376[ 0 318 0 254[ 0 129 82 60[ 153 -1 261 0[ 365 1 440 57[ 522 117 522 210"/>
                                                  <Edge fillStyle0="5" fillStyle1="2" edges="! 436 291| 424 280| 385 272| 341 281| 282 290| 242 285| 212 277| 163 277| 145 280| 130 285| 123 291| 134 300[ 190 343 265 344| 297 344| 335 337| 365 323| 404 315[ 424 311 431 300| 436 291"/>
                                                  <Edge fillStyle0="1" fillStyle1="4" edges="! 278 60[ 286 65 286 75[ 286 89 271 100[ 253 113 226 113| 158 105[ 140 99 140 90[ 140 75 170 63[ 193 54 216 52| 227 52| 278 60"/>
                                                  <Edge fillStyle0="1" fillStyle1="4" edges="! 115 103[ 128 98 128 110| 123 120[ 117 126 111 126[ 102 126 102 119[ 102 108 115 103"/>
                                                  <Edge fillStyle0="1" fillStyle1="2" edges="! 150 178| 109 172| 107 172| 106 163[ 106 146 115 134[ 127 116 154 116| 166 118| 172 121| 173 121| 174 122| 180 134"/>
                                                  <Edge fillStyle0="6" fillStyle1="2" edges="! 88 215| 84 216| 84 226[ 84 252 109 278| 114 275| 111 269| 110 260| 112 255[ 89 242 89 219| 90 215| 88 215"/>
                                                  <Edge fillStyle0="1" fillStyle1="4" edges="! 95 187| 94 184[ 94 177 102 177| 110 183[ 110 190 100 190[ 96 190 95 187"/>
                                                  <Edge fillStyle0="1" fillStyle1="2" edges="! 71 249| 71 248| 70 244| 68 231| 70 212| 70 209[ 70 198 87 199| 99 201"/>
                                                  <Edge fillStyle0="2" fillStyle1="4" edges="! 146 135| 143 144[ 139 150 132 150[ 126 150 123 146| 121 142[ 121 130 134 126[ 146 122 146 135"/>
                                                  <Edge fillStyle0="5" fillStyle1="4" edges="! 190 282[ 219 282 219 295[ 219 305 204 305[ 163 305 163 295[ 163 282 190 282"/>
                                                  <Edge fillStyle0="2" fillStyle1="1" edges="! 361 355| 360 356[ 355 357 351 360| 350 361"/>
                                                  <Edge fillStyle0="1" fillStyle1="2" edges="! 417 333| 390 338| 383 338[ 366 339 344 351| 297 362| 265 362[ 197 360 146 331"/>
                                                  <Edge fillStyle0="5" fillStyle1="4" edges="! 253 303| 248 308| 244 305| 244 302[ 244 296 249 298| 253 303"/>
                                             </edges>
                                        </DOMShape>
                                   </elements>
                              </DOMFrame>
                         </frames>
                    </DOMLayer>
               </layers>
          </DOMTimeline>
     </timeline>
</DOMSymbolItem>
