<DOMSymbolItem xmlns="http://ns.adobe.com/xfl/2008/" xmlns:xsi="http://www.w3.org/2001/XMLSchema-instance" name="Symbol 1479" lastModified="1681431985" symbolType="graphic">
     <timeline>
          <DOMTimeline name="Symbol 1479" currentFrame="0">
               <layers>
                    <DOMLayer name="Layer 1">
                         <frames>
                              <DOMFrame index="0" motionTweenScale="false" keyMode="8192">
                                   <elements>
                                        <DOMShape isFloating="true">
                                             <fills>
                                                  <FillStyle index="1">
                                                       <SolidColor color="#000000"/>
                                                  </FillStyle>
                                                  <FillStyle index="2">
                                                       <SolidColor color="#792020"/>
                                                  </FillStyle>
                                             </fills>
                                             <strokes/>
                                             <edges>
                                                  <Edge fillStyle0="2" fillStyle1="1" edges="! 22 106[ -17 97 -17 164| -5 263| -10 334| -15 405| -14 414| -14 515[ -17 562 -4 604[ 12 654 42 655| 65 655[ 79 646 88 618| 95 580[ 95 512 71 435[ 47 358 47 267[ 47 208 61 153[ 61 116 22 106"/>
                                                  <Edge fillStyle0="0" fillStyle1="1" edges="! 89 198[ 82 244 82 267[ 82 346 106 424[ 130 503 130 581| 124 639[ 108 691 55 691[ -23 691 -43 612| -48 529| -47 414| -34 296| -54 163[ -54 61 21 68[ 51 71 73 94[ 96 118 96 152| 89 198"/>
                                             </edges>
                                        </DOMShape>
                                   </elements>
                              </DOMFrame>
                         </frames>
                    </DOMLayer>
               </layers>
          </DOMTimeline>
     </timeline>
</DOMSymbolItem>
