<DOMSymbolItem xmlns="http://ns.adobe.com/xfl/2008/" xmlns:xsi="http://www.w3.org/2001/XMLSchema-instance" name="Symbol 1871" lastModified="1681431985">
     <timeline>
          <DOMTimeline name="Symbol 1871">
               <layers>
                    <DOMLayer name="Layer 1" color="#e5cc01">
                         <frames>
                              <DOMFrame index="0" duration="2" keyMode="9728">
                                   <elements>
                                        <DOMShape isFloating="true">
                                             <fills>
                                                  <FillStyle index="1">
                                                       <SolidColor color="#ffffff"/>
                                                  </FillStyle>
                                             </fills>
                                             <strokes/>
                                             <edges>
                                                  <Edge fillStyle1="1" edges="! 254 47| 163 97[ 72 139 59 139[ 45 139 47 128[ 47 102 103 70[ 166 34 240 34[ 254 34 254 47"/>
                                             </edges>
                                        </DOMShape>
                                   </elements>
                              </DOMFrame>
                              <DOMFrame index="2" duration="2" keyMode="9728">
                                   <elements>
                                        <DOMShape isFloating="true">
                                             <fills>
                                                  <FillStyle index="1">
                                                       <SolidColor color="#ffffff"/>
                                                  </FillStyle>
                                             </fills>
                                             <strokes/>
                                             <edges>
                                                  <Edge fillStyle1="1" edges="! 241 116| 160 175| 129 169| 95 161| 65 153[ 59 150 59 142[ 59 131 115 100| 171 72[ 198 50 255 38[ 317 25 317 52| 241 116"/>
                                             </edges>
                                        </DOMShape>
                                   </elements>
                              </DOMFrame>
                              <DOMFrame index="4" duration="2" keyMode="9728">
                                   <elements>
                                        <DOMShape isFloating="true">
                                             <fills>
                                                  <FillStyle index="1">
                                                       <SolidColor color="#ffffff"/>
                                                  </FillStyle>
                                             </fills>
                                             <strokes/>
                                             <edges>
                                                  <Edge fillStyle1="1" edges="! 340 38[ 374 38 374 58| 332 123| 296 170[ 281 184 249 183| 214 179| 201 174| 199 168[ 199 160 231 131| 265 100| 290 67[ 316 38 340 38"/>
                                                  <Edge fillStyle1="1" edges="! 58 146| 58 140[ 58 131 142 78[ 226 25 226 41| 67 151[ 59 151 58 146"/>
                                             </edges>
                                        </DOMShape>
                                   </elements>
                              </DOMFrame>
                              <DOMFrame index="6" duration="2" keyMode="9728">
                                   <elements>
                                        <DOMShape isFloating="true">
                                             <fills>
                                                  <FillStyle index="1">
                                                       <SolidColor color="#ffffff"/>
                                                  </FillStyle>
                                             </fills>
                                             <strokes/>
                                             <edges>
                                                  <Edge fillStyle1="1" edges="! 448 81[ 448 107 424 139[ 393 180 346 180[ 335 180 335 170[ 335 161 351 139| 372 112| 386 83[ 400 62 423 62[ 436 62 443 71| 448 81"/>
                                                  <Edge fillStyle1="1" edges="! 181 182[ 174 182 172 177| 171 172[ 308 16 308 42[ 190 182 181 182"/>
                                             </edges>
                                        </DOMShape>
                                   </elements>
                              </DOMFrame>
                              <DOMFrame index="8" duration="2" keyMode="9728">
                                   <elements>
                                        <DOMShape isFloating="true">
                                             <fills>
                                                  <FillStyle index="1">
                                                       <SolidColor color="#ffffff"/>
                                                  </FillStyle>
                                             </fills>
                                             <strokes/>
                                             <edges>
                                                  <Edge fillStyle1="1" edges="! 450 85[ 459 89 459 100[ 450 159 421 159[ 414 159 411 154| 410 149| 422 131| 436 108[ 440 82 450 85"/>
                                                  <Edge fillStyle1="1" edges="! 296 180[ 291 180 289 176| 288 172[ 387 22 387 62| 296 180"/>
                                             </edges>
                                        </DOMShape>
                                   </elements>
                              </DOMFrame>
                              <DOMFrame index="10" duration="2" keyMode="9728">
                                   <elements>
                                        <DOMShape isFloating="true">
                                             <fills>
                                                  <FillStyle index="1">
                                                       <SolidColor color="#ffffff"/>
                                                  </FillStyle>
                                             </fills>
                                             <strokes/>
                                             <edges>
                                                  <Edge fillStyle1="1" edges="! 391 167| 384 163| 383 158[ 444 42 444 82| 391 167"/>
                                             </edges>
                                        </DOMShape>
                                   </elements>
                              </DOMFrame>
                              <DOMFrame index="12" duration="18" keyMode="9728">
                                   <elements/>
                              </DOMFrame>
                         </frames>
                    </DOMLayer>
                    <DOMLayer name="Layer 2" color="#bed4f9" current="true" isSelected="true">
                         <frames>
                              <DOMFrame index="0" duration="30" keyMode="9728">
                                   <elements>
                                        <DOMSymbolInstance libraryItemName="Symbol 1864" name="p" centerPoint3DX="12.65" centerPoint3DY="7.2">
                                             <matrix>
                                                  <Matrix tx="0.0" ty="0.0"/>
                                             </matrix>
                                             <transformationPoint>
                                                  <Point/>
                                             </transformationPoint>
                                        </DOMSymbolInstance>
                                   </elements>
                              </DOMFrame>
                         </frames>
                    </DOMLayer>
               </layers>
          </DOMTimeline>
     </timeline>
</DOMSymbolItem>
