<DOMSymbolItem xmlns="http://ns.adobe.com/xfl/2008/" xmlns:xsi="http://www.w3.org/2001/XMLSchema-instance" name="Symbol 1923" lastModified="1681431985">
     <timeline>
          <DOMTimeline name="Symbol 1923">
               <layers>
                    <DOMLayer name="Script Layer" color="#9f8aca">
                         <frames>
                              <DOMFrame index="0" keyMode="9728">
                                   <Actionscript>
                                        <script>if(_parent._parent._parent._parent.s != 4)
{
   _visible = false;
}
</script>
                                   </Actionscript>
                                   <elements/>
                              </DOMFrame>
                         </frames>
                    </DOMLayer>
                    <DOMLayer name="Layer 2" color="#f43ce5" current="true" isSelected="true">
                         <frames>
                              <DOMFrame index="0" duration="2" keyMode="9728">
                                   <elements>
                                        <DOMSymbolInstance libraryItemName="Symbol 1917" symbolType="graphic" loop="loop">
                                             <matrix>
                                                  <Matrix tx="0.0" ty="0.0"/>
                                             </matrix>
                                             <transformationPoint>
                                                  <Point/>
                                             </transformationPoint>
                                        </DOMSymbolInstance>
                                   </elements>
                              </DOMFrame>
                              <DOMFrame index="2" duration="2" keyMode="9728">
                                   <elements>
                                        <DOMSymbolInstance libraryItemName="Symbol 1918" symbolType="graphic" loop="loop">
                                             <matrix>
                                                  <Matrix tx="0.0" ty="0.0"/>
                                             </matrix>
                                             <transformationPoint>
                                                  <Point/>
                                             </transformationPoint>
                                        </DOMSymbolInstance>
                                   </elements>
                              </DOMFrame>
                              <DOMFrame index="4" duration="2" keyMode="9728">
                                   <elements>
                                        <DOMShape isFloating="true">
                                             <fills>
                                                  <FillStyle index="1">
                                                       <SolidColor color="#ff9900"/>
                                                  </FillStyle>
                                                  <FillStyle index="2">
                                                       <SolidColor color="#ffff00"/>
                                                  </FillStyle>
                                             </fills>
                                             <strokes/>
                                             <edges>
                                                  <Edge fillStyle0="1" fillStyle1="2" edges="! 22 -10| 33 -11[ 56 -11 64 3| 68 17| 59 37[ 47 49 28 49[ 7 49 2 35| 1 20| 1 16"/>
                                                  <Edge fillStyle0="1" fillStyle1="0" edges="! 1 16| -2 37| 2 50[ -11 50 -11 63[ -12 77 2 77| 11 73| 14 70[ 28 84 52 84| 67 81[ 70 90 84 90[ 95 90 101 82| 106 68[ 107 51 93 48| 96 32[ 96 -17 47 -15| 22 -10"/>
                                                  <Edge fillStyle0="2" fillStyle1="0" edges="! 22 -10[ 8 -7 3 4| 1 16"/>
                                                  <Edge fillStyle0="0" fillStyle1="1" edges="! 53 -81[ 49 -75 43 -75[ 24 -75 27 -89[ 27 -104 42 -103[ 56 -101 56 -90| 53 -81"/>
                                                  <Edge fillStyle0="0" fillStyle1="2" edges="! -11 -26[ 6 -22 6 -10[ 6 10 -10 10[ -24 10 -29 -12[ -29 -29 -11 -26"/>
                                             </edges>
                                        </DOMShape>
                                   </elements>
                              </DOMFrame>
                              <DOMFrame index="6" duration="2" keyMode="9728">
                                   <elements>
                                        <DOMSymbolInstance libraryItemName="Symbol 1920" symbolType="graphic" loop="loop">
                                             <matrix>
                                                  <Matrix tx="0.0" ty="0.0"/>
                                             </matrix>
                                             <transformationPoint>
                                                  <Point/>
                                             </transformationPoint>
                                        </DOMSymbolInstance>
                                   </elements>
                              </DOMFrame>
                              <DOMFrame index="8" duration="2" keyMode="9728">
                                   <elements>
                                        <DOMSymbolInstance libraryItemName="Symbol 1921" symbolType="graphic" loop="loop">
                                             <matrix>
                                                  <Matrix tx="0.0" ty="0.0"/>
                                             </matrix>
                                             <transformationPoint>
                                                  <Point/>
                                             </transformationPoint>
                                        </DOMSymbolInstance>
                                   </elements>
                              </DOMFrame>
                              <DOMFrame index="10" duration="2" keyMode="9728">
                                   <elements>
                                        <DOMSymbolInstance libraryItemName="Symbol 1922" symbolType="graphic" loop="loop">
                                             <matrix>
                                                  <Matrix tx="0.0" ty="0.0"/>
                                             </matrix>
                                             <transformationPoint>
                                                  <Point/>
                                             </transformationPoint>
                                        </DOMSymbolInstance>
                                   </elements>
                              </DOMFrame>
                         </frames>
                    </DOMLayer>
               </layers>
          </DOMTimeline>
     </timeline>
</DOMSymbolItem>
