<DOMSymbolItem xmlns="http://ns.adobe.com/xfl/2008/" xmlns:xsi="http://www.w3.org/2001/XMLSchema-instance" name="Symbol 1522" lastModified="1681431985">
     <timeline>
          <DOMTimeline name="Symbol 1522">
               <layers>
                    <DOMLayer name="Script Layer" color="#edd267">
                         <frames>
                              <DOMFrame index="0" keyMode="9728">
                                   <Actionscript>
                                        <script>stop();
</script>
                                   </Actionscript>
                                   <elements/>
                              </DOMFrame>
                         </frames>
                    </DOMLayer>
                    <DOMLayer name="Layer 2" color="#945ead">
                         <frames>
                              <DOMFrame index="0" duration="4" keyMode="9728">
                                   <elements/>
                              </DOMFrame>
                              <DOMFrame index="4" keyMode="9728">
                                   <elements>
                                        <DOMSymbolInstance libraryItemName="Symbol 463" symbolType="graphic" loop="loop">
                                             <matrix>
                                                  <Matrix tx="-4.4" ty="-12.75" a="0.6953125" d="0.6953125"/>
                                             </matrix>
                                             <transformationPoint>
                                                  <Point/>
                                             </transformationPoint>
                                             <color>
                                                  <Color redMultiplier="0.0" greenMultiplier="0.0" blueMultiplier="0.0" greenOffset="51" blueOffset="153"/>
                                             </color>
                                        </DOMSymbolInstance>
                                   </elements>
                              </DOMFrame>
                              <DOMFrame index="5" keyMode="9728">
                                   <elements>
                                        <DOMSymbolInstance libraryItemName="Symbol 466" symbolType="graphic" loop="loop">
                                             <matrix>
                                                  <Matrix tx="-4.4" ty="-12.75" a="0.6953125" d="0.6953125"/>
                                             </matrix>
                                             <transformationPoint>
                                                  <Point/>
                                             </transformationPoint>
                                             <color>
                                                  <Color redMultiplier="0.0" greenMultiplier="0.0" blueMultiplier="0.0" greenOffset="51" blueOffset="153"/>
                                             </color>
                                        </DOMSymbolInstance>
                                   </elements>
                              </DOMFrame>
                              <DOMFrame index="6" keyMode="9728">
                                   <elements>
                                        <DOMSymbolInstance libraryItemName="Symbol 467" symbolType="graphic" loop="loop">
                                             <matrix>
                                                  <Matrix tx="-4.4" ty="-12.75" a="0.6953125" d="0.6953125"/>
                                             </matrix>
                                             <transformationPoint>
                                                  <Point/>
                                             </transformationPoint>
                                             <color>
                                                  <Color redMultiplier="0.0" greenMultiplier="0.0" blueMultiplier="0.0" greenOffset="51" blueOffset="153"/>
                                             </color>
                                        </DOMSymbolInstance>
                                   </elements>
                              </DOMFrame>
                              <DOMFrame index="7" keyMode="9728">
                                   <elements>
                                        <DOMSymbolInstance libraryItemName="Symbol 468" symbolType="graphic" loop="loop">
                                             <matrix>
                                                  <Matrix tx="-4.4" ty="-12.75" a="0.6953125" d="0.6953125"/>
                                             </matrix>
                                             <transformationPoint>
                                                  <Point/>
                                             </transformationPoint>
                                             <color>
                                                  <Color redMultiplier="0.0" greenMultiplier="0.0" blueMultiplier="0.0" greenOffset="51" blueOffset="153"/>
                                             </color>
                                        </DOMSymbolInstance>
                                   </elements>
                              </DOMFrame>
                              <DOMFrame index="8" keyMode="9728">
                                   <elements>
                                        <DOMSymbolInstance libraryItemName="Symbol 469" symbolType="graphic" loop="loop">
                                             <matrix>
                                                  <Matrix tx="-4.4" ty="-12.75" a="0.6953125" d="0.6953125"/>
                                             </matrix>
                                             <transformationPoint>
                                                  <Point/>
                                             </transformationPoint>
                                             <color>
                                                  <Color redMultiplier="0.0" greenMultiplier="0.0" blueMultiplier="0.0" greenOffset="51" blueOffset="153"/>
                                             </color>
                                        </DOMSymbolInstance>
                                   </elements>
                              </DOMFrame>
                              <DOMFrame index="9" keyMode="9728">
                                   <elements>
                                        <DOMSymbolInstance libraryItemName="Symbol 470" symbolType="graphic" loop="loop">
                                             <matrix>
                                                  <Matrix tx="-4.4" ty="-12.75" a="0.6953125" d="0.6953125"/>
                                             </matrix>
                                             <transformationPoint>
                                                  <Point/>
                                             </transformationPoint>
                                             <color>
                                                  <Color redMultiplier="0.0" greenMultiplier="0.0" blueMultiplier="0.0" greenOffset="51" blueOffset="153"/>
                                             </color>
                                        </DOMSymbolInstance>
                                   </elements>
                              </DOMFrame>
                              <DOMFrame index="10" keyMode="9728">
                                   <elements>
                                        <DOMSymbolInstance libraryItemName="Symbol 471" symbolType="graphic" loop="loop">
                                             <matrix>
                                                  <Matrix tx="-4.4" ty="-12.75" a="0.6953125" d="0.6953125"/>
                                             </matrix>
                                             <transformationPoint>
                                                  <Point/>
                                             </transformationPoint>
                                             <color>
                                                  <Color redMultiplier="0.0" greenMultiplier="0.0" blueMultiplier="0.0" greenOffset="51" blueOffset="153"/>
                                             </color>
                                        </DOMSymbolInstance>
                                   </elements>
                              </DOMFrame>
                              <DOMFrame index="11" keyMode="9728">
                                   <elements>
                                        <DOMSymbolInstance libraryItemName="Symbol 472" symbolType="graphic" loop="loop">
                                             <matrix>
                                                  <Matrix tx="-4.4" ty="-12.75" a="0.6953125" d="0.6953125"/>
                                             </matrix>
                                             <transformationPoint>
                                                  <Point/>
                                             </transformationPoint>
                                             <color>
                                                  <Color redMultiplier="0.0" greenMultiplier="0.0" blueMultiplier="0.0" greenOffset="51" blueOffset="153"/>
                                             </color>
                                        </DOMSymbolInstance>
                                   </elements>
                              </DOMFrame>
                              <DOMFrame index="12" keyMode="9728">
                                   <elements>
                                        <DOMSymbolInstance libraryItemName="Symbol 473" symbolType="graphic" loop="loop">
                                             <matrix>
                                                  <Matrix tx="-4.4" ty="-12.75" a="0.6953125" d="0.6953125"/>
                                             </matrix>
                                             <transformationPoint>
                                                  <Point/>
                                             </transformationPoint>
                                             <color>
                                                  <Color redMultiplier="0.0" greenMultiplier="0.0" blueMultiplier="0.0" greenOffset="51" blueOffset="153"/>
                                             </color>
                                        </DOMSymbolInstance>
                                   </elements>
                              </DOMFrame>
                              <DOMFrame index="13" keyMode="9728">
                                   <elements>
                                        <DOMSymbolInstance libraryItemName="Symbol 474" symbolType="graphic" loop="loop">
                                             <matrix>
                                                  <Matrix tx="-4.4" ty="-12.75" a="0.6953125" d="0.6953125"/>
                                             </matrix>
                                             <transformationPoint>
                                                  <Point/>
                                             </transformationPoint>
                                             <color>
                                                  <Color redMultiplier="0.0" greenMultiplier="0.0" blueMultiplier="0.0" greenOffset="51" blueOffset="153"/>
                                             </color>
                                        </DOMSymbolInstance>
                                   </elements>
                              </DOMFrame>
                              <DOMFrame index="14" keyMode="9728">
                                   <elements>
                                        <DOMSymbolInstance libraryItemName="Symbol 475" symbolType="graphic" loop="loop">
                                             <matrix>
                                                  <Matrix tx="-4.4" ty="-12.75" a="0.6953125" d="0.6953125"/>
                                             </matrix>
                                             <transformationPoint>
                                                  <Point/>
                                             </transformationPoint>
                                             <color>
                                                  <Color redMultiplier="0.0" greenMultiplier="0.0" blueMultiplier="0.0" greenOffset="51" blueOffset="153"/>
                                             </color>
                                        </DOMSymbolInstance>
                                   </elements>
                              </DOMFrame>
                              <DOMFrame index="15" keyMode="9728">
                                   <elements>
                                        <DOMSymbolInstance libraryItemName="Symbol 476" symbolType="graphic" loop="loop">
                                             <matrix>
                                                  <Matrix tx="-4.4" ty="-12.75" a="0.6953125" d="0.6953125"/>
                                             </matrix>
                                             <transformationPoint>
                                                  <Point/>
                                             </transformationPoint>
                                             <color>
                                                  <Color redMultiplier="0.0" greenMultiplier="0.0" blueMultiplier="0.0" greenOffset="51" blueOffset="153"/>
                                             </color>
                                        </DOMSymbolInstance>
                                   </elements>
                              </DOMFrame>
                              <DOMFrame index="16" keyMode="9728">
                                   <elements>
                                        <DOMSymbolInstance libraryItemName="Symbol 477" symbolType="graphic" loop="loop">
                                             <matrix>
                                                  <Matrix tx="-4.4" ty="-12.75" a="0.6953125" d="0.6953125"/>
                                             </matrix>
                                             <transformationPoint>
                                                  <Point/>
                                             </transformationPoint>
                                             <color>
                                                  <Color redMultiplier="0.0" greenMultiplier="0.0" blueMultiplier="0.0" greenOffset="51" blueOffset="153"/>
                                             </color>
                                        </DOMSymbolInstance>
                                   </elements>
                              </DOMFrame>
                              <DOMFrame index="17" keyMode="9728">
                                   <elements>
                                        <DOMSymbolInstance libraryItemName="Symbol 478" symbolType="graphic" loop="loop">
                                             <matrix>
                                                  <Matrix tx="-4.4" ty="-12.75" a="0.6953125" d="0.6953125"/>
                                             </matrix>
                                             <transformationPoint>
                                                  <Point/>
                                             </transformationPoint>
                                             <color>
                                                  <Color redMultiplier="0.0" greenMultiplier="0.0" blueMultiplier="0.0" greenOffset="51" blueOffset="153"/>
                                             </color>
                                        </DOMSymbolInstance>
                                   </elements>
                              </DOMFrame>
                              <DOMFrame index="18" keyMode="9728">
                                   <elements>
                                        <DOMSymbolInstance libraryItemName="Symbol 479" symbolType="graphic" loop="loop">
                                             <matrix>
                                                  <Matrix tx="-4.4" ty="-12.75" a="0.6953125" d="0.6953125"/>
                                             </matrix>
                                             <transformationPoint>
                                                  <Point/>
                                             </transformationPoint>
                                             <color>
                                                  <Color redMultiplier="0.0" greenMultiplier="0.0" blueMultiplier="0.0" greenOffset="51" blueOffset="153"/>
                                             </color>
                                        </DOMSymbolInstance>
                                   </elements>
                              </DOMFrame>
                              <DOMFrame index="19" duration="2" keyMode="9728">
                                   <elements/>
                              </DOMFrame>
                         </frames>
                    </DOMLayer>
                    <DOMLayer name="Layer 3" color="#d4ed80" current="true" isSelected="true">
                         <frames>
                              <DOMFrame index="0" duration="2" keyMode="9728">
                                   <elements>
                                        <DOMShape isFloating="true">
                                             <fills>
                                                  <FillStyle index="1">
                                                       <SolidColor color="#000000"/>
                                                  </FillStyle>
                                                  <FillStyle index="2">
                                                       <SolidColor color="#405785"/>
                                                  </FillStyle>
                                                  <FillStyle index="3">
                                                       <SolidColor color="#32466d"/>
                                                  </FillStyle>
                                             </fills>
                                             <strokes/>
                                             <edges>
                                                  <Edge fillStyle1="1" edges="! 276 0[ 299 -2 299 15| 295 25| 299 140| 299 154| 345 151[ 382 151 389 164| 400 221| 404 292[ 404 308 385 311| 290 320| 311 443[ 319 497 319 554[ 319 583 172 583[ 150 583 142 487| 132 335| 51 350[ 25 350 17 318| 12 274| 0 196[ 0 171 24 165| 135 149| 136 143| 132 84| 128 40[ 128 6 205 7| 276 0"/>
                                                  <Edge fillStyle0="2" fillStyle1="1" edges="! 257 59| 256 51| 256 45| 166 48| 166 62| 175 114| 182 165[ 182 185 140 191| 44 206| 61 305| 60 306| 63 306| 88 302"/>
                                                  <Edge fillStyle0="2" fillStyle1="3" edges="! 88 302| 83 279| 74 234| 156 218[ 217 204 217 183| 195 67| 196 64| 257 59"/>
                                                  <Edge fillStyle0="1" fillStyle1="3" edges="! 257 59| 262 125| 269 172| 268 179| 271 189| 274 193"/>
                                                  <Edge fillStyle0="1" fillStyle1="2" edges="! 274 193| 278 197| 282 199| 284 199| 288 199| 321 192| 353 192| 356 214"/>
                                                  <Edge fillStyle0="1" fillStyle1="3" edges="! 356 214| 363 249| 363 273| 273 281[ 249 287 249 304[ 249 324 266 406[ 282 488 282 525| 267 536| 229 539"/>
                                                  <Edge fillStyle0="1" fillStyle1="2" edges="! 229 539| 216 539| 200 539| 198 539| 190 538[ 182 449 181 410| 178 338[ 174 304 165 293"/>
                                                  <Edge fillStyle0="1" fillStyle1="3" edges="! 165 293[ 160 287 153 287| 88 302"/>
                                                  <Edge fillStyle0="2" fillStyle1="3" edges="! 274 193| 269 203| 272 213[ 277 223 291 223| 356 214"/>
                                                  <Edge fillStyle0="3" fillStyle1="2" edges="! 165 293| 167 291[ 178 285 195 306| 206 342| 214 416[ 216 450 229 539"/>
                                             </edges>
                                        </DOMShape>
                                   </elements>
                              </DOMFrame>
                              <DOMFrame index="2" duration="2" keyMode="9728">
                                   <elements>
                                        <DOMSymbolInstance libraryItemName="Symbol 1520" centerPoint3DX="7.55" centerPoint3DY="17.85">
                                             <matrix>
                                                  <Matrix tx="-2.55" ty="3.3" a="1.2500457763671875" d="0.86248779296875"/>
                                             </matrix>
                                             <transformationPoint>
                                                  <Point/>
                                             </transformationPoint>
                                        </DOMSymbolInstance>
                                   </elements>
                              </DOMFrame>
                              <DOMFrame index="4" duration="2" keyMode="9728">
                                   <elements>
                                        <DOMSymbolInstance libraryItemName="Symbol 1520" centerPoint3DX="12.35" centerPoint3DY="8.15">
                                             <matrix>
                                                  <Matrix tx="2.25" ty="-6.4" a="0.77947998046875" d="1.15679931640625"/>
                                             </matrix>
                                             <transformationPoint>
                                                  <Point/>
                                             </transformationPoint>
                                        </DOMSymbolInstance>
                                   </elements>
                              </DOMFrame>
                              <DOMFrame index="6" duration="2" keyMode="9728">
                                   <elements>
                                        <DOMSymbolInstance libraryItemName="Symbol 1520" centerPoint3DX="8.95" centerPoint3DY="17.75">
                                             <matrix>
                                                  <Matrix tx="-1.15" ty="3.2" a="1.1114959716796875" d="0.932342529296875"/>
                                             </matrix>
                                             <transformationPoint>
                                                  <Point/>
                                             </transformationPoint>
                                        </DOMSymbolInstance>
                                   </elements>
                              </DOMFrame>
                              <DOMFrame index="8" duration="2" keyMode="9728">
                                   <elements>
                                        <DOMSymbolInstance libraryItemName="Symbol 1520" centerPoint3DX="11.15" centerPoint3DY="13.45">
                                             <matrix>
                                                  <Matrix tx="1.05" ty="-1.1" a="0.8960418701171875" d="1.0412445068359375"/>
                                             </matrix>
                                             <transformationPoint>
                                                  <Point/>
                                             </transformationPoint>
                                        </DOMSymbolInstance>
                                   </elements>
                              </DOMFrame>
                              <DOMFrame index="10" duration="2" keyMode="9728">
                                   <elements>
                                        <DOMSymbolInstance libraryItemName="Symbol 1520" centerPoint3DX="10.1" centerPoint3DY="14.75">
                                             <matrix>
                                                  <Matrix tx="0.0" ty="0.2"/>
                                             </matrix>
                                             <transformationPoint>
                                                  <Point/>
                                             </transformationPoint>
                                        </DOMSymbolInstance>
                                   </elements>
                              </DOMFrame>
                              <DOMFrame index="12" duration="9" keyMode="9728">
                                   <elements>
                                        <DOMSymbolInstance libraryItemName="Symbol 1520" centerPoint3DX="10.1" centerPoint3DY="14.55">
                                             <matrix>
                                                  <Matrix tx="0.0" ty="0.0"/>
                                             </matrix>
                                             <transformationPoint>
                                                  <Point/>
                                             </transformationPoint>
                                        </DOMSymbolInstance>
                                   </elements>
                              </DOMFrame>
                         </frames>
                    </DOMLayer>
               </layers>
          </DOMTimeline>
     </timeline>
</DOMSymbolItem>
