<DOMSymbolItem xmlns="http://ns.adobe.com/xfl/2008/" xmlns:xsi="http://www.w3.org/2001/XMLSchema-instance" name="Symbol 2172" lastModified="1681431985" symbolType="graphic">
     <timeline>
          <DOMTimeline name="Symbol 2172" currentFrame="0">
               <layers>
                    <DOMLayer name="Layer 1">
                         <frames>
                              <DOMFrame index="0" motionTweenScale="false" keyMode="8192">
                                   <elements>
                                        <DOMShape isFloating="true">
                                             <fills>
                                                  <FillStyle index="1">
                                                       <SolidColor color="#9ac7cb"/>
                                                  </FillStyle>
                                             </fills>
                                             <strokes/>
                                             <edges>
                                                  <Edge fillStyle0="0" fillStyle1="0" strokeStyle="0" edges="! 0 0"/>
                                                  <Edge fillStyle0="0" fillStyle1="1" strokeStyle="0" edges="! 417 493[ 364 493 364 459[ 364 407 415 400[ 465 392 465 450[ 465 493 417 493"/>
                                                  <Edge fillStyle0="0" fillStyle1="1" strokeStyle="0" edges="! 177 447[ 177 439 183 429[ 193 412 212 412[ 233 412 243 424[ 250 432 250 441| 244 462[ 236 477 222 477[ 193 477 183 467[ 177 461 177 447"/>
                                                  <Edge fillStyle0="0" fillStyle1="1" strokeStyle="0" edges="! 357 322| 348 338[ 339 347 330 347[ 316 347 312 338| 310 329[ 310 305 339 305[ 357 305 357 322"/>
                                                  <Edge fillStyle0="0" fillStyle1="1" strokeStyle="0" edges="! 203 543| 195 548[ 186 548 182 541| 180 534[ 180 519 193 520[ 206 521 206 535| 203 543"/>
                                             </edges>
                                        </DOMShape>
                                   </elements>
                              </DOMFrame>
                         </frames>
                    </DOMLayer>
                    <DOMLayer name="Layer 2">
                         <frames>
                              <DOMFrame index="0" motionTweenScale="false" keyMode="8192">
                                   <elements>
                                        <DOMShape isFloating="true">
                                             <fills>
                                                  <FillStyle index="1">
                                                       <SolidColor color="#000000"/>
                                                  </FillStyle>
                                                  <FillStyle index="2">
                                                       <SolidColor color="#cc9999"/>
                                                  </FillStyle>
                                                  <FillStyle index="3">
                                                       <SolidColor color="#ffffff"/>
                                                  </FillStyle>
                                                  <FillStyle index="4">
                                                       <SolidColor color="#9ac7cb"/>
                                                  </FillStyle>
                                             </fills>
                                             <strokes/>
                                             <edges>
                                                  <Edge fillStyle0="1" edges="! 406 -5[ 323 -5 234 33[ 127 77 63 161[ -15 262 -15 407| -10 450| -9 452| -2 476| -2 477[ 11 518 34 554[ 67 601 117 631| 118 633[ 218 705 365 705| 409 704| 410 704| 455 705[ 603 705 702 633| 703 631[ 754 601 787 554[ 810 518 822 477| 822 476| 829 452| 829 450| 835 407[ 835 262 758 161[ 694 77 586 33[ 498 -5 414 -5| 407 -5| 406 -5"/>
                                                  <Edge fillStyle0="1" fillStyle1="2" edges="! 296 642| 275 639| 246 631| 232 628| 230 627| 229 628| 226 628| 224 627| 224 625| 204 616| 203 616| 184 603| 166 592| 158 584| 145 574| 143 573| 136 564| 135 562| 114 540[ 90 509 75 473| 196 473| 207 459| 210 454[ 210 401 176 370| 164 360| 136 361| 63 355[ 58 353 58 345[ 58 330 70 314| 72 305[ 87 254 118 209[ 175 124 247 94[ 319 64 372 60| 500 72| 526 74[ 641 118 703 209[ 734 254 749 305| 757 339[ 764 373 764 409| 764 410| 753 456[ 736 502 705 540| 703 543| 685 563| 683 565| 683 566| 676 574| 658 586| 655 591| 631 606| 608 619| 588 628| 546 639| 414 649| 410 649| 407 649| 388 649"/>
                                                  <Edge fillStyle0="1" fillStyle1="4" edges="! 388 649| 367 651| 300 644| 296 642"/>
                                                  <Edge fillStyle0="2" fillStyle1="4" edges="! 296 642[ 288 636 288 625[ 288 597 300 589| 301 588| 301 575[ 301 517 267 475[ 233 434 232 413| 231 408| 235 402| 236 401"/>
                                                  <Edge fillStyle0="2" fillStyle1="1" edges="! 236 401[ 224 384 224 363| 225 354| 237 364[ 272 391 329 391[ 369 391 393 362| 399 355| 401 375| 392 397| 391 407| 382 420"/>
                                                  <Edge fillStyle0="2" fillStyle1="4" edges="! 382 420[ 394 427 394 442[ 394 453 375 472| 375 473| 387 487| 391 502| 382 516[ 372 521 372 527| 377 545[ 381 558 371 563| 374 565| 374 566| 370 569| 382 596| 392 640| 392 646| 388 649"/>
                                                  <Edge fillStyle0="0" fillStyle1="2" edges="! 725 330| 726 329| 724 330| 725 330"/>
                                                  <Edge fillStyle0="1" fillStyle1="3" edges="! 73 426| 158 427| 168 428| 175 445| 75 445| 73 426"/>
                                                  <Edge fillStyle0="1" fillStyle1="3" edges="! 68 397[ 68 381 110 380[ 152 379 152 398[ 152 408 96 410| 96 411| 73 407[ 68 404 68 397"/>
                                                  <Edge fillStyle0="4" fillStyle1="1" edges="! 382 420| 378 419| 377 422| 377 423[ 359 436 326 436| 309 436| 303 435| 295 435[ 273 435 258 421| 243 408| 236 401"/>
                                             </edges>
                                        </DOMShape>
                                   </elements>
                              </DOMFrame>
                         </frames>
                    </DOMLayer>
               </layers>
          </DOMTimeline>
     </timeline>
</DOMSymbolItem>
