<DOMSymbolItem xmlns="http://ns.adobe.com/xfl/2008/" xmlns:xsi="http://www.w3.org/2001/XMLSchema-instance" name="Symbol 1288" lastModified="1681431985" symbolType="graphic">
     <timeline>
          <DOMTimeline name="Symbol 1288" currentFrame="0">
               <layers>
                    <DOMLayer name="Layer 1">
                         <frames>
                              <DOMFrame index="0" motionTweenScale="false" keyMode="8192">
                                   <elements>
                                        <DOMShape isFloating="true">
                                             <fills>
                                                  <FillStyle index="1">
                                                       <SolidColor color="#000000" alpha="0.5019608"/>
                                                  </FillStyle>
                                             </fills>
                                             <strokes/>
                                             <edges>
                                                  <Edge fillStyle1="1" edges="! 1019 112| 1022 157| 1052 158[ 1142 168 1142 212[ 1142 232 1132 243[ 1116 260 1074 260| 1028 257| 1030 326[ 1101 329 1138 352[ 1167 371 1167 395[ 1162 444 1121 444[ 957 444 936 384[ 929 364 937 328| 946 271[ 946 217 924 62[ 924 37 947 30| 1087 18[ 1113 13 1129 30[ 1140 42 1140 54[ 1140 87 1079 92[ 1019 98 1019 112"/>
                                                  <Edge fillStyle1="1" edges="! 832 105[ 819 120 805 120[ 794 120 777 109[ 759 98 748 98| 722 99[ 709 149 709 208| 712 277[ 726 340 790 340| 822 334| 816 320| 799 254| 751 250[ 717 242 717 209[ 717 164 818 157[ 918 151 918 209[ 918 221 910 235[ 899 253 880 255[ 917 304 917 352| 910 375[ 899 391 880 391| 867 405[ 834 432 766 432[ 724 432 694 414| 671 419| 594 363[ 510 306 472 297[ 483 326 528 420| 521 441[ 513 455 498 455[ 454 455 399 288[ 372 206 353 121[ 353 54 466 42[ 579 31 579 111[ 579 156 529 223[ 573 239 624 276| 621 265[ 621 202 640 90[ 654 3 749 14[ 841 25 841 81| 832 105"/>
                                                  <Edge fillStyle1="1" edges="! 428 142[ 428 161 443 207| 444 208| 495 129| 495 128[ 428 128 428 142"/>
                                                  <Edge fillStyle1="1" edges="! 253 198| 253 277| 256 277| 276 275| 254 198| 253 198"/>
                                                  <Edge fillStyle1="1" edges="! 330 138| 374 251[ 407 338 407 373[ 407 450 360 450[ 337 450 301 352| 253 358| 264 420| 258 442| 241 460| 241 462[ 235 482 214 487| 48 493[ 8 493 -9 479| -24 462[ -37 442 -40 406| -36 292| -52 200| -65 97[ -65 3 -21 -18[ 24 -41 38 112| 58 241[ 69 320 68 375[ 121 374 150 387| 190 392| 184 352[ 174 347 168 339| 163 319[ 163 297 179 286[ 176 223 179 162[ 179 84 212 50[ 257 3 330 138"/>
                                             </edges>
                                        </DOMShape>
                                   </elements>
                              </DOMFrame>
                         </frames>
                    </DOMLayer>
               </layers>
          </DOMTimeline>
     </timeline>
</DOMSymbolItem>
