<DOMSymbolItem xmlns="http://ns.adobe.com/xfl/2008/" xmlns:xsi="http://www.w3.org/2001/XMLSchema-instance" name="Symbol 1987" lastModified="1681431985">
     <timeline>
          <DOMTimeline name="Symbol 1987">
               <layers>
                    <DOMLayer name="Layer 1" color="#9a648d" current="true" isSelected="true">
                         <frames>
                              <DOMFrame index="0" keyMode="9728">
                                   <elements>
                                        <DOMShape isFloating="true">
                                             <fills>
                                                  <FillStyle index="1">
                                                       <SolidColor color="#474141" alpha="1.0"/>
                                                  </FillStyle>
                                                  <FillStyle index="2">
                                                       <SolidColor color="#53352b" alpha="1.0"/>
                                                  </FillStyle>
                                                  <FillStyle index="3">
                                                       <SolidColor color="#473430" alpha="0.3019608"/>
                                                  </FillStyle>
                                                  <FillStyle index="4">
                                                       <SolidColor color="#331010" alpha="1.0"/>
                                                  </FillStyle>
                                                  <FillStyle index="5">
                                                       <SolidColor color="#431313" alpha="1.0"/>
                                                  </FillStyle>
                                                  <FillStyle index="6">
                                                       <SolidColor color="#4f1515" alpha="1.0"/>
                                                  </FillStyle>
                                                  <FillStyle index="7">
                                                       <SolidColor color="#5f1818" alpha="1.0"/>
                                                  </FillStyle>
                                                  <FillStyle index="8">
                                                       <SolidColor color="#6d1d1d" alpha="1.0"/>
                                                  </FillStyle>
                                                  <FillStyle index="9">
                                                       <SolidColor color="#1c1c1c" alpha="1.0"/>
                                                  </FillStyle>
                                                  <FillStyle index="10">
                                                       <SolidColor color="#2c2c2c" alpha="1.0"/>
                                                  </FillStyle>
                                                  <FillStyle index="11">
                                                       <SolidColor color="#353535" alpha="1.0"/>
                                                  </FillStyle>
                                                  <FillStyle index="12">
                                                       <SolidColor color="#515151" alpha="1.0"/>
                                                  </FillStyle>
                                             </fills>
                                             <strokes/>
                                             <edges>
                                                  <Edge fillStyle0="9" fillStyle1="10" edges="! 718 65| 718 59[ 722 30 751 33[ 780 37 780 57| 774 85| 768 123"/>
                                                  <Edge fillStyle0="9" fillStyle1="11" edges="! 768 123| 769 142| 770 168"/>
                                                  <Edge fillStyle0="9" fillStyle1="10" edges="! 770 168| 771 205| 779 291[ 778 319 769 333| 762 349[ 755 357 745 357[ 729 357 723 346| 720 334| 720 331[ 717 324 717 314| 720 283| 714 219| 717 101"/>
                                                  <Edge fillStyle0="9" fillStyle1="11" edges="! 717 101| 714 96| 712 83[ 712 72 718 65"/>
                                                  <Edge fillStyle0="10" fillStyle1="11" edges="! 718 65[ 725 56 739 53[ 765 47 765 73| 761 90| 768 123"/>
                                                  <Edge fillStyle0="0" fillStyle1="9" edges="! 725 22| 742 19[ 787 16 787 50| 788 195| 791 315[ 789 358 778 377| 779 378[ 793 388 793 415| 793 419"/>
                                                  <Edge fillStyle0="0" fillStyle1="3" edges="! 793 419| 797 461| 795 545| 798 709[ 798 755 770 779[ 745 801 703 801| 695 800| 633 806| 579 798| 563 793| 519 795| 360 798| 293 791| 59 791[ 30 796 14 775[ 2 760 2 747[ 1 690 3 646| 0 576| 2 504[ 6 472 23 451"/>
                                                  <Edge fillStyle0="0" fillStyle1="9" edges="! 23 451| 23 449| 22 449[ 1 449 1 428| 5 383| 5 379[ 5 366 18 360| 18 356| 23 239| 28 134| 27 131| 27 125| 27 124| 19 55[ 19 27 47 22[ 58 13 79 12[ 104 10 114 23"/>
                                                  <Edge fillStyle0="0" fillStyle1="4" edges="! 114 23| 156 22| 158 22"/>
                                                  <Edge fillStyle0="0" fillStyle1="5" edges="! 158 22| 161 21| 236 14"/>
                                                  <Edge fillStyle0="0" fillStyle1="2" edges="! 236 14| 250 12| 296 12"/>
                                                  <Edge fillStyle0="0" fillStyle1="5" edges="! 296 12| 373 12"/>
                                                  <Edge fillStyle0="0" fillStyle1="9" edges="! 373 12| 374 12[ 378 -4 406 1| 417 4| 434 2[ 472 1 476 24"/>
                                                  <Edge fillStyle0="0" fillStyle1="4" edges="! 476 24| 485 24| 507 24"/>
                                                  <Edge fillStyle0="0" fillStyle1="5" edges="! 507 24[ 514 18 525 15| 609 17"/>
                                                  <Edge fillStyle0="0" fillStyle1="4" edges="! 609 17| 725 22"/>
                                                  <Edge fillStyle0="9" fillStyle1="4" edges="! 725 22[ 697 30 697 59| 705 250| 703 314| 699 353| 701 371| 670 366| 516 360| 465 357| 461 333| 470 246| 472 102| 472 63| 476 28| 476 24"/>
                                                  <Edge fillStyle0="11" fillStyle1="12" edges="! 756 80[ 754 107 735 107[ 725 107 722 100| 720 93[ 720 72 738 67[ 756 62 756 80"/>
                                                  <Edge fillStyle0="10" fillStyle1="11" edges="! 770 168| 767 192[ 764 218 757 230[ 767 224 768 206| 762 231| 750 248[ 771 256 771 273[ 771 299 748 299[ 735 299 726 286| 720 271[ 720 254 728 248[ 718 243 718 226| 720 211| 720 193| 720 103| 717 101"/>
                                                  <Edge fillStyle0="4" fillStyle1="5" edges="! 609 17| 625 19[ 676 19 686 102[ 692 144 687 187[ 688 299 670 314| 540 325[ 490 325 480 301[ 475 289 480 274[ 490 176 482 128[ 471 49 507 24"/>
                                                  <Edge fillStyle0="8" fillStyle1="7" edges="! 653 82| 648 73[ 640 65 630 64| 546 64| 560 61| 567 52| 565 45[ 560 39 547 39"/>
                                                  <Edge fillStyle0="8" fillStyle1="5" edges="! 547 39| 543 39[ 529 40 524 44"/>
                                                  <Edge fillStyle0="8" fillStyle1="6" edges="! 524 44| 519 52| 520 56"/>
                                                  <Edge fillStyle0="8" fillStyle1="7" edges="! 520 56[ 523 63 541 64| 532 64[ 508 64 508 87[ 513 119 550 119| 641 109[ 654 104 654 87| 654 84"/>
                                                  <Edge fillStyle0="8" fillStyle1="6" edges="! 654 84| 653 82"/>
                                                  <Edge fillStyle0="7" fillStyle1="6" edges="! 653 82| 660 70| 659 63"/>
                                                  <Edge fillStyle0="7" fillStyle1="5" edges="! 659 63| 657 60[ 649 37 584 37| 547 39"/>
                                                  <Edge fillStyle0="7" fillStyle1="6" edges="! 520 56| 519 57| 513 55[ 498 56 498 101[ 493 129 507 135| 507 142[ 506 157 521 162[ 507 162 507 180| 507 181| 507 183[ 507 202 527 203| 529 203| 540 203| 559 209[ 652 209 652 189[ 652 158 603 160| 644 151[ 667 143 667 130[ 667 117 653 113| 658 97[ 658 87 654 84"/>
                                                  <Edge fillStyle0="5" fillStyle1="6" edges="! 659 63| 673 65[ 686 82 686 117| 684 177| 682 208[ 672 231 626 231| 567 230| 554 232[ 535 235 528 254[ 529 278 515 278[ 492 278 497 254| 498 247[ 485 238 486 201[ 486 186 491 181[ 485 157 484 124[ 484 79 496 70[ 497 52 524 44"/>
                                                  <Edge fillStyle0="7" fillStyle1="8" edges="! 621 194| 600 194| 587 183| 585 179[ 585 165 614 165[ 642 165 642 179[ 642 196 621 194"/>
                                                  <Edge fillStyle0="11" fillStyle1="12" edges="! 752 184| 743 188[ 729 188 726 181| 726 174[ 726 160 741 159[ 756 158 756 173| 752 184"/>
                                                  <Edge fillStyle0="11" fillStyle1="12" edges="! 429 103[ 428 113 420 113[ 402 113 401 90[ 401 62 415 58[ 429 55 429 86| 429 103"/>
                                                  <Edge fillStyle0="10" fillStyle1="11" edges="! 453 87| 450 137[ 450 168 437 177| 438 197| 438 223[ 438 243 430 251[ 438 255 438 269| 435 281[ 430 290 422 290[ 401 290 399 269| 403 256[ 390 250 392 230[ 392 206 399 196[ 400 179 404 169| 390 136[ 390 123 402 101| 393 78[ 393 53 423 48[ 453 44 453 87"/>
                                                  <Edge fillStyle0="9" fillStyle1="10" edges="! 462 50| 452 178| 440 249| 443 268| 438 302[ 444 308 444 321| 438 340[ 429 350 414 350[ 395 350 386 340| 381 326[ 381 313 388 305| 380 282[ 380 273 386 265| 384 250| 384 197| 389 96| 390 76| 383 60[ 383 17 423 17[ 462 17 462 50"/>
                                                  <Edge fillStyle0="11" fillStyle1="12" edges="! 429 145[ 429 158 418 158[ 405 158 402 150| 402 145[ 402 132 416 130[ 429 129 429 145"/>
                                                  <Edge fillStyle0="11" fillStyle1="12" edges="! 426 241| 425 248| 416 253| 407 248[ 407 237 416 230| 426 241"/>
                                                  <Edge fillStyle0="8" fillStyle1="7" edges="! 583 160[ 600 156 600 145[ 600 130 558 128[ 516 125 516 143[ 516 159 555 161| 551 162| 565 164| 592 160| 583 160"/>
                                                  <Edge fillStyle0="9" fillStyle1="10" edges="! 717 375| 732 372[ 748 372 752 383| 754 390| 753 398| 750 400[ 750 428 726 428| 577 424| 565 425| 522 425| 519 426| 498 426| 496 425| 431 421| 427 421| 424 421[ 397 426 314 419| 231 419| 194 426| 80 426| 69 423| 65 425[ 47 437 33 437[ 13 437 12 415| 14 403| 12 395[ 12 376 24 374| 35 374"/>
                                                  <Edge fillStyle0="9" fillStyle1="11" edges="! 35 374| 46 372| 58 374| 72 374| 228 368| 275 368[ 284 362 304 358[ 332 352 339 365| 403 371| 409 372"/>
                                                  <Edge fillStyle0="9" fillStyle1="10" edges="! 409 372| 450 368| 553 368| 587 380[ 591 372 603 373| 630 376"/>
                                                  <Edge fillStyle0="9" fillStyle1="1" edges="! 630 376| 640 375"/>
                                                  <Edge fillStyle0="9" fillStyle1="11" edges="! 640 375| 676 372| 701 373| 703 374"/>
                                                  <Edge fillStyle0="9" fillStyle1="1" edges="! 703 374| 717 375"/>
                                                  <Edge fillStyle0="10" fillStyle1="1" edges="! 717 375| 715 376"/>
                                                  <Edge fillStyle0="10" fillStyle1="11" edges="! 715 376[ 728 378 735 383| 733 389| 698 387| 626 396| 616 395| 609 387[ 619 380 635 376"/>
                                                  <Edge fillStyle0="10" fillStyle1="1" edges="! 635 376| 630 376"/>
                                                  <Edge fillStyle0="11" fillStyle1="12" edges="! 414 383| 413 389| 399 392[ 386 392 383 387[ 381 390 381 382[ 381 377 392 375| 411 377| 413 377| 414 383"/>
                                                  <Edge fillStyle0="11" fillStyle1="10" edges="! 302 398| 327 393| 334 390| 386 397| 517 404| 549 399| 559 389| 558 386| 536 382| 445 377| 409 372"/>
                                                  <Edge fillStyle0="4" fillStyle1="9" edges="! 444 451| 380 450| 378 470[ 395 470 421 481[ 443 481 444 451"/>
                                                  <Edge fillStyle0="9" fillStyle1="10" edges="! 338 507[ 328 502 330 487| 327 475[ 327 466 334 464[ 339 455 351 456[ 369 458 371 482| 389 481[ 406 483 415 490| 426 486| 477 488[ 477 499 459 509| 419 518| 417 520| 402 527[ 372 527 361 518"/>
                                                  <Edge fillStyle0="9" fillStyle1="11" edges="! 361 518[ 350 517 347 512[ 341 511 338 507"/>
                                                  <Edge fillStyle0="10" fillStyle1="11" edges="! 338 507| 330 490[ 330 471 348 473[ 362 475 365 488[ 375 488 380 496| 383 503[ 383 518 364 518| 361 518"/>
                                                  <Edge fillStyle0="4" fillStyle1="9" edges="! 367 540[ 326 536 312 513[ 303 501 303 467| 304 449| 112 446| 66 443[ 81 459 82 478| 86 625| 86 662| 171 658| 588 658| 717 663| 717 660| 719 484| 723 455| 628 455| 617 454| 505 452| 505 461| 505 468| 505 473[ 505 500 492 516[ 473 536 432 540"/>
                                                  <Edge fillStyle0="4" fillStyle1="5" edges="! 432 540| 482 540[ 507 545 529 526| 546 510| 548 492[ 566 467 650 467[ 671 467 675 498| 678 530| 679 536| 683 572| 680 612[ 673 641 641 625| 230 625| 189 631| 153 626| 125 628[ 98 628 101 598[ 101 565 108 540| 103 505[ 103 466 190 465[ 276 464 276 503| 276 510| 308 540| 353 542| 367 540"/>
                                                  <Edge fillStyle0="9" fillStyle1="5" edges="! 367 540| 432 540"/>
                                                  <Edge fillStyle0="1" fillStyle1="11" edges="! 635 376| 640 375"/>
                                                  <Edge fillStyle0="9" fillStyle1="10" edges="! 747 456[ 759 457 759 476| 759 487| 768 513[ 759 588 750 614[ 766 617 766 633| 762 645| 751 650| 744 650[ 736 647 732 640| 731 634| 730 629| 730 627| 733 619| 725 594| 720 562[ 720 539 726 497[ 728 482 732 476[ 732 456 746 456| 747 456"/>
                                                  <Edge fillStyle0="9" fillStyle1="3" edges="! 776 447[ 787 445 790 440| 793 419"/>
                                                  <Edge fillStyle0="9" fillStyle1="2" edges="! 775 546| 774 512| 771 449| 772 448| 776 447"/>
                                                  <Edge fillStyle0="3" fillStyle1="2" edges="! 776 447| 775 546"/>
                                                  <Edge fillStyle0="3" fillStyle1="9" edges="! 775 546| 774 560| 774 573| 774 575| 774 576| 773 589| 772 593[ 780 610 781 643[ 781 692 769 709[ 762 719 751 719| 748 719| 733 717| 703 723| 152 717| 50 725| 49 725| 31 720| 28 720| 28 713[ 17 707 18 692| 21 645[ 19 633 25 626| 25 616| 20 516| 18 485[ 19 464 23 451"/>
                                                  <Edge fillStyle0="11" fillStyle1="1" edges="! 715 376| 703 374"/>
                                                  <Edge fillStyle0="5" fillStyle1="9" edges="! 364 47| 367 36| 363 24[ 365 16 373 12"/>
                                                  <Edge fillStyle0="4" fillStyle1="9" edges="! 114 23| 120 46| 118 55| 119 228| 113 321| 108 350| 108 356| 108 360| 258 351| 357 351| 357 346[ 356 250 367 137| 366 83[ 366 65 369 54| 364 47"/>
                                                  <Edge fillStyle0="4" fillStyle1="5" edges="! 364 47| 356 56| 358 65| 358 93| 353 153| 347 216| 345 277[ 344 313 286 318| 212 316[ 161 316 138 298[ 125 287 125 275[ 124 252 129 203| 133 104| 135 69[ 130 63 130 53[ 130 30 158 22"/>
                                                  <Edge fillStyle0="6" fillStyle1="7" edges="! 197 53[ 210 40 254 36[ 315 32 315 53| 315 54[ 327 59 327 81| 326 96| 330 121[ 330 133 321 136[ 305 158 215 158| 209 158| 205 158"/>
                                                  <Edge fillStyle0="6" fillStyle1="8" edges="! 205 158| 204 158| 201 158| 183 158| 184 157[ 164 155 158 149| 156 144"/>
                                                  <Edge fillStyle0="6" fillStyle1="7" edges="! 156 144[ 153 138 153 129[ 154 94 160 80"/>
                                                  <Edge fillStyle0="6" fillStyle1="8" edges="! 160 80| 159 75[ 159 65 163 62| 162 58[ 162 47 178 47| 189 49| 191 53| 197 53"/>
                                                  <Edge fillStyle0="7" fillStyle1="8" edges="! 197 53| 255 50| 289 53[ 308 54 317 63| 323 76| 316 89| 297 94| 291 94| 237 98| 166 90| 160 80"/>
                                                  <Edge fillStyle0="5" fillStyle1="6" edges="! 339 81| 333 169[ 327 200 317 214| 317 217[ 317 231 302 237| 302 239[ 299 281 254 281| 187 276[ 180 273 180 262[ 179 252 191 249| 190 249[ 143 249 143 220| 147 196| 146 187| 150 102| 147 59[ 156 38 225 30| 303 28[ 323 30 333 53| 339 81"/>
                                                  <Edge fillStyle0="2" fillStyle1="5" edges="! 236 14| 296 12"/>
                                                  <Edge fillStyle0="8" fillStyle1="7" edges="! 205 158| 237 153[ 291 145 291 136[ 291 121 224 120[ 156 119 156 139| 156 144"/>
                                                  <Edge fillStyle0="7" fillStyle1="8" edges="! 221 179[ 221 194 204 194[ 186 194 186 179[ 186 164 204 164[ 221 164 221 179"/>
                                                  <Edge fillStyle0="6" fillStyle1="7" edges="! 275 180[ 275 202 191 202[ 170 202 170 182[ 170 158 223 160[ 275 161 275 180"/>
                                                  <Edge fillStyle0="9" fillStyle1="10" edges="! 44 73| 44 70[ 44 38 73 29[ 101 20 101 65| 107 104| 102 143| 99 198| 95 218| 96 239| 94 273[ 89 295 76 301[ 92 306 92 322| 85 344[ 76 357 63 357[ 36 357 35 323[ 35 301 53 298[ 42 291 42 268| 46 211| 43 186| 41 120[ 41 91 44 73"/>
                                                  <Edge fillStyle0="10" fillStyle1="11" edges="! 52 180| 53 179| 48 163| 48 136[ 48 120 51 108| 48 96| 49 90| 48 76[ 48 51 75 49[ 101 47 101 70| 97 83| 98 98| 94 147| 83 181| 90 188| 93 197| 88 210| 87 212| 87 223[ 87 244 80 251[ 87 254 87 268[ 87 289 71 289[ 51 289 53 268[ 53 255 63 251[ 52 241 51 204"/>
                                                  <Edge fillStyle0="10" fillStyle1="12" edges="! 51 204[ 46 200 47 192[ 47 183 52 180"/>
                                                  <Edge fillStyle0="11" fillStyle1="12" edges="! 52 180| 61 177[ 75 176 75 191[ 75 206 62 206| 51 204"/>
                                                  <Edge fillStyle0="11" fillStyle1="12" edges="! 51 96| 51 87[ 51 58 69 56[ 87 55 87 88| 82 100| 72 106[ 55 106 51 96"/>
                                                  <Edge fillStyle0="11" fillStyle1="12" edges="! 67 107[ 78 107 78 118[ 78 130 68 130[ 55 130 56 119[ 56 107 67 107"/>
                                                  <Edge fillStyle0="11" fillStyle1="10" edges="! 35 374| 27 383[ 21 388 21 396[ 21 416 39 416[ 102 416 118 402| 133 405| 164 404| 171 404[ 200 404 204 392| 213 387| 255 395| 269 390| 272 393| 300 398"/>
                                                  <Edge fillStyle0="11" fillStyle1="12" edges="! 300 398[ 289 398 290 385[ 290 375 297 373[ 305 370 321 383| 310 395| 302 398"/>
                                                  <Edge fillStyle0="10" fillStyle1="12" edges="! 302 398| 300 398"/>
                                                  <Edge fillStyle0="11" fillStyle1="10" edges="! 31 501[ 34 519 43 525| 51 527| 63 518| 69 506[ 69 479 49 470| 43 468"/>
                                                  <Edge fillStyle0="11" fillStyle1="9" edges="! 43 468| 37 468[ 29 470 29 487| 31 501"/>
                                                  <Edge fillStyle0="10" fillStyle1="9" edges="! 31 501| 30 517| 30 518[ 26 551 34 564| 33 594[ 28 625 45 630| 51 630| 54 630[ 66 628 69 610| 69 586| 67 552| 72 488[ 72 457 51 463| 43 468"/>
                                                  <Edge fillStyle0="11" fillStyle1="12" edges="! 76 377[ 108 373 120 389| 120 390[ 108 401 98 401| 33 395[ 45 380 76 377"/>
                                                  <Edge fillStyle0="5" fillStyle1="6" edges="! 196 485[ 246 485 246 507| 246 509[ 257 518 257 528[ 257 537 247 542| 209 551[ 173 551 164 542| 150 545[ 132 545 127 533| 125 519[ 124 491 148 493| 153 494[ 165 485 196 485"/>
                                                  <Edge fillStyle0="9" fillStyle1="10" edges="! 61 645[ 72 645 72 658[ 72 671 62 671| 58 671[ 48 669 50 659[ 50 650 55 647| 61 645"/>
                                                  <Edge fillStyle0="5" fillStyle1="6" edges="! 651 542[ 643 554 628 554[ 611 554 586 535| 585 534| 578 529| 577 528| 564 512[ 563 489 610 490[ 656 490 657 525| 651 542"/>
                                             </edges>
                                        </DOMShape>
                                   </elements>
                              </DOMFrame>
                         </frames>
                    </DOMLayer>
               </layers>
          </DOMTimeline>
     </timeline>
</DOMSymbolItem>
