<DOMSymbolItem xmlns="http://ns.adobe.com/xfl/2008/" xmlns:xsi="http://www.w3.org/2001/XMLSchema-instance" name="Symbol 2160" lastModified="1681431985">
     <timeline>
          <DOMTimeline name="Symbol 2160">
               <layers>
                    <DOMLayer name="Layer 1" color="#8fa3c6" current="true" isSelected="true">
                         <frames>
                              <DOMFrame index="0" keyMode="9728">
                                   <elements>
                                        <DOMShape isFloating="true">
                                             <fills>
                                                  <FillStyle index="1">
                                                       <SolidColor color="#3f3838" alpha="1.0"/>
                                                  </FillStyle>
                                                  <FillStyle index="2">
                                                       <SolidColor color="#474141" alpha="1.0"/>
                                                  </FillStyle>
                                                  <FillStyle index="3">
                                                       <SolidColor color="#544e4e" alpha="1.0"/>
                                                  </FillStyle>
                                                  <FillStyle index="4">
                                                       <SolidColor color="#9c9696" alpha="1.0"/>
                                                  </FillStyle>
                                                  <FillStyle index="5">
                                                       <SolidColor color="#473430" alpha="0.3019608"/>
                                                  </FillStyle>
                                                  <FillStyle index="6">
                                                       <SolidColor color="#4f3328" alpha="1.0"/>
                                                  </FillStyle>
                                                  <FillStyle index="7">
                                                       <SolidColor color="#59362f" alpha="1.0"/>
                                                  </FillStyle>
                                                  <FillStyle index="8">
                                                       <SolidColor color="#653e34" alpha="1.0"/>
                                                  </FillStyle>
                                                  <FillStyle index="9">
                                                       <SolidColor color="#70443a" alpha="1.0"/>
                                                  </FillStyle>
                                             </fills>
                                             <strokes/>
                                             <edges>
                                                  <Edge fillStyle0="1" fillStyle1="2" edges="! 869 5[ 878 9 878 21| 875 29| 863 36| 847 32| 841 33| 822 27| 800 31| 677 33| 551 28| 544 26"/>
                                                  <Edge fillStyle0="1" fillStyle1="3" edges="! 544 26| 535 25"/>
                                                  <Edge fillStyle0="1" fillStyle1="2" edges="! 535 25| 498 22| 430 22| 347 21| 265 25| 245 31| 107 31| 107 35[ 107 49 92 49[ 99 64 100 125| 96 228| 92 272| 94 306| 89 394| 91 440| 98 463| 102 486| 98 513| 104 550| 109 598| 105 623| 105 708| 107 720[ 107 745 85 745[ 64 745 61 715| 60 668| 58 591[ 61 564 56 514| 54 486"/>
                                                  <Edge fillStyle0="1" fillStyle1="3" edges="! 54 486| 53 481| 53 479"/>
                                                  <Edge fillStyle0="1" fillStyle1="2" edges="! 53 479| 51 441| 51 439| 52 381| 52 372| 56 320| 54 289[ 52 272 61 264| 66 74| 72 61| 68 53| 64 53[ 47 53 41 45| 39 37| 41 28[ 43 22 48 19| 57 14"/>
                                                  <Edge fillStyle0="1" fillStyle1="3" edges="! 57 14| 69 10"/>
                                                  <Edge fillStyle0="1" fillStyle1="2" edges="! 69 10[ 70 8 73 7| 110 7| 246 7| 257 6[ 257 4 264 3"/>
                                                  <Edge fillStyle0="1" fillStyle1="0" edges="! 264 3| 235 6| 131 6| 111 5| 99 1[ 55 1 41 11[ 32 18 32 37| 34 55"/>
                                                  <Edge fillStyle0="1" fillStyle1="5" edges="! 34 55| 35 58| 48 73| 46 99| 45 202| 36 481| 43 631| 39 668| 43 711| 45 731| 46 756[ 35 762 31 778[ 28 787 28 801| 30 815| 50 828[ 54 832 59 832| 65 830| 85 831| 130 828| 165 824| 187 828| 198 830| 210 831| 225 829| 292 829| 316 824| 372 825| 377 826| 652 839| 680 843| 728 839| 750 837| 773 831| 828 831| 853 833| 858 833| 875 832| 888 826| 889 825| 892 809| 891 791"/>
                                                  <Edge fillStyle0="1" fillStyle1="3" edges="! 891 791| 884 795"/>
                                                  <Edge fillStyle0="1" fillStyle1="2" edges="! 884 795| 881 798| 876 801| 815 806| 789 803| 690 800| 659 803| 618 806| 529 799| 377 798| 324 795| 144 798| 125 798[ 102 809 89 809[ 56 809 46 796| 42 781| 43 776[ 44 768 50 765[ 53 762 58 761| 62 761"/>
                                                  <Edge fillStyle0="1" fillStyle1="3" edges="! 62 761[ 70 755 82 755| 89 756"/>
                                                  <Edge fillStyle0="1" fillStyle1="2" edges="! 89 756| 116 751| 185 751| 193 755"/>
                                                  <Edge fillStyle0="1" fillStyle1="3" edges="! 193 755| 196 752| 212 756"/>
                                                  <Edge fillStyle0="1" fillStyle1="2" edges="! 212 756| 232 755"/>
                                                  <Edge fillStyle0="1" fillStyle1="6" edges="! 232 755| 183 748| 118 746| 119 737| 119 702| 117 663| 117 583| 110 486| 104 386[ 104 347 114 242| 114 118[ 112 99 116 67| 121 59| 122 57| 128 58"/>
                                                  <Edge fillStyle0="1" fillStyle1="7" edges="! 128 58| 127 52[ 127 41 143 38| 158 36[ 183 35 187 45| 192 44| 206 44[ 211 41 220 39"/>
                                                  <Edge fillStyle0="1" fillStyle1="8" edges="! 220 39| 240 36| 241 36"/>
                                                  <Edge fillStyle0="1" fillStyle1="7" edges="! 241 36| 243 36| 252 36"/>
                                                  <Edge fillStyle0="1" fillStyle1="8" edges="! 252 36| 271 36"/>
                                                  <Edge fillStyle0="1" fillStyle1="7" edges="! 271 36[ 292 38 292 51| 292 53"/>
                                                  <Edge fillStyle0="1" fillStyle1="6" edges="! 292 53| 320 57"/>
                                                  <Edge fillStyle0="1" fillStyle1="7" edges="! 320 57[ 326 36 346 33| 358 32[ 387 33 395 46| 428 41| 468 42[ 486 46 486 60| 486 65"/>
                                                  <Edge fillStyle0="1" fillStyle1="6" edges="! 486 65| 513 64"/>
                                                  <Edge fillStyle0="1" fillStyle1="7" edges="! 513 64| 508 53[ 508 36 543 39| 556 41[ 574 44 577 53| 583 53| 645 60| 650 61"/>
                                                  <Edge fillStyle0="1" fillStyle1="6" edges="! 650 61| 655 62"/>
                                                  <Edge fillStyle0="1" fillStyle1="7" edges="! 655 62[ 659 56 662 64"/>
                                                  <Edge fillStyle0="1" fillStyle1="6" edges="! 662 64| 677 65"/>
                                                  <Edge fillStyle0="1" fillStyle1="7" edges="! 677 65| 677 61[ 677 40 766 38| 788 37| 790 37[ 802 38 802 55| 801 61"/>
                                                  <Edge fillStyle0="1" fillStyle1="6" edges="! 801 61| 804 62| 805 66| 805 159[ 818 345 818 505[ 811 722 822 767"/>
                                                  <Edge fillStyle0="1" fillStyle1="2" edges="! 822 767| 837 767"/>
                                                  <Edge fillStyle0="1" fillStyle1="3" edges="! 837 767| 846 767"/>
                                                  <Edge fillStyle0="1" fillStyle1="4" edges="! 846 767| 853 766| 864 767"/>
                                                  <Edge fillStyle0="1" fillStyle1="3" edges="! 864 767| 870 767| 872 767| 887 768"/>
                                                  <Edge fillStyle0="1" fillStyle1="5" edges="! 887 768| 879 757| 876 656| 878 577| 878 375| 873 301| 870 226| 872 131| 870 63| 883 56"/>
                                                  <Edge fillStyle0="1" fillStyle1="0" edges="! 883 56| 885 51| 885 50| 888 45| 889 32| 886 20[ 883 6 869 5"/>
                                                  <Edge fillStyle0="2" fillStyle1="0" edges="! 869 5| 856 2"/>
                                                  <Edge fillStyle0="2" fillStyle1="1" edges="! 856 2| 854 2| 843 3"/>
                                                  <Edge fillStyle0="2" fillStyle1="3" edges="! 843 3| 857 3| 866 12[ 866 22 857 22| 812 20| 784 24| 768 29| 681 29| 649 22[ 647 21 648 14| 684 12| 763 12[ 767 8 782 7| 795 6"/>
                                                  <Edge fillStyle0="2" fillStyle1="1" edges="! 795 6| 771 7"/>
                                                  <Edge fillStyle0="2" fillStyle1="0" edges="! 771 7| 704 7"/>
                                                  <Edge fillStyle0="2" fillStyle1="1" edges="! 704 7| 701 8| 570 8"/>
                                                  <Edge fillStyle0="2" fillStyle1="3" edges="! 570 8[ 610 11 621 20[ 618 29 603 29| 544 26"/>
                                                  <Edge fillStyle0="1" fillStyle1="3" edges="! 837 4| 843 3"/>
                                                  <Edge fillStyle0="0" fillStyle1="2" edges="! 802 4| 821 2| 825 2"/>
                                                  <Edge fillStyle0="0" fillStyle1="1" edges="! 825 2| 856 2"/>
                                                  <Edge fillStyle0="1" fillStyle1="2" edges="! 825 2| 837 4"/>
                                                  <Edge fillStyle0="3" fillStyle1="2" edges="! 837 4| 795 6"/>
                                                  <Edge fillStyle0="1" fillStyle1="2" edges="! 795 6| 802 4"/>
                                                  <Edge fillStyle0="1" fillStyle1="0" edges="! 802 4| 771 7"/>
                                                  <Edge fillStyle0="3" fillStyle1="4" edges="! 844 114| 835 118[ 826 118 825 108| 825 101[ 825 84 836 84| 838 84"/>
                                                  <Edge fillStyle0="3" fillStyle1="2" edges="! 838 84| 835 81[ 818 92 817 125| 820 159| 824 179| 833 203| 839 200| 844 114"/>
                                                  <Edge fillStyle0="4" fillStyle1="2" edges="! 844 114| 846 102[ 846 86 838 84"/>
                                                  <Edge fillStyle0="1" fillStyle1="2" edges="! 862 635| 861 646| 858 674| 859 710| 863 738| 864 744| 863 752| 861 755| 849 763[ 831 763 827 736| 827 709| 831 628| 835 554| 833 423[ 826 373 826 331| 824 231| 818 143| 817 125| 816 110[ 816 78 823 63[ 843 21 852 131| 855 355| 860 389| 864 421| 864 607"/>
                                                  <Edge fillStyle0="1" fillStyle1="3" edges="! 864 607| 864 615| 862 635"/>
                                                  <Edge fillStyle0="2" fillStyle1="3" edges="! 862 635| 841 669[ 833 661 833 650[ 845 623 845 608| 841 561[ 841 544 851 552[ 860 559 862 571| 864 607"/>
                                                  <Edge fillStyle0="0" fillStyle1="5" edges="! 883 56| 884 83| 896 367| 896 604| 900 653| 895 745[ 895 750 906 761[ 916 772 916 785| 910 828[ 900 864 883 870| 803 870| 724 880| 571 880| 466 867| 445 863| 382 863| 213 858| 33 858[ 11 849 4 830| 0 800[ 0 778 20 754[ 15 728 12 675| 10 572| 10 547| 16 513| 16 405| 20 371| 22 337| 22 221| 30 137| 29 74[ 29 59 34 55"/>
                                                  <Edge fillStyle0="2" fillStyle1="3" edges="! 828 226| 840 225| 844 267| 841 304| 839 306[ 830 298 827 269| 825 237[ 825 231 828 226"/>
                                                  <Edge fillStyle0="2" fillStyle1="3" edges="! 844 388[ 853 397 853 429| 859 481| 853 516[ 845 503 840 461| 835 400[ 835 379 844 388"/>
                                                  <Edge fillStyle0="2" fillStyle1="3" edges="! 850 702[ 850 716 841 716[ 834 716 833 708| 833 702[ 833 690 842 691[ 850 692 850 702"/>
                                                  <Edge fillStyle0="3" fillStyle1="5" edges="! 891 791| 897 781| 892 771| 887 768"/>
                                                  <Edge fillStyle0="2" fillStyle1="3" edges="! 884 795| 882 795| 844 799| 800 792| 798 784[ 798 774 809 770| 837 767"/>
                                                  <Edge fillStyle0="3" fillStyle1="4" edges="! 864 767[ 871 769 871 775[ 871 785 854 785[ 835 785 835 776[ 835 769 846 767"/>
                                                  <Edge fillStyle0="7" fillStyle1="8" edges="! 789 85| 787 133| 786 212| 784 222| 781 247| 793 295| 787 309| 780 324| 788 426| 790 499| 790 532| 789 561| 786 604[ 782 629 788 665| 789 673[ 789 701 753 701[ 742 701 741 689| 741 677| 738 676| 741 697[ 739 708 714 708| 676 683| 683 626| 698 571| 696 558| 678 558| 677 540| 685 433| 689 342[ 683 306 683 270| 680 259| 676 248| 679 194| 682 137| 684 81| 685 74[ 689 61 708 53[ 730 43 767 43| 786 46| 792 55| 789 85"/>
                                                  <Edge fillStyle0="7" fillStyle1="6" edges="! 789 85| 801 61"/>
                                                  <Edge fillStyle0="8" fillStyle1="9" edges="! 754 65[ 779 53 779 75| 773 93| 773 181| 776 255| 775 288| 770 303[ 776 303 776 319| 774 335| 774 436| 771 458| 768 480| 768 573[ 761 613 761 637| 754 647[ 746 655 739 655[ 729 655 726 628| 725 600| 727 559[ 727 549 733 537| 738 520| 725 415| 731 367[ 731 342 754 316| 755 315| 747 316[ 734 316 732 296| 732 276| 735 244| 738 212| 734 161| 731 131| 729 148| 731 205[ 731 270 723 373[ 713 497 700 508[ 693 506 693 496[ 693 467 700 406| 707 319| 703 252| 698 181| 699 86[ 720 73 733 75| 739 77[ 744 69 754 65"/>
                                                  <Edge fillStyle0="6" fillStyle1="7" edges="! 650 61| 645 63| 644 68| 645 75| 652 76| 653 76| 652 83| 654 112[ 658 141 667 141| 674 138| 677 77| 677 71| 677 65"/>
                                                  <Edge fillStyle0="6" fillStyle1="7" edges="! 662 64| 662 65| 660 64| 659 63| 658 63| 657 62| 655 62"/>
                                                  <Edge fillStyle0="8" fillStyle1="9" edges="! 610 90| 612 89[ 633 86 633 114| 626 273| 629 372| 632 479[ 631 531 618 531[ 601 531 599 489| 598 427| 594 375| 596 323| 590 236| 592 186| 582 234| 582 313| 580 389| 583 405[ 578 482 565 482| 557 480[ 552 478 550 472| 549 463[ 549 452 556 444| 558 431| 557 431[ 538 431 539 355| 542 232| 542 103| 536 91[ 536 64 549 62[ 562 60 562 77| 570 137| 578 179| 579 173| 595 119| 594 117| 591 111[ 591 96 606 91| 608 87| 610 90"/>
                                                  <Edge fillStyle0="7" fillStyle1="8" edges="! 643 113| 648 151[ 655 200 655 250| 653 428[ 652 585 623 585[ 614 585 580 517[ 576 523 560 523[ 543 523 539 509| 536 491| 522 474[ 518 473 518 463| 527 342| 518 289| 521 223| 523 215| 523 125| 522 109| 519 88[ 518 78 520 70| 528 57[ 542 47 552 50[ 562 53 568 69| 573 88| 575 109| 574 124| 577 113| 580 86[ 587 64 614 70[ 641 77 641 97| 643 113"/>
                                                  <Edge fillStyle0="7" fillStyle1="6" edges="! 342 493| 343 503| 337 553[ 334 573 343 578| 346 572| 381 541| 398 531| 412 516| 414 501[ 416 496 425 494[ 428 484 462 484| 487 487| 487 477| 493 445| 497 377| 504 321| 508 273| 509 280| 510 396| 510 464[ 511 494 515 506| 515 508| 516 505[ 517 495 525 502| 531 511| 532 522| 533 541[ 570 555 580 563[ 591 571 591 584| 597 604[ 597 634 584 668| 570 702| 571 707| 571 709| 572 716| 580 722[ 592 731 615 731| 639 728| 643 719| 643 716| 651 709| 651 678| 652 675[ 655 697 661 705| 659 711| 664 715| 663 722| 664 728[ 667 734 677 734| 720 730| 724 728| 788 732[ 801 732 801 713| 797 664| 800 529| 802 489| 800 428| 796 376| 800 291| 792 222| 792 137| 792 134| 789 85"/>
                                                  <Edge fillStyle0="1" fillStyle1="2" edges="! 558 5| 570 6| 570 8"/>
                                                  <Edge fillStyle0="3" fillStyle1="2" edges="! 570 8| 543 7[ 521 9 521 16[ 521 21 535 25"/>
                                                  <Edge fillStyle0="6" fillStyle1="7" edges="! 486 65| 485 71| 485 82| 487 98| 492 142[ 493 171 501 210| 504 228| 506 190[ 506 159 512 109[ 511 84 517 70| 513 64"/>
                                                  <Edge fillStyle0="8" fillStyle1="9" edges="! 454 70| 454 79| 453 81| 458 108| 462 143| 456 261| 456 346| 456 379| 453 392| 457 418[ 457 435 440 435[ 418 435 419 419[ 419 406 422 398[ 416 392 413 380| 410 344[ 407 325 397 312[ 388 301 388 288[ 388 276 401 229| 396 196| 390 172[ 390 165 397 143| 404 117| 408 88[ 413 69 441 69| 454 70"/>
                                                  <Edge fillStyle0="2" fillStyle1="0" edges="! 558 5| 499 2| 425 2| 334 0| 277 1"/>
                                                  <Edge fillStyle0="2" fillStyle1="3" edges="! 277 1| 320 4| 441 4[ 456 5 456 12[ 456 21 441 20| 316 20| 288 20[ 268 20 260 7| 269 2"/>
                                                  <Edge fillStyle0="2" fillStyle1="0" edges="! 269 2| 264 3"/>
                                                  <Edge fillStyle0="8" fillStyle1="7" edges="! 342 493[ 350 514 358 514| 362 512| 361 514| 356 521| 358 528| 363 529[ 385 529 396 490| 408 441| 410 455[ 414 466 434 466[ 475 466 479 417| 476 357| 485 232| 474 143| 476 97[ 475 70 465 52| 409 60| 411 64| 399 96| 394 69[ 390 52 367 47| 350 46[ 344 47 344 54| 346 60[ 341 71 339 101| 336 178| 335 188| 324 252| 320 275| 318 308| 319 334| 328 366| 328 443| 329 447| 337 477"/>
                                                  <Edge fillStyle0="8" fillStyle1="6" edges="! 337 477| 339 484| 342 493"/>
                                                  <Edge fillStyle0="7" fillStyle1="6" edges="! 675 362| 674 363| 671 255[ 671 248 675 246| 677 256| 675 362"/>
                                                  <Edge fillStyle0="7" fillStyle1="6" edges="! 675 364| 680 434| 672 552| 670 553| 664 507| 670 384| 673 364| 675 364"/>
                                                  <Edge fillStyle0="7" fillStyle1="8" edges="! 724 453[ 719 461 718 476| 717 499| 717 512| 718 514[ 728 501 727 482| 724 453"/>
                                                  <Edge fillStyle0="1" fillStyle1="0" edges="! 704 7| 558 5"/>
                                                  <Edge fillStyle0="6" fillStyle1="7" edges="! 292 53| 291 57| 294 68| 292 91| 297 156| 296 174[ 304 179 306 196| 310 242| 311 276| 314 263| 318 251| 321 224| 323 186[ 323 125 326 94[ 319 89 318 74| 318 71| 318 70| 320 57"/>
                                                  <Edge fillStyle0="8" fillStyle1="9" edges="! 368 61[ 389 62 389 76[ 381 111 381 143| 384 182| 387 214| 377 252[ 366 287 360 287[ 344 287 344 186| 348 75[ 347 60 368 61"/>
                                                  <Edge fillStyle0="3" fillStyle1="0" edges="! 277 1| 275 1| 269 2"/>
                                                  <Edge fillStyle0="7" fillStyle1="8" edges="! 271 36| 276 43| 280 59| 281 86| 279 100[ 288 117 289 141| 289 175| 291 196| 297 251| 300 278| 302 306| 297 331[ 291 341 291 350| 298 402| 312 540| 305 566| 297 590[ 295 605 300 638| 296 667[ 286 686 248 686[ 233 686 237 673| 239 641[ 239 623 244 617| 249 608| 231 461| 229 543| 231 603[ 228 638 200 631| 202 670| 200 681| 175 687[ 144 687 138 662| 138 616[ 138 569 141 545| 141 368[ 149 362 149 351| 146 321| 142 282| 139 162| 134 102[ 128 57 143 48| 145 43| 159 41[ 175 41 185 49[ 196 57 201 73| 203 84| 204 77| 212 51| 220 39"/>
                                                  <Edge fillStyle0="7" fillStyle1="8" edges="! 241 36| 247 38| 252 36"/>
                                                  <Edge fillStyle0="8" fillStyle1="9" edges="! 227 62[ 227 43 244 42[ 261 41 261 53[ 261 60 271 70| 271 149[ 276 154 278 174| 278 195| 277 301| 276 314| 265 322[ 249 322 247 288| 246 241| 239 193| 237 160| 232 111| 227 62"/>
                                                  <Edge fillStyle0="8" fillStyle1="9" edges="! 212 246| 202 281[ 191 301 191 322| 187 397| 187 513[ 184 528 184 555| 181 571| 182 595| 178 611[ 173 625 166 625[ 150 625 154 607| 159 584| 156 533| 152 482[ 152 451 158 387| 163 345[ 151 330 149 272[ 149 234 170 236| 185 240| 170 217[ 153 196 153 165| 148 121| 142 79[ 142 62 162 57[ 181 53 187 64| 200 98[ 212 136 212 166[ 212 181 205 191| 198 206[ 198 218 205 225[ 212 233 212 246"/>
                                                  <Edge fillStyle0="2" fillStyle1="3" edges="! 161 16| 196 10| 228 11[ 222 18 198 18| 166 17| 161 16"/>
                                                  <Edge fillStyle0="6" fillStyle1="7" edges="! 337 477| 329 459| 324 448| 325 518| 324 544| 323 555| 323 652| 324 669| 326 658| 324 649[ 324 642 329 641| 328 632[ 328 622 335 612| 335 609| 337 609[ 346 597 346 620| 342 641| 340 648| 340 649| 339 655| 359 687[ 359 697 344 697[ 319 697 323 687[ 319 696 307 696| 303 696[ 301 703 287 706[ 283 717 273 717[ 248 717 242 700| 225 700| 223 705| 195 710| 138 706[ 133 704 133 698| 137 685| 132 664[ 126 632 125 574| 130 499| 130 327| 132 311| 132 283| 125 119| 127 77| 124 67| 128 59| 128 58"/>
                                                  <Edge fillStyle0="3" fillStyle1="2" edges="! 57 14[ 51 17 51 23| 53 31| 75 35[ 93 35 96 25| 144 21| 152 16| 144 11| 97 8| 69 10"/>
                                                  <Edge fillStyle0="3" fillStyle1="4" edges="! 96 19[ 96 28 84 28| 62 26| 61 19[ 61 12 88 12| 96 19"/>
                                                  <Edge fillStyle0="2" fillStyle1="3" edges="! 89 94| 93 109| 91 114| 89 118| 94 131[ 94 164 83 164[ 67 164 65 118| 69 109| 72 99[ 72 82 81 77[ 89 71 89 94"/>
                                                  <Edge fillStyle0="3" fillStyle1="4" edges="! 81 140[ 73 140 73 132[ 73 123 82 122[ 91 122 91 130[ 91 140 81 140"/>
                                                  <Edge fillStyle0="2" fillStyle1="3" edges="! 81 221| 82 222| 79 222[ 69 222 69 206[ 69 193 79 191[ 88 190 88 203[ 88 215 81 221"/>
                                                  <Edge fillStyle0="2" fillStyle1="3" edges="! 77 266[ 68 266 68 257[ 68 249 76 249[ 83 249 83 258| 77 266"/>
                                                  <Edge fillStyle0="2" fillStyle1="3" edges="! 80 411[ 80 427 70 427[ 56 427 53 401[ 53 324 67 313[ 81 303 81 381| 80 411"/>
                                                  <Edge fillStyle0="3" fillStyle1="2" edges="! 54 486| 58 503| 63 527| 60 550[ 60 562 70 574| 74 571[ 74 562 77 555| 80 543| 85 470[ 85 449 69 456[ 54 464 53 479"/>
                                                  <Edge fillStyle0="8" fillStyle1="9" edges="! 190 411[ 190 370 206 370[ 221 370 221 415[ 221 450 214 463| 214 573| 212 584[ 211 592 203 592[ 195 592 193 583| 191 571| 191 423| 190 411"/>
                                                  <Edge fillStyle0="8" fillStyle1="9" edges="! 344 313[ 354 304 359 333| 368 374| 376 412| 382 456[ 382 486 366 486[ 345 486 334 333[ 334 321 344 313"/>
                                                  <Edge fillStyle0="7" fillStyle1="8" edges="! 377 332[ 381 364 387 381| 397 377| 399 371| 396 361[ 396 344 377 332"/>
                                                  <Edge fillStyle0="8" fillStyle1="9" edges="! 247 333[ 283 401 283 410[ 283 427 271 429| 282 462| 286 492| 282 503| 290 525| 298 546| 294 560[ 289 569 280 569[ 262 569 272 546[ 272 532 260 507[ 248 481 248 447| 239 351| 247 333"/>
                                                  <Edge fillStyle0="7" fillStyle1="8" edges="! 225 333| 228 271[ 230 233 225 211[ 215 237 215 268[ 215 306 224 333| 225 333"/>
                                                  <Edge fillStyle0="7" fillStyle1="6" edges="! 307 399| 303 355| 307 344| 313 385| 307 399"/>
                                                  <Edge fillStyle0="1" fillStyle1="2" edges="! 380 570| 391 562[ 426 539 426 567| 395 602| 393 606| 388 626| 393 648| 390 655| 380 661[ 360 661 357 619| 357 617"/>
                                                  <Edge fillStyle0="1" fillStyle1="6" edges="! 357 617| 350 622| 350 623| 350 627[ 350 649 362 668| 367 675[ 399 719 479 719[ 537 719 560 682[ 573 661 573 632| 572 615| 572 610| 570 587| 569 584[ 563 573 550 569| 546 568| 546 566[ 544 557 532 558| 527 559| 524 559[ 518 559 514 562| 514 541| 510 528| 510 515[ 510 503 499 498| 492 504"/>
                                                  <Edge fillStyle0="1" fillStyle1="2" edges="! 492 504[ 499 507 499 516| 497 562[ 492 587 473 587[ 451 587 444 572| 441 556| 441 549| 437 529[ 437 513 442 505"/>
                                                  <Edge fillStyle0="1" fillStyle1="3" edges="! 442 505| 444 501"/>
                                                  <Edge fillStyle0="1" fillStyle1="6" edges="! 444 501| 437 503| 429 523[ 429 535 423 535"/>
                                                  <Edge fillStyle0="1" fillStyle1="7" edges="! 423 535| 421 541| 413 543"/>
                                                  <Edge fillStyle0="1" fillStyle1="6" edges="! 413 543| 390 561| 380 570"/>
                                                  <Edge fillStyle0="2" fillStyle1="6" edges="! 380 570[ 356 590 356 608| 357 617"/>
                                                  <Edge fillStyle0="3" fillStyle1="4" edges="! 385 569[ 402 558 402 573| 373 597| 367 590| 368 587"/>
                                                  <Edge fillStyle0="3" fillStyle1="2" edges="! 368 587[ 358 600 358 613[ 355 631 369 631[ 381 631 380 620| 382 602[ 388 595 402 586[ 411 581 411 572[ 411 547 385 569"/>
                                                  <Edge fillStyle0="4" fillStyle1="2" edges="! 385 569| 368 587"/>
                                                  <Edge fillStyle0="8" fillStyle1="9" edges="! 276 611| 279 621| 277 627| 269 632[ 259 632 259 621| 261 609[ 272 603 276 611"/>
                                                  <Edge fillStyle0="2" fillStyle1="3" edges="! 73 593| 72 628| 71 629| 68 630| 64 620[ 64 600 72 594| 73 593"/>
                                                  <Edge fillStyle0="2" fillStyle1="3" edges="! 83 664[ 95 667 95 680[ 95 695 85 695[ 71 695 70 675[ 70 662 83 664"/>
                                                  <Edge fillStyle0="8" fillStyle1="9" edges="! 177 645| 168 655| 161 652| 160 645[ 160 637 169 637[ 177 637 177 645"/>
                                                  <Edge fillStyle0="3" fillStyle1="2" edges="! 193 755| 188 761| 162 758| 129 755| 112 764"/>
                                                  <Edge fillStyle0="3" fillStyle1="4" edges="! 112 764| 116 773[ 116 786 92 786[ 62 786 62 772[ 62 757 89 758| 98 759"/>
                                                  <Edge fillStyle0="3" fillStyle1="2" edges="! 98 759| 89 756"/>
                                                  <Edge fillStyle0="3" fillStyle1="4" edges="! 149 776| 149 772[ 149 761 158 763[ 167 765 167 774| 167 776"/>
                                                  <Edge fillStyle0="3" fillStyle1="2" edges="! 167 776| 186 779| 199 775| 216 780| 225 776| 234 769| 233 767| 212 756"/>
                                                  <Edge fillStyle0="2" fillStyle1="4" edges="! 167 776[ 166 780 160 780[ 149 780 149 776"/>
                                                  <Edge fillStyle0="2" fillStyle1="3" edges="! 149 776[ 132 777 128 785[ 123 795 88 795[ 51 795 52 779[ 52 771 57 765| 62 761"/>
                                                  <Edge fillStyle0="4" fillStyle1="2" edges="! 112 764[ 107 760 98 759"/>
                                                  <Edge fillStyle0="1" fillStyle1="3" edges="! 374 762| 383 757"/>
                                                  <Edge fillStyle0="1" fillStyle1="6" edges="! 383 757| 337 757"/>
                                                  <Edge fillStyle0="1" fillStyle1="3" edges="! 337 757| 338 758"/>
                                                  <Edge fillStyle0="1" fillStyle1="2" edges="! 338 758| 374 762"/>
                                                  <Edge fillStyle0="3" fillStyle1="2" edges="! 374 762| 372 766[ 372 773 394 778| 405 780"/>
                                                  <Edge fillStyle0="3" fillStyle1="4" edges="! 405 780| 402 773[ 402 764 413 766[ 423 768 423 776| 420 782"/>
                                                  <Edge fillStyle0="3" fillStyle1="2" edges="! 420 782| 469 784| 486 780[ 490 786 497 786| 504 784| 505 780[ 492 768 466 762"/>
                                                  <Edge fillStyle0="3" fillStyle1="1" edges="! 466 762| 436 757"/>
                                                  <Edge fillStyle0="3" fillStyle1="6" edges="! 436 757| 427 756| 383 757"/>
                                                  <Edge fillStyle0="3" fillStyle1="2" edges="! 298 754[ 284 759 284 768[ 285 779 298 779[ 338 779 338 762| 338 758"/>
                                                  <Edge fillStyle0="6" fillStyle1="3" edges="! 298 754| 311 751[ 332 748 337 757"/>
                                                  <Edge fillStyle0="2" fillStyle1="3" edges="! 284 770[ 284 782 269 782[ 242 782 242 767[ 242 751 263 755[ 284 758 284 770"/>
                                                  <Edge fillStyle0="6" fillStyle1="2" edges="! 232 755| 276 752| 298 754"/>
                                                  <Edge fillStyle0="7" fillStyle1="8" edges="! 641 628| 641 634| 640 673[ 636 712 615 712[ 588 712 588 696| 594 673| 600 655| 613 620| 613 601[ 615 594 621 593| 633 596| 637 602"/>
                                                  <Edge fillStyle0="7" fillStyle1="9" edges="! 637 602| 642 613| 641 628"/>
                                                  <Edge fillStyle0="8" fillStyle1="9" edges="! 641 628[ 638 644 627 644[ 620 644 618 632| 617 619[ 617 606 630 602| 637 602"/>
                                                  <Edge fillStyle0="8" fillStyle1="9" edges="! 694 647[ 694 622 708 624[ 722 625 722 649[ 722 672 706 672[ 696 672 694 660| 694 647"/>
                                                  <Edge fillStyle0="2" fillStyle1="3" edges="! 539 602[ 527 602 524 592| 523 585[ 523 571 537 572[ 551 572 551 589[ 547 602 539 602"/>
                                                  <Edge fillStyle0="1" fillStyle1="2" edges="! 541 568[ 569 580 569 606| 566 618| 563 623| 564 634| 558 652| 545 666| 535 670[ 521 670 525 659| 541 633| 541 629| 536 610| 531 602[ 512 588 512 578[ 512 555 541 568"/>
                                                  <Edge fillStyle0="6" fillStyle1="2" edges="! 484 502| 492 504"/>
                                                  <Edge fillStyle0="3" fillStyle1="4" edges="! 477 501[ 488 501 488 515[ 488 527 475 527[ 463 527 466 517[ 466 501 477 501"/>
                                                  <Edge fillStyle0="2" fillStyle1="3" edges="! 484 502[ 493 509 492 526| 488 543[ 482 555 474 555[ 458 555 451 537| 441 513| 442 505"/>
                                                  <Edge fillStyle0="6" fillStyle1="3" edges="! 444 501[ 449 493 460 494| 473 498| 484 502"/>
                                                  <Edge fillStyle0="7" fillStyle1="6" edges="! 423 535| 420 535| 413 543"/>
                                                  <Edge fillStyle0="6" fillStyle1="1" edges="! 414 611| 403 633[ 403 641 416 648| 421 647[ 431 647 443 657| 453 658| 467 658[ 482 648 495 647| 502 647| 505 644| 508 626| 508 624| 499 613| 498 607| 491 611[ 483 620 456 620[ 429 620 429 604| 421 598| 414 611"/>
                                                  <Edge fillStyle0="1" fillStyle1="4" edges="! 426 667[ 426 660 435 662| 451 665| 454 665| 455 667| 456 669[ 456 677 445 677[ 426 677 426 667"/>
                                                  <Edge fillStyle0="1" fillStyle1="6" edges="! 774 766| 726 759| 554 759| 549 760| 496 760| 449 757| 436 757"/>
                                                  <Edge fillStyle0="2" fillStyle1="3" edges="! 659 763[ 665 765 665 773[ 665 782 644 790| 606 797| 549 789[ 530 782 530 776[ 530 765 547 765| 559 766| 559 768| 591 769| 632 762"/>
                                                  <Edge fillStyle0="2" fillStyle1="1" edges="! 632 762| 609 761| 601 761| 475 761| 466 762"/>
                                                  <Edge fillStyle0="4" fillStyle1="2" edges="! 405 780| 414 785| 420 782"/>
                                                  <Edge fillStyle0="2" fillStyle1="3" edges="! 772 781[ 772 792 748 792| 711 790[ 679 790 679 771[ 679 764 706 766| 747 769| 770 774| 772 781"/>
                                                  <Edge fillStyle0="6" fillStyle1="2" edges="! 774 766| 796 766| 822 767"/>
                                                  <Edge fillStyle0="1" fillStyle1="3" edges="! 632 762| 634 761| 659 763"/>
                                                  <Edge fillStyle0="1" fillStyle1="2" edges="! 659 763| 774 766"/>
                                             </edges>
                                        </DOMShape>
                                   </elements>
                              </DOMFrame>
                         </frames>
                    </DOMLayer>
               </layers>
          </DOMTimeline>
     </timeline>
</DOMSymbolItem>
