<DOMSymbolItem xmlns="http://ns.adobe.com/xfl/2008/" xmlns:xsi="http://www.w3.org/2001/XMLSchema-instance" name="Symbol 2091" lastModified="1681431985">
     <timeline>
          <DOMTimeline name="Symbol 2091">
               <layers>
                    <DOMLayer name="Layer 1" color="#53cad6" current="true" isSelected="true">
                         <frames>
                              <DOMFrame index="0" keyMode="9728">
                                   <elements>
                                        <DOMShape isFloating="true">
                                             <fills>
                                                  <FillStyle index="1">
                                                       <SolidColor color="#e1c8c8"/>
                                                  </FillStyle>
                                                  <FillStyle index="2">
                                                       <SolidColor color="#3f3838"/>
                                                  </FillStyle>
                                                  <FillStyle index="3">
                                                       <SolidColor color="#a72525"/>
                                                  </FillStyle>
                                             </fills>
                                             <strokes/>
                                             <edges>
                                                  <Edge fillStyle1="1" edges="! 130 41| 136 42| 173 37[ 190 36 196 46| 196 166| 192 195[ 186 210 160 210| 121 206| 98 209"/>
                                                  <Edge fillStyle1="2" edges="! 98 209| 88 222[ 82 222 79 213"/>
                                                  <Edge fillStyle1="1" edges="! 79 213| 78 213| 22 220[ 0 220 0 199[ 0 190 7 171| 7 140| 4 108[ 4 79 7 65| 7 57| 15 50| 29 41[ 33 26 51 39| 94 37| 104 39"/>
                                                  <Edge fillStyle1="2" edges="! 104 39| 105 23[ 108 -6 120 1[ 131 8 131 21| 130 41"/>
                                                  <Edge fillStyle0="1" fillStyle1="2" edges="! 130 41[ 124 138 119 138| 114 137"/>
                                                  <Edge fillStyle0="1" fillStyle1="3" edges="! 114 137| 114 139| 118 165| 115 184| 107 200| 101 183"/>
                                                  <Edge fillStyle0="1" fillStyle1="2" edges="! 101 183| 98 209"/>
                                                  <Edge fillStyle0="2" fillStyle1="1" edges="! 104 39| 104 48"/>
                                                  <Edge fillStyle0="2" fillStyle1="3" edges="! 104 48| 106 49| 109 87| 106 107| 107 107| 114 137"/>
                                                  <Edge fillStyle0="1" fillStyle1="3" edges="! 136 71[ 147 61 147 103[ 148 163 135 163[ 126 163 125 142| 125 120[ 125 82 136 71"/>
                                                  <Edge fillStyle0="1" fillStyle1="3" edges="! 104 113| 102 114| 101 113"/>
                                                  <Edge fillStyle0="1" fillStyle1="2" edges="! 101 113| 102 140"/>
                                                  <Edge fillStyle0="1" fillStyle1="3" edges="! 102 140| 105 117"/>
                                                  <Edge fillStyle0="1" fillStyle1="2" edges="! 105 117| 104 113"/>
                                                  <Edge fillStyle0="3" fillStyle1="2" edges="! 104 113| 105 112| 105 117"/>
                                                  <Edge fillStyle0="3" fillStyle1="2" edges="! 93 80| 101 112| 101 113"/>
                                                  <Edge fillStyle0="2" fillStyle1="1" edges="! 93 80[ 89 75 84 77[ 70 83 72 113| 77 161[ 75 198 79 213"/>
                                                  <Edge fillStyle0="3" fillStyle1="1" edges="! 104 48[ 89 41 92 66| 93 80"/>
                                                  <Edge fillStyle0="1" fillStyle1="2" edges="! 59 170[ 50 167 50 141| 51 123[ 64 116 64 140| 59 170"/>
                                                  <Edge fillStyle0="3" fillStyle1="2" edges="! 102 140| 99 156| 101 183"/>
                                             </edges>
                                        </DOMShape>
                                   </elements>
                              </DOMFrame>
                         </frames>
                    </DOMLayer>
               </layers>
          </DOMTimeline>
     </timeline>
</DOMSymbolItem>
