<DOMSymbolItem xmlns="http://ns.adobe.com/xfl/2008/" xmlns:xsi="http://www.w3.org/2001/XMLSchema-instance" name="Symbol 1430" lastModified="1681431985" symbolType="graphic">
     <timeline>
          <DOMTimeline name="Symbol 1430" currentFrame="0">
               <layers>
                    <DOMLayer name="Layer 1">
                         <frames>
                              <DOMFrame index="0" motionTweenScale="false" keyMode="8192">
                                   <elements>
                                        <DOMShape isFloating="true">
                                             <fills>
                                                  <FillStyle index="1">
                                                       <SolidColor color="#000000"/>
                                                  </FillStyle>
                                                  <FillStyle index="2">
                                                       <SolidColor color="#788698"/>
                                                  </FillStyle>
                                             </fills>
                                             <strokes/>
                                             <edges>
                                                  <Edge fillStyle0="2" fillStyle1="1" edges="! 57 -630[ -21 -624 -74 -584[ -135 -538 -135 -469[ -135 -433 -102 -400[ -51 -344 61 -344[ 154 -344 208 -409[ 248 -455 248 -490[ 248 -564 188 -601[ 134 -636 57 -630"/>
                                                  <Edge fillStyle0="0" fillStyle1="1" edges="! 253 -613[ 293 -577 293 -525[ 293 -456 262 -405[ 235 -362 191 -336| 196 -331[ 228 -298 228 -282[ 228 -268 219 -256[ 207 -237 182 -237| 177 -237| 175 -237| 175 -226[ 175 -211 154 -184[ 127 -150 86 -150| 77 -150| 74 -136[ 64 -104 19 -104[ -31 -104 -38 -142| -36 -161| -45 -160[ -94 -160 -113 -189[ -122 -203 -122 -221| -118 -249| -128 -249[ -165 -249 -180 -269| -187 -290[ -187 -310 -165 -329[ -148 -344 -125 -346| -118 -350[ -142 -369 -158 -395[ -186 -441 -186 -500[ -186 -554 -147 -594[ -91 -651 34 -669[ 189 -666 253 -613"/>
                                                  <Edge fillStyle0="2" fillStyle1="1" edges="! 38 -305| -53 -316| -60 -301[ -74 -272 -74 -255[ -74 -212 -30 -202[ 11 -192 11 -182| 7 -171| 3 -163[ 3 -147 29 -146[ 35 -152 33 -176[ 32 -195 53 -195| 61 -193| 82 -200[ 122 -211 122 -251[ 122 -269 107 -290| 93 -308| 38 -305"/>
                                                  <Edge fillStyle0="2" fillStyle1="1" edges="! 133 -315[ 156 -291 162 -266[ 186 -268 186 -276[ 186 -285 166 -306| 153 -321| 133 -315"/>
                                                  <Edge fillStyle0="2" fillStyle1="1" edges="! -105 -290[ -99 -309 -81 -327| -91 -332[ -99 -328 -109 -323[ -140 -310 -140 -291| -134 -285| -105 -290"/>
                                             </edges>
                                        </DOMShape>
                                   </elements>
                              </DOMFrame>
                         </frames>
                    </DOMLayer>
               </layers>
          </DOMTimeline>
     </timeline>
</DOMSymbolItem>
