<DOMSymbolItem xmlns="http://ns.adobe.com/xfl/2008/" xmlns:xsi="http://www.w3.org/2001/XMLSchema-instance" name="Symbol 1307" lastModified="1681431985" symbolType="graphic">
     <timeline>
          <DOMTimeline name="Symbol 1307" currentFrame="0">
               <layers>
                    <DOMLayer name="Layer 1">
                         <frames>
                              <DOMFrame index="0" motionTweenScale="false" keyMode="8192">
                                   <elements>
                                        <DOMShape isFloating="true">
                                             <fills>
                                                  <FillStyle index="1">
                                                       <SolidColor color="#878484" alpha="0.9098039"/>
                                                  </FillStyle>
                                             </fills>
                                             <strokes/>
                                             <edges>
                                                  <Edge fillStyle1="1" edges="! 846 143[ 812 176 812 260[ 812 311 821 335[ 841 387 902 387| 990 384| 1024 338| 1026 299[ 1026 244 992 193[ 961 147 920 131[ 875 114 846 143"/>
                                                  <Edge fillStyle1="1" edges="! 1142 434[ 1080 543 884 543[ 731 543 685 410[ 669 364 669 261[ 669 79 747 0[ 816 -69 920 -41[ 1018 -15 1091 79[ 1169 181 1169 306[ 1169 389 1142 434"/>
                                                  <Edge fillStyle1="1" edges="! 611 413| 609 526[ 593 612 518 612[ 476 612 345 491| 164 321[ 164 349 180 439| 197 533[ 197 576 190 597[ 175 648 126 648[ 85 648 18 373| -40 93[ -40 -2 36 -2[ 94 -2 245 160| 447 368[ 415 111 415 59[ 415 -51 474 -69[ 537 -88 570 95| 598 254[ 611 343 611 413"/>
                                             </edges>
                                        </DOMShape>
                                   </elements>
                              </DOMFrame>
                         </frames>
                    </DOMLayer>
               </layers>
          </DOMTimeline>
     </timeline>
</DOMSymbolItem>
