<DOMSymbolItem xmlns="http://ns.adobe.com/xfl/2008/" xmlns:xsi="http://www.w3.org/2001/XMLSchema-instance" name="Symbol 1506" lastModified="1681431985" symbolType="graphic">
     <timeline>
          <DOMTimeline name="Symbol 1506" currentFrame="0">
               <layers>
                    <DOMLayer name="Layer 1">
                         <frames>
                              <DOMFrame index="0" motionTweenScale="false" keyMode="8192">
                                   <elements>
                                        <DOMShape isFloating="true">
                                             <fills>
                                                  <FillStyle index="1">
                                                       <SolidColor color="#2a2a2a"/>
                                                  </FillStyle>
                                                  <FillStyle index="2">
                                                       <SolidColor color="#ffffff"/>
                                                  </FillStyle>
                                                  <FillStyle index="3">
                                                       <SolidColor color="#000000"/>
                                                  </FillStyle>
                                                  <FillStyle index="4">
                                                       <SolidColor color="#1e1e1e"/>
                                                  </FillStyle>
                                             </fills>
                                             <strokes/>
                                             <edges>
                                                  <Edge fillStyle0="1" fillStyle1="4" edges="! -200 -343[ -174 -325 -135 -318| -54 -314| -42 -313[ 55 -313 99 -405[ 126 -460 126 -519[ 126 -587 76 -628| 73 -630| 70 -644"/>
                                                  <Edge fillStyle0="1" fillStyle1="3" edges="! 70 -644| 70 -645| 51 -649| 31 -652[ -90 -649 -161 -546[ -216 -467 -213 -402| -213 -400| -213 -397| -212 -395| -207 -369| -200 -343"/>
                                                  <Edge fillStyle0="4" fillStyle1="3" edges="! -200 -343[ -186 -302 -156 -260[ -82 -160 45 -160[ 175 -160 230 -277[ 264 -349 261 -418[ 257 -495 210 -556[ 159 -624 70 -644"/>
                                                  <Edge fillStyle0="0" fillStyle1="3" edges="! 12 -111[ -126 -111 -202 -245[ -251 -332 -256 -404[ -259 -482 -202 -560[ -135 -652 -13 -697[ 174 -687 252 -582[ 296 -520 301 -415[ 306 -321 258 -238[ 183 -111 12 -111"/>
                                                  <Edge fillStyle0="1" fillStyle1="2" edges="! -104 -521[ -112 -529 -112 -538[ -112 -583 -55 -598[ 0 -614 0 -574[ 0 -561 -27 -536[ -54 -511 -75 -511[ -93 -511 -104 -521"/>
                                                  <Edge fillStyle0="1" fillStyle1="2" edges="! -141 -490[ -126 -487 -126 -470[ -126 -449 -139 -449[ -147 -449 -152 -459| -157 -473[ -157 -491 -141 -490"/>
                                             </edges>
                                        </DOMShape>
                                   </elements>
                              </DOMFrame>
                         </frames>
                    </DOMLayer>
               </layers>
          </DOMTimeline>
     </timeline>
</DOMSymbolItem>
