<DOMSymbolItem xmlns="http://ns.adobe.com/xfl/2008/" xmlns:xsi="http://www.w3.org/2001/XMLSchema-instance" name="Symbol 1297" lastModified="1681431985">
     <timeline>
          <DOMTimeline name="Symbol 1297">
               <layers>
                    <DOMLayer name="Layer 1" color="#79c8cf" current="true" isSelected="true">
                         <frames>
                              <DOMFrame index="0" keyMode="9728">
                                   <elements>
                                        <DOMShape isFloating="true">
                                             <fills>
                                                  <FillStyle index="1">
                                                       <SolidColor color="#868181"/>
                                                  </FillStyle>
                                             </fills>
                                             <strokes/>
                                             <edges>
                                                  <Edge fillStyle1="1" edges="! 917 -37[ 949 -37 953 39| 952 151| 962 247[ 966 301 960 342[ 1037 336 1068 361[ 1083 374 1083 389[ 1083 402 1072 410| 1027 409| 951 411| 933 421| 918 424[ 898 424 892 402| 892 246[ 882 185 879 121| 879 60[ 879 47 867 25| 855 0[ 855 -12 874 -24[ 895 -37 917 -37"/>
                                                  <Edge fillStyle1="1" edges="! 830 405| 741 417[ 725 417 718 403| 715 388| 723 316| 712 157[ 711 107 667 3[ 667 -27 717 -27[ 771 -27 776 117[ 783 324 789 345[ 870 340 870 372[ 870 392 830 405"/>
                                                  <Edge fillStyle1="1" edges="! 1075 444| 1102 457| 1117 473[ 1131 476 1131 489[ 1131 499 1119 505| 1095 524[ 1070 540 1053 542| 670 544| 647 548| 382 552| 362 556| 107 556[ 27 557 0 532[ -12 520 -12 499| -7 481| -9 474[ -9 464 -2 453[ 6 439 19 439[ 25 439 32 444| 48 448| 281 431| 537 414| 543 414[ 508 413 499 330| 498 243[ 499 175 507 110[ 525 -19 567 -19[ 617 -19 638 49[ 650 86 655 144| 677 223[ 696 291 696 312[ 664 409 644 419| 735 428| 885 442| 1019 435| 1075 444"/>
                                                  <Edge fillStyle1="1" edges="! 561 82| 561 105| 565 167| 575 165| 592 164[ 580 82 570 51| 561 82"/>
                                                  <Edge fillStyle1="1" edges="! 451 16[ 478 16 483 74| 483 159| 486 304| 486 351[ 481 393 460 393[ 437 393 431 306| 426 177[ 426 219 396 219[ 382 219 357 188| 333 153| 337 252| 337 300[ 339 320 350 329[ 360 336 360 350| 351 384[ 338 409 320 409[ 289 409 283 339| 282 235| 278 147| 274 59[ 274 18 295 5[ 317 -10 336 31[ 345 58 379 118| 412 40[ 420 16 451 16"/>
                                                  <Edge fillStyle1="1" edges="! 581 237| 568 237| 573 379| 568 400[ 560 414 545 414| 636 419[ 620 405 606 276| 602 236| 581 237"/>
                                                  <Edge fillStyle1="1" edges="! 262 73| 259 93[ 253 105 233 105[ 213 105 201 71[ 188 36 148 36[ 116 36 87 70[ 65 96 58 120| 75 123| 172 124[ 221 105 250 177[ 270 227 270 266[ 270 318 239 351[ 194 399 91 399[ 46 399 11 355[ -19 318 -19 287[ -19 219 7 219[ 28 219 32 237| 34 275[ 41 331 147 331[ 185 331 201 287| 210 243[ 210 181 120 179| 10 172[ 3 165 -5 128| -12 80[ -12 51 11 25[ 47 -18 124 -18[ 195 -18 234 22[ 262 49 262 73"/>
                                             </edges>
                                        </DOMShape>
                                   </elements>
                              </DOMFrame>
                              <DOMFrame index="1" keyMode="9728">
                                   <elements>
                                        <DOMSymbolInstance libraryItemName="Symbol 1296" symbolType="button">
                                             <matrix>
                                                  <Matrix tx="-1.1" ty="-1.95"/>
                                             </matrix>
                                             <transformationPoint>
                                                  <Point/>
                                             </transformationPoint>
                                             <Actionscript>
                                                  <script>on(release){
   _root.wiq(false);
}
</script>
                                             </Actionscript>
                                        </DOMSymbolInstance>
                                   </elements>
                              </DOMFrame>
                         </frames>
                    </DOMLayer>
               </layers>
          </DOMTimeline>
     </timeline>
</DOMSymbolItem>
