<DOMSymbolItem xmlns="http://ns.adobe.com/xfl/2008/" xmlns:xsi="http://www.w3.org/2001/XMLSchema-instance" name="Symbol 1887" lastModified="1681431985">
     <timeline>
          <DOMTimeline name="Symbol 1887">
               <layers>
                    <DOMLayer name="Layer 1" color="#696abd">
                         <frames>
                              <DOMFrame index="0" keyMode="9728">
                                   <elements>
                                        <DOMShape isFloating="true">
                                             <fills>
                                                  <FillStyle index="1">
                                                       <SolidColor color="#ffff66" alpha="0.2"/>
                                                  </FillStyle>
                                             </fills>
                                             <strokes/>
                                             <edges>
                                                  <Edge fillStyle0="1" edges="! 456 135[ 443 88 323 58| 250 48[ 160 41 87 65[ 32 84 10 106[ -28 145 -7 191[ 10 236 68 245| 108 242[ 134 238 160 242[ 199 248 217 259[ 238 272 258 274[ 317 283 379 246[ 410 229 429 208[ 467 168 456 135"/>
                                             </edges>
                                        </DOMShape>
                                   </elements>
                              </DOMFrame>
                              <DOMFrame index="1" keyMode="9728">
                                   <elements>
                                        <DOMShape isFloating="true">
                                             <fills>
                                                  <FillStyle index="1">
                                                       <SolidColor color="#ffff66" alpha="0.2"/>
                                                  </FillStyle>
                                             </fills>
                                             <strokes/>
                                             <edges>
                                                  <Edge fillStyle0="1" edges="! 489 158[ 490 139 464 118[ 449 92 397 67[ 346 45 293 34| 261 29[ 213 23 165 27[ 104 28 95 36| 94 39| 46 54[ -23 81 -44 103[ -71 131 -75 171[ -83 235 10 248| 64 247| 138 249[ 181 255 191 266| 196 271| 200 280| 201 285[ 206 296 233 302[ 283 329 355 316| 415 289| 441 263[ 469 236 477 214[ 486 196 489 158"/>
                                             </edges>
                                        </DOMShape>
                                   </elements>
                              </DOMFrame>
                              <DOMFrame index="2" keyMode="9728">
                                   <elements>
                                        <DOMShape isFloating="true">
                                             <fills>
                                                  <FillStyle index="1">
                                                       <SolidColor color="#ffff66" alpha="0.2"/>
                                                  </FillStyle>
                                             </fills>
                                             <strokes/>
                                             <edges>
                                                  <Edge fillStyle0="1" edges="! 537 174[ 537 148 500 113[ 448 60 347 46| 267 35| 241 30| 201 28| 184 27| 128 30| 130 34| 108 37| 7 58[ -15 64 -47 84| -89 114| -109 149[ -120 174 -117 181[ -109 199 -53 229[ 6 259 26 239| 24 224[ 19 210 31 199[ 41 187 67 177[ 111 158 169 166[ 227 174 228 203[ 228 216 216 230[ 204 231 190 240[ 178 247 169 254[ 141 283 171 306[ 200 326 263 332| 385 326[ 451 311 481 280| 524 233[ 536 212 537 174"/>
                                             </edges>
                                        </DOMShape>
                                   </elements>
                              </DOMFrame>
                              <DOMFrame index="3" keyMode="9728">
                                   <elements>
                                        <DOMShape isFloating="true">
                                             <fills>
                                                  <FillStyle index="1">
                                                       <SolidColor color="#ffff66" alpha="0.2"/>
                                                  </FillStyle>
                                             </fills>
                                             <strokes/>
                                             <edges>
                                                  <Edge fillStyle0="1" edges="! 506 253[ 586 169 505 102[ 436 45 302 26[ 179 8 48 28[ -84 47 -125 90[ -166 133 -170 157[ -173 179 -164 195| -140 220| -111 237| -96 244[ -73 250 -62 239| -59 221[ -56 203 -40 187[ -9 153 83 141[ 156 132 212 139[ 263 147 282 169[ 293 182 290 191| 155 202[ 119 209 109 216[ 102 221 94 233[ 71 258 75 281[ 84 310 144 332| 216 343[ 319 361 415 315[ 472 289 506 253"/>
                                             </edges>
                                        </DOMShape>
                                   </elements>
                              </DOMFrame>
                              <DOMFrame index="4" duration="11" keyMode="9728">
                                   <elements/>
                              </DOMFrame>
                         </frames>
                    </DOMLayer>
                    <DOMLayer name="Layer 2" color="#882df0">
                         <frames>
                              <DOMFrame index="0" keyMode="9728">
                                   <elements>
                                        <DOMSymbolInstance libraryItemName="Symbol 1864" name="p" centerPoint3DX="12.65" centerPoint3DY="7.2">
                                             <matrix>
                                                  <Matrix tx="0.0" ty="0.0"/>
                                             </matrix>
                                             <transformationPoint>
                                                  <Point/>
                                             </transformationPoint>
                                        </DOMSymbolInstance>
                                   </elements>
                              </DOMFrame>
                              <DOMFrame index="1" keyMode="9728">
                                   <elements>
                                        <DOMSymbolInstance libraryItemName="Symbol 1864" name="p" centerPoint3DX="16.8" centerPoint3DY="-2.0">
                                             <matrix>
                                                  <Matrix tx="4.15" ty="-9.2" a="0.621002197265625" d="1.3143768310546875"/>
                                             </matrix>
                                             <transformationPoint>
                                                  <Point/>
                                             </transformationPoint>
                                        </DOMSymbolInstance>
                                   </elements>
                              </DOMFrame>
                              <DOMFrame index="2" keyMode="9728">
                                   <elements>
                                        <DOMSymbolInstance libraryItemName="Symbol 1864" name="p" centerPoint3DX="3.3" centerPoint3DY="12.7">
                                             <matrix>
                                                  <Matrix tx="-9.35" ty="5.5" a="1.8538818359375" d="0.6220703125"/>
                                             </matrix>
                                             <transformationPoint>
                                                  <Point/>
                                             </transformationPoint>
                                        </DOMSymbolInstance>
                                   </elements>
                              </DOMFrame>
                              <DOMFrame index="3" keyMode="9728">
                                   <elements>
                                        <DOMSymbolInstance libraryItemName="Symbol 1864" name="p" centerPoint3DX="-13.5" centerPoint3DY="15.95">
                                             <matrix>
                                                  <Matrix tx="-26.15" ty="8.75" a="3.387603759765625" d="0.32843017578125"/>
                                             </matrix>
                                             <transformationPoint>
                                                  <Point/>
                                             </transformationPoint>
                                        </DOMSymbolInstance>
                                   </elements>
                              </DOMFrame>
                              <DOMFrame index="4" keyMode="9728">
                                   <elements>
                                        <DOMShape isFloating="true">
                                             <fills>
                                                  <FillStyle index="1">
                                                       <SolidColor color="#ffff66" alpha="0.2"/>
                                                  </FillStyle>
                                             </fills>
                                             <strokes/>
                                             <edges>
                                                  <Edge fillStyle0="1" edges="! 470 71[ 399 35 349 28[ 118 -6 -37 36[ -128 60 -165 99[ -190 127 -189 178[ -187 231 -148 237| -146 238| -143 238| -109 236| -100 209[ -91 181 -77 167[ 4 82 243 115[ 336 128 355 163[ 370 186 355 202| 353 204| 352 189[ 339 156 246 143[ 177 133 110 156[ 59 174 36 199[ 19 216 16 228[ 12 243 23 262[ 40 289 59 300| 79 307| 123 323| 205 338| 278 343| 373 323| 439 300[ 474 289 494 274| 520 246[ 562 202 558 150[ 555 114 470 71"/>
                                             </edges>
                                        </DOMShape>
                                   </elements>
                              </DOMFrame>
                              <DOMFrame index="5" keyMode="9728">
                                   <elements>
                                        <DOMShape isFloating="true">
                                             <fills>
                                                  <FillStyle index="1">
                                                       <SolidColor color="#ffff66" alpha="0.2"/>
                                                  </FillStyle>
                                             </fills>
                                             <strokes/>
                                             <edges>
                                                  <Edge fillStyle0="1" edges="! 510 85[ 430 30 294 11[ 216 -1 113 8[ 22 15 -39 33[ -73 42 -105 63| -149 98[ -189 141 -191 160[ -195 192 -139 241| -130 239| -130 243| -117 239| -115 201[ -111 162 -81 130[ -54 102 -4 86[ 88 55 234 75[ 327 88 368 130[ 405 168 374 199| 353 217| 362 208[ 379 190 374 170[ 365 136 277 124[ 178 109 95 135| 59 149[ 42 151 21 163| -3 180[ -38 217 -34 241[ -28 259 -3 274| 15 291[ 45 308 92 317| 153 325| 276 317[ 330 305 349 295| 329 323[ 324 328 327 332| 340 328[ 387 323 440 293| 507 244| 547 198[ 558 179 562 143[ 562 124 510 85"/>
                                                  <Edge fillStyle0="1" edges="! 344 225| 333 233| 327 233| 344 225"/>
                                             </edges>
                                        </DOMShape>
                                   </elements>
                              </DOMFrame>
                              <DOMFrame index="6" duration="9" keyMode="9728">
                                   <elements/>
                              </DOMFrame>
                         </frames>
                    </DOMLayer>
                    <DOMLayer name="Layer 3" color="#565ee9" current="true" isSelected="true">
                         <frames>
                              <DOMFrame index="0" keyMode="9728">
                                   <elements/>
                              </DOMFrame>
                              <DOMFrame index="1" keyMode="9728">
                                   <elements>
                                        <DOMSymbolInstance libraryItemName="Symbol 1864" centerPoint3DX="15.5" centerPoint3DY="4.5">
                                             <matrix>
                                                  <Matrix tx="2.85" ty="-2.7" a="0.7397308349609375" d="1.08026123046875"/>
                                             </matrix>
                                             <transformationPoint>
                                                  <Point/>
                                             </transformationPoint>
                                             <color>
                                                  <Color redMultiplier="0.0" greenMultiplier="0.0" blueMultiplier="0.0" redOffset="202" greenOffset="149" blueOffset="70"/>
                                             </color>
                                        </DOMSymbolInstance>
                                   </elements>
                              </DOMFrame>
                              <DOMFrame index="2" keyMode="9728">
                                   <elements>
                                        <DOMSymbolInstance libraryItemName="Symbol 1864" centerPoint3DX="7.9" centerPoint3DY="7.2">
                                             <matrix>
                                                  <Matrix tx="-4.75" ty="0.0" a="1.435546875" d="0.7993316650390625"/>
                                             </matrix>
                                             <transformationPoint>
                                                  <Point/>
                                             </transformationPoint>
                                             <color>
                                                  <Color redMultiplier="0.0" greenMultiplier="0.0" blueMultiplier="0.0" redOffset="202" greenOffset="149" blueOffset="70"/>
                                             </color>
                                        </DOMSymbolInstance>
                                   </elements>
                              </DOMFrame>
                              <DOMFrame index="3" keyMode="9728">
                                   <elements>
                                        <DOMSymbolInstance libraryItemName="Symbol 1864" centerPoint3DX="-1.7" centerPoint3DY="11.25">
                                             <matrix>
                                                  <Matrix tx="-14.35" ty="4.05" a="2.353179931640625" d="0.5071258544921875"/>
                                             </matrix>
                                             <transformationPoint>
                                                  <Point/>
                                             </transformationPoint>
                                             <color>
                                                  <Color redMultiplier="0.0" greenMultiplier="0.0" blueMultiplier="0.0" redOffset="202" greenOffset="149" blueOffset="70"/>
                                             </color>
                                        </DOMSymbolInstance>
                                   </elements>
                              </DOMFrame>
                              <DOMFrame index="4" keyMode="9728">
                                   <elements>
                                        <DOMSymbolInstance libraryItemName="Symbol 1864" centerPoint3DX="-8.35" centerPoint3DY="15.6">
                                             <matrix>
                                                  <Matrix tx="-21.0" ty="8.4" a="2.97869873046875" d="0.3655548095703125" b="0.0" c="-0.0122528076171875"/>
                                             </matrix>
                                             <transformationPoint>
                                                  <Point/>
                                             </transformationPoint>
                                             <color>
                                                  <Color redMultiplier="0.0" greenMultiplier="0.0" blueMultiplier="0.0" redOffset="202" greenOffset="149" blueOffset="70"/>
                                             </color>
                                        </DOMSymbolInstance>
                                   </elements>
                              </DOMFrame>
                              <DOMFrame index="5" keyMode="9728">
                                   <elements>
                                        <DOMSymbolInstance libraryItemName="Symbol 1864" centerPoint3DX="-33.7" centerPoint3DY="18.4">
                                             <matrix>
                                                  <Matrix tx="-46.35" ty="11.2" a="5.2686767578125" d="0.0400390625"/>
                                             </matrix>
                                             <transformationPoint>
                                                  <Point/>
                                             </transformationPoint>
                                             <color>
                                                  <Color redMultiplier="0.0" greenMultiplier="0.0" blueMultiplier="0.0" redOffset="202" greenOffset="149" blueOffset="70"/>
                                             </color>
                                        </DOMSymbolInstance>
                                   </elements>
                              </DOMFrame>
                              <DOMFrame index="6" keyMode="9728">
                                   <elements>
                                        <DOMShape isFloating="true">
                                             <fills>
                                                  <FillStyle index="1">
                                                       <SolidColor color="#ffff66" alpha="0.2"/>
                                                  </FillStyle>
                                             </fills>
                                             <strokes/>
                                             <edges>
                                                  <Edge fillStyle0="1" edges="! 101 -7[ 1 -1 -43 15| -104 43[ -142 64 -152 75| -185 116| -190 126| -201 148[ -201 158 -189 178| -177 174| -178 167| -165 163| -140 136| -109 112[ -75 82 -11 67| 31 60| 89 53[ 119 48 166 52| 169 54| 214 59[ 388 84 415 141[ 433 174 403 206| 352 241[ 297 272 250 266| 191 252| 192 252| 262 254[ 306 249 322 240| 363 220| 379 204[ 400 182 396 157[ 389 114 292 101[ 201 88 101 114[ 24 133 9 147| 9 148| -23 167[ -48 195 -47 220[ -44 251 -4 278| 18 272| 49 260| 58 258[ 65 263 91 272[ 136 289 194 294[ 250 304 313 284[ 362 268 378 252| 379 250[ 396 242 410 245[ 423 246 433 253| 423 281| 421 283| 421 284| 439 281[ 463 275 497 255| 525 235| 545 216| 575 177[ 579 159 566 129[ 556 108 511 74[ 472 43 439 32[ 395 11 304 -2[ 214 -15 101 -7"/>
                                             </edges>
                                        </DOMShape>
                                   </elements>
                              </DOMFrame>
                              <DOMFrame index="7" keyMode="9728">
                                   <elements>
                                        <DOMShape isFloating="true">
                                             <fills>
                                                  <FillStyle index="1">
                                                       <SolidColor color="#ffff66" alpha="0.2"/>
                                                  </FillStyle>
                                             </fills>
                                             <strokes/>
                                             <edges>
                                                  <Edge fillStyle0="1" edges="! 280 -15[ 84 -22 -43 20[ -135 49 -181 98[ -195 117 -201 135[ -216 172 -201 174| -199 174[ -192 183 -181 171[ -170 148 -152 129[ -109 84 -38 58[ 79 15 250 32| 315 42[ 460 95 456 150| 435 195| 424 217| 419 219| 415 222| 419 230| 416 241| 425 238| 430 251| 421 263[ 418 268 421 272| 415 274[ 409 281 421 283| 447 280[ 474 276 506 259| 552 223| 573 192| 580 151| 585 131[ 587 120 579 110[ 545 71 516 65[ 464 31 359 -4| 280 -15"/>
                                                  <Edge fillStyle0="1" edges="! -58 221| -41 253| -20 273| 12 272[ 24 221 32 212[ 44 199 66 188[ 100 170 133 176[ 172 182 175 200| 165 208| 148 222[ 139 232 148 249[ 159 272 200 277[ 270 287 343 256| 408 217[ 428 196 407 160[ 380 110 276 96[ 155 79 60 114[ 6 135 -20 162| -42 191| -58 221"/>
                                             </edges>
                                        </DOMShape>
                                   </elements>
                              </DOMFrame>
                              <DOMFrame index="8" keyMode="9728">
                                   <elements>
                                        <DOMShape isFloating="true">
                                             <fills>
                                                  <FillStyle index="1">
                                                       <SolidColor color="#ffff66" alpha="0.2"/>
                                                  </FillStyle>
                                             </fills>
                                             <strokes/>
                                             <edges>
                                                  <Edge fillStyle0="1" edges="! 124 -15| 118 -15| 95 -15[ 59 -19 -88 28[ -110 36 -142 54[ -173 72 -185 84| -212 134[ -220 160 -214 175[ -212 187 -200 180[ -196 183 -188 175[ -177 140 -156 121[ -100 60 28 23| 150 -7[ 155 -14 144 -15| 124 -15"/>
                                                  <Edge fillStyle0="1" edges="! 303 -15| 299 -14| 284 -16[ 267 -18 261 -10[ 256 -4 296 3[ 355 14 387 29| 446 66[ 486 93 494 129| 507 160| 516 187| 509 215| 489 240| 451 273| 430 281| 478 278[ 543 259 559 242| 599 191[ 614 164 613 134[ 613 113 576 71| 520 33[ 494 18 420 3| 353 -8| 303 -15"/>
                                                  <Edge fillStyle0="1" edges="! 492 71| 482 62| 482 61| 492 71"/>
                                                  <Edge fillStyle0="1" edges="! 242 97[ 154 84 37 148[ 22 162 35 164| 36 163| 40 164| 79 159[ 120 156 146 160[ 181 165 180 178| 173 190| 154 191| 111 199| 83 208| 77 218[ 40 258 97 284| 110 289| 139 302| 144 302| 166 306| 242 298[ 357 279 387 247[ 416 216 401 176[ 379 116 242 97"/>
                                                  <Edge fillStyle0="1" edges="! 398 12| 390 8| 403 11| 398 12"/>
                                                  <Edge fillStyle0="1" edges="! 1 195[ -16 194 -34 209[ -47 223 -33 245[ -19 267 -5 253| -9 244[ -11 233 -6 224| 4 208[ 11 198 1 195"/>
                                                  <Edge fillStyle0="1" edges="! -30 28| -36 30| -37 30| -37 29| -30 28"/>
                                             </edges>
                                        </DOMShape>
                                   </elements>
                              </DOMFrame>
                              <DOMFrame index="9" keyMode="9728">
                                   <elements>
                                        <DOMShape isFloating="true">
                                             <fills>
                                                  <FillStyle index="1">
                                                       <SolidColor color="#ffff66" alpha="0.2"/>
                                                  </FillStyle>
                                             </fills>
                                             <strokes/>
                                             <edges>
                                                  <Edge fillStyle0="1" edges="! 367 -5| 411 15[ 465 36 495 52| 528 79| 546 105[ 563 128 572 154| 573 166| 573 178[ 578 190 586 191[ 593 192 601 184| 611 154[ 616 125 602 98[ 565 18 392 -6| 367 -5"/>
                                                  <Edge fillStyle0="1" edges="! 537 228| 511 245| 494 259[ 478 269 474 273| 502 271[ 542 255 559 238| 575 220[ 588 203 572 200[ 567 199 557 208| 550 216| 537 228"/>
                                                  <Edge fillStyle0="1" edges="! 225 97| 213 98| 170 101[ 165 107 179 109| 217 112[ 272 119 275 144[ 276 155 265 167[ 242 191 216 186| 190 178| 187 177| 160 170[ 107 163 71 180[ 52 189 44 199[ 19 225 52 264| 54 265[ 44 280 72 291| 109 301| 111 302| 113 301| 160 305[ 306 306 374 235[ 414 191 373 149[ 336 109 266 101| 225 97"/>
                                                  <Edge fillStyle0="1" edges="! 109 122[ 104 127 121 130| 173 139| 184 137[ 187 133 177 127| 136 118| 109 122"/>
                                                  <Edge fillStyle0="1" edges="! 21 -3[ -2 -6 -49 10| -113 33| -152 53| -184 75| -207 104[ -218 121 -212 131| -207 129| -206 125| -203 122| -200 126| -185 112| -150 84| -105 54[ -75 40 -20 21| 27 4[ 32 -1 21 -3"/>
                                             </edges>
                                        </DOMShape>
                                   </elements>
                              </DOMFrame>
                              <DOMFrame index="10" keyMode="9728">
                                   <elements>
                                        <DOMShape isFloating="true">
                                             <fills>
                                                  <FillStyle index="1">
                                                       <SolidColor color="#ffff66" alpha="0.2"/>
                                                  </FillStyle>
                                             </fills>
                                             <strokes/>
                                             <edges>
                                                  <Edge fillStyle0="1" edges="! 492 30[ 541 52 547 58| 575 89[ 593 109 603 98[ 609 93 567 52| 524 28[ 495 13 459 7| 449 8| 492 30"/>
                                                  <Edge fillStyle0="1" edges="! 233 165| 169 157[ 99 151 55 168[ 32 178 12 199[ -8 219 3 245| 3 249[ 7 276 41 290[ 60 302 107 309| 268 302[ 312 289 323 276| 327 270| 338 266| 340 260| 330 255| 317 257| 301 259| 281 256[ 271 254 263 239| 263 222| 293 196[ 308 161 270 155| 251 158| 245 166| 242 169| 233 165"/>
                                                  <Edge fillStyle0="1" edges="! 355 139| 338 139| 332 143| 348 163[ 363 184 360 199| 355 224[ 352 233 370 230| 389 220[ 407 201 392 172[ 379 142 355 139"/>
                                             </edges>
                                        </DOMShape>
                                   </elements>
                              </DOMFrame>
                              <DOMFrame index="11" keyMode="9728">
                                   <elements>
                                        <DOMShape isFloating="true">
                                             <fills>
                                                  <FillStyle index="1">
                                                       <SolidColor color="#ffff66" alpha="0.2"/>
                                                  </FillStyle>
                                             </fills>
                                             <strokes/>
                                             <edges>
                                                  <Edge fillStyle0="1" edges="! 259 212| 290 203| 286 187| 285 183| 290 181[ 296 174 275 161[ 250 145 209 139[ 126 127 58 152[ 12 168 -2 184| -17 204| -29 212[ -75 261 53 295| 145 311| 199 308| 140 285[ 80 264 98 245[ 125 217 203 213| 259 212"/>
                                                  <Edge fillStyle0="1" edges="! 263 286| 241 294[ 231 306 261 302[ 289 299 297 290| 302 285[ 306 281 298 280| 263 286"/>
                                             </edges>
                                        </DOMShape>
                                   </elements>
                              </DOMFrame>
                              <DOMFrame index="12" keyMode="9728">
                                   <elements>
                                        <DOMShape isFloating="true">
                                             <fills>
                                                  <FillStyle index="1">
                                                       <SolidColor color="#ffff00" alpha="0.4"/>
                                                  </FillStyle>
                                             </fills>
                                             <strokes/>
                                             <edges>
                                                  <Edge fillStyle0="1" edges="! 215 91[ 126 78 58 109[ 22 125 4 145[ -21 171 -13 206[ -6 242 33 248| 58 250| 60 249| 55 217[ 51 207 53 200| 81 168| 95 155[ 138 132 198 140| 280 158| 302 166[ 318 168 326 160[ 342 143 326 128[ 303 103 215 91"/>
                                             </edges>
                                        </DOMShape>
                                   </elements>
                              </DOMFrame>
                              <DOMFrame index="13" keyMode="9728">
                                   <elements>
                                        <DOMShape isFloating="true">
                                             <fills>
                                                  <FillStyle index="1">
                                                       <SolidColor color="#ffff00" alpha="0.4"/>
                                                  </FillStyle>
                                             </fills>
                                             <strokes/>
                                             <edges>
                                                  <Edge fillStyle0="1" edges="! 324 158| 345 153[ 356 139 345 123[ 324 95 235 82| 96 91[ 51 103 43 113[ 34 121 41 125| 83 120| 120 115[ 160 112 193 116[ 270 127 299 142[ 315 151 324 158"/>
                                                  <Edge fillStyle0="1" edges="! -4 185| 9 148[ -7 146 -23 163[ -28 170 -21 181[ -13 194 -4 185"/>
                                             </edges>
                                        </DOMShape>
                                   </elements>
                              </DOMFrame>
                              <DOMFrame index="14" keyMode="9728">
                                   <elements>
                                        <DOMShape isFloating="true">
                                             <fills>
                                                  <FillStyle index="1">
                                                       <SolidColor color="#ffff00" alpha="0.4"/>
                                                  </FillStyle>
                                             </fills>
                                             <strokes/>
                                             <edges>
                                                  <Edge fillStyle0="1" edges="! 208 78| 183 82| 227 91[ 284 99 313 121| 329 138[ 334 146 352 148| 355 146[ 368 133 359 118[ 348 94 278 84| 208 78"/>
                                             </edges>
                                        </DOMShape>
                                   </elements>
                              </DOMFrame>
                         </frames>
                    </DOMLayer>
               </layers>
          </DOMTimeline>
     </timeline>
</DOMSymbolItem>
