<DOMSymbolItem xmlns="http://ns.adobe.com/xfl/2008/" xmlns:xsi="http://www.w3.org/2001/XMLSchema-instance" name="Symbol 1427" lastModified="1681431985" linkageIdentifier="batter" linkageExportForAS="true">
     <timeline>
          <DOMTimeline name="Symbol 1427">
               <layers>
                    <DOMLayer name="Layer 1" color="#d5fffe">
                         <frames>
                              <DOMFrame index="0" duration="2" keyMode="9728">
                                   <elements>
                                        <DOMSymbolInstance libraryItemName="Symbol 1426" centerPoint3DX="-3.6" centerPoint3DY="-32.8">
                                             <matrix>
                                                  <Matrix tx="-7.6" ty="-38.5" a="2.0072479248046875" d="0.345855712890625"/>
                                             </matrix>
                                             <transformationPoint>
                                                  <Point/>
                                             </transformationPoint>
                                             <color>
                                                  <Color alphaMultiplier="0.5"/>
                                             </color>
                                        </DOMSymbolInstance>
                                   </elements>
                              </DOMFrame>
                              <DOMFrame index="2" duration="2" keyMode="9728">
                                   <elements>
                                        <DOMSymbolInstance libraryItemName="Symbol 1426" centerPoint3DX="1.9" centerPoint3DY="-40.1">
                                             <matrix>
                                                  <Matrix tx="-2.1" ty="-45.8" a="0.724639892578125" d="1.613861083984375"/>
                                             </matrix>
                                             <transformationPoint>
                                                  <Point/>
                                             </transformationPoint>
                                             <color>
                                                  <Color/>
                                             </color>
                                        </DOMSymbolInstance>
                                   </elements>
                              </DOMFrame>
                              <DOMFrame index="4" duration="2" keyMode="9728">
                                   <elements>
                                        <DOMSymbolInstance libraryItemName="Symbol 1426" centerPoint3DX="-0.75" centerPoint3DY="-35.95">
                                             <matrix>
                                                  <Matrix tx="-4.75" ty="-41.65" a="1.304351806640625" d="0.792083740234375"/>
                                             </matrix>
                                             <transformationPoint>
                                                  <Point/>
                                             </transformationPoint>
                                             <color>
                                                  <Color/>
                                             </color>
                                        </DOMSymbolInstance>
                                   </elements>
                              </DOMFrame>
                              <DOMFrame index="6" duration="13" keyMode="9728">
                                   <elements>
                                        <DOMSymbolInstance libraryItemName="Symbol 1426" centerPoint3DX="0.6" centerPoint3DY="-37.0">
                                             <matrix>
                                                  <Matrix tx="-3.4" ty="-42.7"/>
                                             </matrix>
                                             <transformationPoint>
                                                  <Point/>
                                             </transformationPoint>
                                             <color>
                                                  <Color/>
                                             </color>
                                        </DOMSymbolInstance>
                                   </elements>
                              </DOMFrame>
                              <DOMFrame index="19" keyMode="9728">
                                   <elements>
                                        <DOMSymbolInstance libraryItemName="Symbol 1426" centerPoint3DX="0.5" centerPoint3DY="-36.75">
                                             <matrix>
                                                  <Matrix tx="-3.5" ty="-42.45" a="1.0246429443359375" d="0.98614501953125"/>
                                             </matrix>
                                             <transformationPoint>
                                                  <Point/>
                                             </transformationPoint>
                                             <color>
                                                  <Color alphaMultiplier="0.8984375"/>
                                             </color>
                                        </DOMSymbolInstance>
                                   </elements>
                              </DOMFrame>
                              <DOMFrame index="20" keyMode="9728">
                                   <elements>
                                        <DOMSymbolInstance libraryItemName="Symbol 1426" centerPoint3DX="0.45" centerPoint3DY="-36.55">
                                             <matrix>
                                                  <Matrix tx="-3.55" ty="-42.25" a="1.0492706298828125" d="0.9722747802734375"/>
                                             </matrix>
                                             <transformationPoint>
                                                  <Point/>
                                             </transformationPoint>
                                             <color>
                                                  <Color alphaMultiplier="0.80078125"/>
                                             </color>
                                        </DOMSymbolInstance>
                                   </elements>
                              </DOMFrame>
                              <DOMFrame index="21" keyMode="9728">
                                   <elements>
                                        <DOMSymbolInstance libraryItemName="Symbol 1426" centerPoint3DX="0.35" centerPoint3DY="-36.3">
                                             <matrix>
                                                  <Matrix tx="-3.65" ty="-42.0" a="1.07391357421875" d="0.9584197998046875"/>
                                             </matrix>
                                             <transformationPoint>
                                                  <Point/>
                                             </transformationPoint>
                                             <color>
                                                  <Color alphaMultiplier="0.69921875"/>
                                             </color>
                                        </DOMSymbolInstance>
                                   </elements>
                              </DOMFrame>
                              <DOMFrame index="22" keyMode="9728">
                                   <elements>
                                        <DOMSymbolInstance libraryItemName="Symbol 1426" centerPoint3DX="0.2" centerPoint3DY="-36.15">
                                             <matrix>
                                                  <Matrix tx="-3.8" ty="-41.85" a="1.0985565185546875" d="0.944549560546875"/>
                                             </matrix>
                                             <transformationPoint>
                                                  <Point/>
                                             </transformationPoint>
                                             <color>
                                                  <Color alphaMultiplier="0.6015625"/>
                                             </color>
                                        </DOMSymbolInstance>
                                   </elements>
                              </DOMFrame>
                              <DOMFrame index="23" keyMode="9728">
                                   <elements>
                                        <DOMSymbolInstance libraryItemName="Symbol 1426" centerPoint3DX="0.15" centerPoint3DY="-35.9">
                                             <matrix>
                                                  <Matrix tx="-3.85" ty="-41.6" a="1.123199462890625" d="0.930694580078125"/>
                                             </matrix>
                                             <transformationPoint>
                                                  <Point/>
                                             </transformationPoint>
                                             <color>
                                                  <Color alphaMultiplier="0.5"/>
                                             </color>
                                        </DOMSymbolInstance>
                                   </elements>
                              </DOMFrame>
                              <DOMFrame index="24" keyMode="9728">
                                   <elements>
                                        <DOMSymbolInstance libraryItemName="Symbol 1426" centerPoint3DX="0.05" centerPoint3DY="-35.7">
                                             <matrix>
                                                  <Matrix tx="-3.95" ty="-41.4" a="1.1478271484375" d="0.916839599609375"/>
                                             </matrix>
                                             <transformationPoint>
                                                  <Point/>
                                             </transformationPoint>
                                             <color>
                                                  <Color alphaMultiplier="0.3984375"/>
                                             </color>
                                        </DOMSymbolInstance>
                                   </elements>
                              </DOMFrame>
                              <DOMFrame index="25" keyMode="9728">
                                   <elements>
                                        <DOMSymbolInstance libraryItemName="Symbol 1426" centerPoint3DX="-0.05" centerPoint3DY="-35.45">
                                             <matrix>
                                                  <Matrix tx="-4.05" ty="-41.15" a="1.1724700927734375" d="0.9029693603515625"/>
                                             </matrix>
                                             <transformationPoint>
                                                  <Point/>
                                             </transformationPoint>
                                             <color>
                                                  <Color alphaMultiplier="0.30078125"/>
                                             </color>
                                        </DOMSymbolInstance>
                                   </elements>
                              </DOMFrame>
                              <DOMFrame index="26" keyMode="9728">
                                   <elements>
                                        <DOMSymbolInstance libraryItemName="Symbol 1426" centerPoint3DX="-0.15" centerPoint3DY="-35.2">
                                             <matrix>
                                                  <Matrix tx="-4.15" ty="-40.9" a="1.197113037109375" d="0.8891143798828125"/>
                                             </matrix>
                                             <transformationPoint>
                                                  <Point/>
                                             </transformationPoint>
                                             <color>
                                                  <Color alphaMultiplier="0.19921875"/>
                                             </color>
                                        </DOMSymbolInstance>
                                   </elements>
                              </DOMFrame>
                              <DOMFrame index="27" keyMode="9728">
                                   <elements>
                                        <DOMSymbolInstance libraryItemName="Symbol 1426" centerPoint3DX="-0.25" centerPoint3DY="-35.0">
                                             <matrix>
                                                  <Matrix tx="-4.25" ty="-40.7" a="1.22174072265625" d="0.875244140625"/>
                                             </matrix>
                                             <transformationPoint>
                                                  <Point/>
                                             </transformationPoint>
                                             <color>
                                                  <Color alphaMultiplier="0.1015625"/>
                                             </color>
                                        </DOMSymbolInstance>
                                   </elements>
                              </DOMFrame>
                              <DOMFrame index="28" keyMode="9728">
                                   <elements>
                                        <DOMSymbolInstance libraryItemName="Symbol 1426" centerPoint3DX="-0.35" centerPoint3DY="-34.8">
                                             <matrix>
                                                  <Matrix tx="-4.35" ty="-40.5" a="1.2463836669921875" d="0.86138916015625"/>
                                             </matrix>
                                             <transformationPoint>
                                                  <Point/>
                                             </transformationPoint>
                                             <color>
                                                  <Color alphaMultiplier="0.0"/>
                                             </color>
                                        </DOMSymbolInstance>
                                   </elements>
                              </DOMFrame>
                         </frames>
                    </DOMLayer>
                    <DOMLayer name="Layer 2" color="#a891bf">
                         <frames>
                              <DOMFrame index="0" duration="4" keyMode="9728">
                                   <elements/>
                              </DOMFrame>
                              <DOMFrame index="4" duration="2" keyMode="9728">
                                   <elements>
                                        <DOMSymbolInstance libraryItemName="Symbol 1377" centerPoint3DX="-1.2" centerPoint3DY="-31.0">
                                             <matrix>
                                                  <Matrix tx="-6.35" ty="-39.4" a="0.4252471923828125" d="1.1246337890625"/>
                                             </matrix>
                                             <transformationPoint>
                                                  <Point/>
                                             </transformationPoint>
                                             <color>
                                                  <Color redMultiplier="0.0" greenMultiplier="0.0" blueMultiplier="0.0" alphaMultiplier="0.6015625" redOffset="255" greenOffset="255"/>
                                             </color>
                                        </DOMSymbolInstance>
                                   </elements>
                              </DOMFrame>
                              <DOMFrame index="6" duration="2" keyMode="9728">
                                   <elements>
                                        <DOMSymbolInstance libraryItemName="Symbol 1377" centerPoint3DX="-2.65" centerPoint3DY="-37.2">
                                             <matrix>
                                                  <Matrix tx="-7.8" ty="-45.6" a="0.7170562744140625" d="0.9457244873046875"/>
                                             </matrix>
                                             <transformationPoint>
                                                  <Point/>
                                             </transformationPoint>
                                             <color>
                                                  <Color redMultiplier="0.0" greenMultiplier="0.0" blueMultiplier="0.0" alphaMultiplier="0.6015625" redOffset="255" greenOffset="255"/>
                                             </color>
                                        </DOMSymbolInstance>
                                   </elements>
                              </DOMFrame>
                              <DOMFrame index="8" keyMode="9728">
                                   <elements>
                                        <DOMSymbolInstance libraryItemName="Symbol 1377" centerPoint3DX="-3.4" centerPoint3DY="-37.75">
                                             <matrix>
                                                  <Matrix tx="-8.55" ty="-46.15" a="0.8588104248046875" d="0.8588104248046875"/>
                                             </matrix>
                                             <transformationPoint>
                                                  <Point/>
                                             </transformationPoint>
                                             <color>
                                                  <Color redMultiplier="0.0" greenMultiplier="0.0" blueMultiplier="0.0" alphaMultiplier="0.6015625" redOffset="255" greenOffset="255"/>
                                             </color>
                                        </DOMSymbolInstance>
                                   </elements>
                              </DOMFrame>
                              <DOMFrame index="9" keyMode="9728">
                                   <elements>
                                        <DOMSymbolInstance libraryItemName="Symbol 1377" centerPoint3DX="-3.4" centerPoint3DY="-37.95">
                                             <matrix>
                                                  <Matrix tx="-8.55" ty="-46.35" a="0.8588104248046875" d="0.8588104248046875"/>
                                             </matrix>
                                             <transformationPoint>
                                                  <Point/>
                                             </transformationPoint>
                                             <color>
                                                  <Color redMultiplier="0.0" greenMultiplier="0.0" blueMultiplier="0.0" alphaMultiplier="0.6015625" redOffset="255" greenOffset="255"/>
                                             </color>
                                        </DOMSymbolInstance>
                                   </elements>
                              </DOMFrame>
                              <DOMFrame index="10" keyMode="9728">
                                   <elements>
                                        <DOMSymbolInstance libraryItemName="Symbol 1377" centerPoint3DX="-3.4" centerPoint3DY="-38.1">
                                             <matrix>
                                                  <Matrix tx="-8.55" ty="-46.5" a="0.8588104248046875" d="0.8588104248046875"/>
                                             </matrix>
                                             <transformationPoint>
                                                  <Point/>
                                             </transformationPoint>
                                             <color>
                                                  <Color redMultiplier="0.0" greenMultiplier="0.0" blueMultiplier="0.0" alphaMultiplier="0.6015625" redOffset="255" greenOffset="255"/>
                                             </color>
                                        </DOMSymbolInstance>
                                   </elements>
                              </DOMFrame>
                              <DOMFrame index="11" keyMode="9728">
                                   <elements>
                                        <DOMSymbolInstance libraryItemName="Symbol 1377" centerPoint3DX="-3.4" centerPoint3DY="-38.3">
                                             <matrix>
                                                  <Matrix tx="-8.55" ty="-46.7" a="0.8588104248046875" d="0.8588104248046875"/>
                                             </matrix>
                                             <transformationPoint>
                                                  <Point/>
                                             </transformationPoint>
                                             <color>
                                                  <Color redMultiplier="0.0" greenMultiplier="0.0" blueMultiplier="0.0" alphaMultiplier="0.6015625" redOffset="255" greenOffset="255"/>
                                             </color>
                                        </DOMSymbolInstance>
                                   </elements>
                              </DOMFrame>
                              <DOMFrame index="12" keyMode="9728">
                                   <elements>
                                        <DOMSymbolInstance libraryItemName="Symbol 1377" centerPoint3DX="-3.4" centerPoint3DY="-38.45">
                                             <matrix>
                                                  <Matrix tx="-8.55" ty="-46.85" a="0.8588104248046875" d="0.8588104248046875"/>
                                             </matrix>
                                             <transformationPoint>
                                                  <Point/>
                                             </transformationPoint>
                                             <color>
                                                  <Color redMultiplier="0.0" greenMultiplier="0.0" blueMultiplier="0.0" alphaMultiplier="0.6015625" redOffset="255" greenOffset="255"/>
                                             </color>
                                        </DOMSymbolInstance>
                                   </elements>
                              </DOMFrame>
                              <DOMFrame index="13" keyMode="9728">
                                   <elements>
                                        <DOMSymbolInstance libraryItemName="Symbol 1377" centerPoint3DX="-3.4" centerPoint3DY="-38.65">
                                             <matrix>
                                                  <Matrix tx="-8.55" ty="-47.05" a="0.8588104248046875" d="0.8588104248046875"/>
                                             </matrix>
                                             <transformationPoint>
                                                  <Point/>
                                             </transformationPoint>
                                             <color>
                                                  <Color redMultiplier="0.0" greenMultiplier="0.0" blueMultiplier="0.0" alphaMultiplier="0.6015625" redOffset="255" greenOffset="255"/>
                                             </color>
                                        </DOMSymbolInstance>
                                   </elements>
                              </DOMFrame>
                              <DOMFrame index="14" keyMode="9728">
                                   <elements>
                                        <DOMSymbolInstance libraryItemName="Symbol 1377" centerPoint3DX="-3.4" centerPoint3DY="-38.8">
                                             <matrix>
                                                  <Matrix tx="-8.55" ty="-47.2" a="0.8588104248046875" d="0.8588104248046875"/>
                                             </matrix>
                                             <transformationPoint>
                                                  <Point/>
                                             </transformationPoint>
                                             <color>
                                                  <Color redMultiplier="0.0" greenMultiplier="0.0" blueMultiplier="0.0" alphaMultiplier="0.6015625" redOffset="255" greenOffset="255"/>
                                             </color>
                                        </DOMSymbolInstance>
                                   </elements>
                              </DOMFrame>
                              <DOMFrame index="15" keyMode="9728">
                                   <elements>
                                        <DOMSymbolInstance libraryItemName="Symbol 1377" centerPoint3DX="-3.4" centerPoint3DY="-39.05">
                                             <matrix>
                                                  <Matrix tx="-8.55" ty="-47.45" a="0.8588104248046875" d="0.8588104248046875"/>
                                             </matrix>
                                             <transformationPoint>
                                                  <Point/>
                                             </transformationPoint>
                                             <color>
                                                  <Color redMultiplier="0.0" greenMultiplier="0.0" blueMultiplier="0.0" alphaMultiplier="0.6015625" redOffset="255" greenOffset="255"/>
                                             </color>
                                        </DOMSymbolInstance>
                                   </elements>
                              </DOMFrame>
                              <DOMFrame index="16" keyMode="9728">
                                   <elements>
                                        <DOMSymbolInstance libraryItemName="Symbol 1377" centerPoint3DX="-3.7" centerPoint3DY="-39.05">
                                             <matrix>
                                                  <Matrix tx="-8.85" ty="-47.45" a="0.8588104248046875" d="0.8588104248046875"/>
                                             </matrix>
                                             <transformationPoint>
                                                  <Point/>
                                             </transformationPoint>
                                             <color>
                                                  <Color redMultiplier="0.0" greenMultiplier="0.0" blueMultiplier="0.0" alphaMultiplier="0.6015625" redOffset="255" greenOffset="255"/>
                                             </color>
                                        </DOMSymbolInstance>
                                   </elements>
                              </DOMFrame>
                              <DOMFrame index="17" keyMode="9728">
                                   <elements>
                                        <DOMSymbolInstance libraryItemName="Symbol 1377" centerPoint3DX="-3.1" centerPoint3DY="-39.05">
                                             <matrix>
                                                  <Matrix tx="-8.25" ty="-47.45" a="0.8588104248046875" d="0.8588104248046875"/>
                                             </matrix>
                                             <transformationPoint>
                                                  <Point/>
                                             </transformationPoint>
                                             <color>
                                                  <Color redMultiplier="0.0" greenMultiplier="0.0" blueMultiplier="0.0" alphaMultiplier="0.6015625" redOffset="255" greenOffset="255"/>
                                             </color>
                                        </DOMSymbolInstance>
                                   </elements>
                              </DOMFrame>
                              <DOMFrame index="18" keyMode="9728">
                                   <elements>
                                        <DOMSymbolInstance libraryItemName="Symbol 1377" centerPoint3DX="-3.85" centerPoint3DY="-39.05">
                                             <matrix>
                                                  <Matrix tx="-9.0" ty="-47.45" a="0.8588104248046875" d="0.8588104248046875"/>
                                             </matrix>
                                             <transformationPoint>
                                                  <Point/>
                                             </transformationPoint>
                                             <color>
                                                  <Color redMultiplier="0.0" greenMultiplier="0.0" blueMultiplier="0.0" alphaMultiplier="0.6015625" redOffset="255" greenOffset="255"/>
                                             </color>
                                        </DOMSymbolInstance>
                                   </elements>
                              </DOMFrame>
                              <DOMFrame index="19" keyMode="9728">
                                   <elements>
                                        <DOMSymbolInstance libraryItemName="Symbol 1377" centerPoint3DX="-2.95" centerPoint3DY="-39.05">
                                             <matrix>
                                                  <Matrix tx="-8.1" ty="-47.45" a="0.8588104248046875" d="0.8588104248046875"/>
                                             </matrix>
                                             <transformationPoint>
                                                  <Point/>
                                             </transformationPoint>
                                             <color>
                                                  <Color redMultiplier="0.0" greenMultiplier="0.0" blueMultiplier="0.0" alphaMultiplier="0.6015625" redOffset="255" greenOffset="255"/>
                                             </color>
                                        </DOMSymbolInstance>
                                   </elements>
                              </DOMFrame>
                              <DOMFrame index="20" keyMode="9728">
                                   <elements>
                                        <DOMSymbolInstance libraryItemName="Symbol 1377" centerPoint3DX="-3.7" centerPoint3DY="-39.05">
                                             <matrix>
                                                  <Matrix tx="-8.85" ty="-47.45" a="0.8588104248046875" d="0.8588104248046875"/>
                                             </matrix>
                                             <transformationPoint>
                                                  <Point/>
                                             </transformationPoint>
                                             <color>
                                                  <Color redMultiplier="0.0" greenMultiplier="0.0" blueMultiplier="0.0" alphaMultiplier="0.6015625" redOffset="255" greenOffset="255"/>
                                             </color>
                                        </DOMSymbolInstance>
                                   </elements>
                              </DOMFrame>
                              <DOMFrame index="21" keyMode="9728">
                                   <elements>
                                        <DOMSymbolInstance libraryItemName="Symbol 1377" centerPoint3DX="-4.75" centerPoint3DY="-36.7">
                                             <matrix>
                                                  <Matrix tx="-9.9" ty="-45.1" a="1.1840057373046875" d="0.7361297607421875"/>
                                             </matrix>
                                             <transformationPoint>
                                                  <Point/>
                                             </transformationPoint>
                                             <color>
                                                  <Color redMultiplier="0.0" greenMultiplier="0.0" blueMultiplier="0.0" alphaMultiplier="0.6015625" redOffset="255" greenOffset="255"/>
                                             </color>
                                        </DOMSymbolInstance>
                                   </elements>
                              </DOMFrame>
                              <DOMFrame index="22" keyMode="9728">
                                   <elements>
                                        <DOMSymbolInstance libraryItemName="Symbol 1377" centerPoint3DX="-5.05" centerPoint3DY="-36.7">
                                             <matrix>
                                                  <Matrix tx="-10.2" ty="-45.1" a="1.1840057373046875" d="0.7361297607421875"/>
                                             </matrix>
                                             <transformationPoint>
                                                  <Point/>
                                             </transformationPoint>
                                             <color>
                                                  <Color redMultiplier="0.0" greenMultiplier="0.0" blueMultiplier="0.0" alphaMultiplier="0.6015625" redOffset="255" greenOffset="255"/>
                                             </color>
                                        </DOMSymbolInstance>
                                   </elements>
                              </DOMFrame>
                              <DOMFrame index="23" duration="2" keyMode="9728">
                                   <elements>
                                        <DOMSymbolInstance libraryItemName="Symbol 1377" centerPoint3DX="-1.6" centerPoint3DY="-42.6">
                                             <matrix>
                                                  <Matrix tx="-6.75" ty="-51.0" a="0.5086212158203125" d="1.1246337890625"/>
                                             </matrix>
                                             <transformationPoint>
                                                  <Point/>
                                             </transformationPoint>
                                             <color>
                                                  <Color redMultiplier="0.0" greenMultiplier="0.0" blueMultiplier="0.0" alphaMultiplier="0.6015625" redOffset="255" greenOffset="255"/>
                                             </color>
                                        </DOMSymbolInstance>
                                   </elements>
                              </DOMFrame>
                              <DOMFrame index="25" duration="2" keyMode="9728">
                                   <elements>
                                        <DOMSymbolInstance libraryItemName="Symbol 1377" centerPoint3DX="-1.2" centerPoint3DY="-52.7">
                                             <matrix>
                                                  <Matrix tx="-6.35" ty="-61.1" a="0.4252471923828125" d="1.10418701171875"/>
                                             </matrix>
                                             <transformationPoint>
                                                  <Point/>
                                             </transformationPoint>
                                             <color>
                                                  <Color redMultiplier="0.0" greenMultiplier="0.0" blueMultiplier="0.0" alphaMultiplier="0.6015625" redOffset="255" greenOffset="255"/>
                                             </color>
                                        </DOMSymbolInstance>
                                   </elements>
                              </DOMFrame>
                              <DOMFrame index="27" duration="2" keyMode="9728">
                                   <elements/>
                              </DOMFrame>
                         </frames>
                    </DOMLayer>
                    <DOMLayer name="Layer 3" color="#39eb8e" current="true" isSelected="true">
                         <frames>
                              <DOMFrame index="0" duration="4" keyMode="9728">
                                   <elements/>
                              </DOMFrame>
                              <DOMFrame index="4" duration="2" keyMode="9728">
                                   <elements>
                                        <DOMSymbolInstance libraryItemName="Symbol 1377" centerPoint3DX="8.8" centerPoint3DY="-31.0">
                                             <matrix>
                                                  <Matrix tx="3.65" ty="-39.4" a="0.4252471923828125" d="1.1246337890625"/>
                                             </matrix>
                                             <transformationPoint>
                                                  <Point/>
                                             </transformationPoint>
                                             <color>
                                                  <Color redMultiplier="0.0" greenMultiplier="0.0" blueMultiplier="0.0" alphaMultiplier="0.6015625" redOffset="255" greenOffset="255"/>
                                             </color>
                                        </DOMSymbolInstance>
                                   </elements>
                              </DOMFrame>
                              <DOMFrame index="6" duration="2" keyMode="9728">
                                   <elements>
                                        <DOMSymbolInstance libraryItemName="Symbol 1377" centerPoint3DX="7.35" centerPoint3DY="-37.2">
                                             <matrix>
                                                  <Matrix tx="2.2" ty="-45.6" a="0.7170562744140625" d="0.9457244873046875"/>
                                             </matrix>
                                             <transformationPoint>
                                                  <Point/>
                                             </transformationPoint>
                                             <color>
                                                  <Color redMultiplier="0.0" greenMultiplier="0.0" blueMultiplier="0.0" alphaMultiplier="0.6015625" redOffset="255" greenOffset="255"/>
                                             </color>
                                        </DOMSymbolInstance>
                                   </elements>
                              </DOMFrame>
                              <DOMFrame index="8" keyMode="9728">
                                   <elements>
                                        <DOMSymbolInstance libraryItemName="Symbol 1377" centerPoint3DX="6.6" centerPoint3DY="-37.75">
                                             <matrix>
                                                  <Matrix tx="1.45" ty="-46.15" a="0.8588104248046875" d="0.8588104248046875"/>
                                             </matrix>
                                             <transformationPoint>
                                                  <Point/>
                                             </transformationPoint>
                                             <color>
                                                  <Color redMultiplier="0.0" greenMultiplier="0.0" blueMultiplier="0.0" alphaMultiplier="0.6015625" redOffset="255" greenOffset="255"/>
                                             </color>
                                        </DOMSymbolInstance>
                                   </elements>
                              </DOMFrame>
                              <DOMFrame index="9" keyMode="9728">
                                   <elements>
                                        <DOMSymbolInstance libraryItemName="Symbol 1377" centerPoint3DX="6.6" centerPoint3DY="-37.95">
                                             <matrix>
                                                  <Matrix tx="1.45" ty="-46.35" a="0.8588104248046875" d="0.8588104248046875"/>
                                             </matrix>
                                             <transformationPoint>
                                                  <Point/>
                                             </transformationPoint>
                                             <color>
                                                  <Color redMultiplier="0.0" greenMultiplier="0.0" blueMultiplier="0.0" alphaMultiplier="0.6015625" redOffset="255" greenOffset="255"/>
                                             </color>
                                        </DOMSymbolInstance>
                                   </elements>
                              </DOMFrame>
                              <DOMFrame index="10" keyMode="9728">
                                   <elements>
                                        <DOMSymbolInstance libraryItemName="Symbol 1377" centerPoint3DX="6.6" centerPoint3DY="-38.1">
                                             <matrix>
                                                  <Matrix tx="1.45" ty="-46.5" a="0.8588104248046875" d="0.8588104248046875"/>
                                             </matrix>
                                             <transformationPoint>
                                                  <Point/>
                                             </transformationPoint>
                                             <color>
                                                  <Color redMultiplier="0.0" greenMultiplier="0.0" blueMultiplier="0.0" alphaMultiplier="0.6015625" redOffset="255" greenOffset="255"/>
                                             </color>
                                        </DOMSymbolInstance>
                                   </elements>
                              </DOMFrame>
                              <DOMFrame index="11" keyMode="9728">
                                   <elements>
                                        <DOMSymbolInstance libraryItemName="Symbol 1377" centerPoint3DX="6.6" centerPoint3DY="-38.3">
                                             <matrix>
                                                  <Matrix tx="1.45" ty="-46.7" a="0.8588104248046875" d="0.8588104248046875"/>
                                             </matrix>
                                             <transformationPoint>
                                                  <Point/>
                                             </transformationPoint>
                                             <color>
                                                  <Color redMultiplier="0.0" greenMultiplier="0.0" blueMultiplier="0.0" alphaMultiplier="0.6015625" redOffset="255" greenOffset="255"/>
                                             </color>
                                        </DOMSymbolInstance>
                                   </elements>
                              </DOMFrame>
                              <DOMFrame index="12" keyMode="9728">
                                   <elements>
                                        <DOMSymbolInstance libraryItemName="Symbol 1377" centerPoint3DX="6.6" centerPoint3DY="-38.45">
                                             <matrix>
                                                  <Matrix tx="1.45" ty="-46.85" a="0.8588104248046875" d="0.8588104248046875"/>
                                             </matrix>
                                             <transformationPoint>
                                                  <Point/>
                                             </transformationPoint>
                                             <color>
                                                  <Color redMultiplier="0.0" greenMultiplier="0.0" blueMultiplier="0.0" alphaMultiplier="0.6015625" redOffset="255" greenOffset="255"/>
                                             </color>
                                        </DOMSymbolInstance>
                                   </elements>
                              </DOMFrame>
                              <DOMFrame index="13" keyMode="9728">
                                   <elements>
                                        <DOMSymbolInstance libraryItemName="Symbol 1377" centerPoint3DX="6.6" centerPoint3DY="-38.65">
                                             <matrix>
                                                  <Matrix tx="1.45" ty="-47.05" a="0.8588104248046875" d="0.8588104248046875"/>
                                             </matrix>
                                             <transformationPoint>
                                                  <Point/>
                                             </transformationPoint>
                                             <color>
                                                  <Color redMultiplier="0.0" greenMultiplier="0.0" blueMultiplier="0.0" alphaMultiplier="0.6015625" redOffset="255" greenOffset="255"/>
                                             </color>
                                        </DOMSymbolInstance>
                                   </elements>
                              </DOMFrame>
                              <DOMFrame index="14" keyMode="9728">
                                   <elements>
                                        <DOMSymbolInstance libraryItemName="Symbol 1377" centerPoint3DX="6.6" centerPoint3DY="-38.8">
                                             <matrix>
                                                  <Matrix tx="1.45" ty="-47.2" a="0.8588104248046875" d="0.8588104248046875"/>
                                             </matrix>
                                             <transformationPoint>
                                                  <Point/>
                                             </transformationPoint>
                                             <color>
                                                  <Color redMultiplier="0.0" greenMultiplier="0.0" blueMultiplier="0.0" alphaMultiplier="0.6015625" redOffset="255" greenOffset="255"/>
                                             </color>
                                        </DOMSymbolInstance>
                                   </elements>
                              </DOMFrame>
                              <DOMFrame index="15" keyMode="9728">
                                   <elements>
                                        <DOMSymbolInstance libraryItemName="Symbol 1377" centerPoint3DX="6.6" centerPoint3DY="-39.05">
                                             <matrix>
                                                  <Matrix tx="1.45" ty="-47.45" a="0.8588104248046875" d="0.8588104248046875"/>
                                             </matrix>
                                             <transformationPoint>
                                                  <Point/>
                                             </transformationPoint>
                                             <color>
                                                  <Color redMultiplier="0.0" greenMultiplier="0.0" blueMultiplier="0.0" alphaMultiplier="0.6015625" redOffset="255" greenOffset="255"/>
                                             </color>
                                        </DOMSymbolInstance>
                                   </elements>
                              </DOMFrame>
                              <DOMFrame index="16" keyMode="9728">
                                   <elements>
                                        <DOMSymbolInstance libraryItemName="Symbol 1377" centerPoint3DX="6.3" centerPoint3DY="-39.05">
                                             <matrix>
                                                  <Matrix tx="1.15" ty="-47.45" a="0.8588104248046875" d="0.8588104248046875"/>
                                             </matrix>
                                             <transformationPoint>
                                                  <Point/>
                                             </transformationPoint>
                                             <color>
                                                  <Color redMultiplier="0.0" greenMultiplier="0.0" blueMultiplier="0.0" alphaMultiplier="0.6015625" redOffset="255" greenOffset="255"/>
                                             </color>
                                        </DOMSymbolInstance>
                                   </elements>
                              </DOMFrame>
                              <DOMFrame index="17" keyMode="9728">
                                   <elements>
                                        <DOMSymbolInstance libraryItemName="Symbol 1377" centerPoint3DX="6.9" centerPoint3DY="-39.05">
                                             <matrix>
                                                  <Matrix tx="1.75" ty="-47.45" a="0.8588104248046875" d="0.8588104248046875"/>
                                             </matrix>
                                             <transformationPoint>
                                                  <Point/>
                                             </transformationPoint>
                                             <color>
                                                  <Color redMultiplier="0.0" greenMultiplier="0.0" blueMultiplier="0.0" alphaMultiplier="0.6015625" redOffset="255" greenOffset="255"/>
                                             </color>
                                        </DOMSymbolInstance>
                                   </elements>
                              </DOMFrame>
                              <DOMFrame index="18" keyMode="9728">
                                   <elements>
                                        <DOMSymbolInstance libraryItemName="Symbol 1377" centerPoint3DX="6.15" centerPoint3DY="-39.05">
                                             <matrix>
                                                  <Matrix tx="1.0" ty="-47.45" a="0.8588104248046875" d="0.8588104248046875"/>
                                             </matrix>
                                             <transformationPoint>
                                                  <Point/>
                                             </transformationPoint>
                                             <color>
                                                  <Color redMultiplier="0.0" greenMultiplier="0.0" blueMultiplier="0.0" alphaMultiplier="0.6015625" redOffset="255" greenOffset="255"/>
                                             </color>
                                        </DOMSymbolInstance>
                                   </elements>
                              </DOMFrame>
                              <DOMFrame index="19" keyMode="9728">
                                   <elements>
                                        <DOMSymbolInstance libraryItemName="Symbol 1377" centerPoint3DX="7.05" centerPoint3DY="-39.05">
                                             <matrix>
                                                  <Matrix tx="1.9" ty="-47.45" a="0.8588104248046875" d="0.8588104248046875"/>
                                             </matrix>
                                             <transformationPoint>
                                                  <Point/>
                                             </transformationPoint>
                                             <color>
                                                  <Color redMultiplier="0.0" greenMultiplier="0.0" blueMultiplier="0.0" alphaMultiplier="0.6015625" redOffset="255" greenOffset="255"/>
                                             </color>
                                        </DOMSymbolInstance>
                                   </elements>
                              </DOMFrame>
                              <DOMFrame index="20" keyMode="9728">
                                   <elements>
                                        <DOMSymbolInstance libraryItemName="Symbol 1377" centerPoint3DX="6.3" centerPoint3DY="-39.05">
                                             <matrix>
                                                  <Matrix tx="1.15" ty="-47.45" a="0.8588104248046875" d="0.8588104248046875"/>
                                             </matrix>
                                             <transformationPoint>
                                                  <Point/>
                                             </transformationPoint>
                                             <color>
                                                  <Color redMultiplier="0.0" greenMultiplier="0.0" blueMultiplier="0.0" alphaMultiplier="0.6015625" redOffset="255" greenOffset="255"/>
                                             </color>
                                        </DOMSymbolInstance>
                                   </elements>
                              </DOMFrame>
                              <DOMFrame index="21" keyMode="9728">
                                   <elements>
                                        <DOMSymbolInstance libraryItemName="Symbol 1377" centerPoint3DX="5.25" centerPoint3DY="-36.7">
                                             <matrix>
                                                  <Matrix tx="0.1" ty="-45.1" a="1.1840057373046875" d="0.7361297607421875"/>
                                             </matrix>
                                             <transformationPoint>
                                                  <Point/>
                                             </transformationPoint>
                                             <color>
                                                  <Color redMultiplier="0.0" greenMultiplier="0.0" blueMultiplier="0.0" alphaMultiplier="0.6015625" redOffset="255" greenOffset="255"/>
                                             </color>
                                        </DOMSymbolInstance>
                                   </elements>
                              </DOMFrame>
                              <DOMFrame index="22" keyMode="9728">
                                   <elements>
                                        <DOMSymbolInstance libraryItemName="Symbol 1377" centerPoint3DX="4.95" centerPoint3DY="-36.7">
                                             <matrix>
                                                  <Matrix tx="-0.2" ty="-45.1" a="1.1840057373046875" d="0.7361297607421875"/>
                                             </matrix>
                                             <transformationPoint>
                                                  <Point/>
                                             </transformationPoint>
                                             <color>
                                                  <Color redMultiplier="0.0" greenMultiplier="0.0" blueMultiplier="0.0" alphaMultiplier="0.6015625" redOffset="255" greenOffset="255"/>
                                             </color>
                                        </DOMSymbolInstance>
                                   </elements>
                              </DOMFrame>
                              <DOMFrame index="23" duration="2" keyMode="9728">
                                   <elements>
                                        <DOMSymbolInstance libraryItemName="Symbol 1377" centerPoint3DX="8.4" centerPoint3DY="-42.6">
                                             <matrix>
                                                  <Matrix tx="3.25" ty="-51.0" a="0.5086212158203125" d="1.1246337890625"/>
                                             </matrix>
                                             <transformationPoint>
                                                  <Point/>
                                             </transformationPoint>
                                             <color>
                                                  <Color redMultiplier="0.0" greenMultiplier="0.0" blueMultiplier="0.0" alphaMultiplier="0.6015625" redOffset="255" greenOffset="255"/>
                                             </color>
                                        </DOMSymbolInstance>
                                   </elements>
                              </DOMFrame>
                              <DOMFrame index="25" duration="2" keyMode="9728">
                                   <elements>
                                        <DOMSymbolInstance libraryItemName="Symbol 1377" centerPoint3DX="8.8" centerPoint3DY="-52.7">
                                             <matrix>
                                                  <Matrix tx="3.65" ty="-61.1" a="0.4252471923828125" d="1.10418701171875"/>
                                             </matrix>
                                             <transformationPoint>
                                                  <Point/>
                                             </transformationPoint>
                                             <color>
                                                  <Color redMultiplier="0.0" greenMultiplier="0.0" blueMultiplier="0.0" alphaMultiplier="0.6015625" redOffset="255" greenOffset="255"/>
                                             </color>
                                        </DOMSymbolInstance>
                                   </elements>
                              </DOMFrame>
                              <DOMFrame index="27" duration="2" keyMode="9728">
                                   <elements/>
                              </DOMFrame>
                         </frames>
                    </DOMLayer>
               </layers>
          </DOMTimeline>
     </timeline>
</DOMSymbolItem>
