<DOMSymbolItem xmlns="http://ns.adobe.com/xfl/2008/" xmlns:xsi="http://www.w3.org/2001/XMLSchema-instance" name="Symbol 1249" lastModified="1681431985" symbolType="graphic">
     <timeline>
          <DOMTimeline name="Symbol 1249" currentFrame="0">
               <layers>
                    <DOMLayer name="Layer 1">
                         <frames>
                              <DOMFrame index="0" motionTweenScale="false" keyMode="8192">
                                   <elements>
                                        <DOMShape isFloating="true">
                                             <fills>
                                                  <FillStyle index="1">
                                                       <SolidColor color="#000000" alpha="0.2"/>
                                                  </FillStyle>
                                             </fills>
                                             <strokes/>
                                             <edges>
                                                  <Edge fillStyle1="1" edges="! 1079 164| 1074 357| 1065 405[ 1054 433 1021 432[ 986 432 984 274| 882 284| 882 286[ 894 381 892 409[ 890 427 876 440[ 860 455 840 455[ 786 454 780 374| 782 259[ 775 111 779 61[ 784 13 802 3[ 817 -7 836 16[ 882 72 875 178| 924 177| 986 184| 990 64[ 998 -19 1026 11[ 1056 40 1079 164"/>
                                                  <Edge fillStyle1="1" edges="! 637 136[ 635 163 583 180[ 531 197 529 219[ 528 239 539 277[ 555 333 587 333[ 619 334 631 289| 615 280[ 583 261 584 243[ 588 203 674 201[ 761 199 756 254[ 749 282 733 294| 738 307[ 759 369 758 383| 745 411[ 730 430 707 430[ 698 430 683 418| 665 405[ 655 405 629 415| 593 423[ 513 422 470 339| 444 256[ 452 169 548 115[ 586 94 613 98[ 640 102 637 136"/>
                                                  <Edge fillStyle1="1" edges="! 407 381[ 390 404 362 404[ 323 403 314 352| 313 297[ 329 125 383 148[ 437 170 421 343[ 419 364 407 381"/>
                                                  <Edge fillStyle1="1" edges="! 65 54[ 87 113 95 182| 156 173| 187 172[ 212 -44 254 11[ 301 73 277 337| 273 394[ 260 445 215 444[ 171 443 171 341| 176 288| 99 279| 96 354| 92 408[ 79 457 36 456[ 6 456 1 286| 0 124[ 9 31 28 17[ 45 4 65 54"/>
                                             </edges>
                                        </DOMShape>
                                   </elements>
                              </DOMFrame>
                         </frames>
                    </DOMLayer>
               </layers>
          </DOMTimeline>
     </timeline>
</DOMSymbolItem>
