<DOMSymbolItem xmlns="http://ns.adobe.com/xfl/2008/" xmlns:xsi="http://www.w3.org/2001/XMLSchema-instance" name="Symbol 2144" lastModified="1681431985">
     <timeline>
          <DOMTimeline name="Symbol 2144">
               <layers>
                    <DOMLayer name="Script Layer" color="#d8f09d">
                         <frames>
                              <DOMFrame index="0" keyMode="9728">
                                   <Actionscript>
                                        <script>stop();
</script>
                                   </Actionscript>
                                   <elements/>
                              </DOMFrame>
                         </frames>
                    </DOMLayer>
                    <DOMLayer name="Layer 2" color="#c71aae" current="true" isSelected="true">
                         <frames>
                              <DOMFrame index="0" keyMode="9728">
                                   <elements>
                                        <DOMShape isFloating="true">
                                             <fills>
                                                  <FillStyle index="1">
                                                       <SolidColor color="#000000"/>
                                                  </FillStyle>
                                                  <FillStyle index="2">
                                                       <SolidColor color="#b18989"/>
                                                  </FillStyle>
                                                  <FillStyle index="3">
                                                       <SolidColor color="#bf9797"/>
                                                  </FillStyle>
                                             </fills>
                                             <strokes/>
                                             <edges>
                                                  <Edge fillStyle1="1" edges="! 629 112| 627 115[ 671 174 671 259[ 671 344 635 414[ 599 483 536 516| 547 542| 557 570| 571 620| 576 675[ 576 710 548 728[ 516 750 422 772| 275 772[ 192 764 158 745[ 124 725 118 711[ 105 707 100 693| 98 672[ 98 595 110 546| 122 491[ 0 425 0 280[ 0 177 74 106| 73 104[ 118 66 142 51| 159 42| 161 45[ 238 6 336 1[ 462 -5 553 49| 554 48| 558 51| 596 74| 620 102| 629 112"/>
                                                  <Edge fillStyle0="3" fillStyle1="2" edges="! 490 155| 490 147[ 490 108 468 79"/>
                                                  <Edge fillStyle0="3" fillStyle1="1" edges="! 468 79| 402 66| 366 63| 336 63[ 185 84 118 171[ 104 189 95 209| 78 256| 72 289"/>
                                                  <Edge fillStyle0="3" fillStyle1="2" edges="! 72 289| 95 310[ 147 350 253 350| 307 344[ 302 355 302 370[ 299 388 319 388[ 333 388 338 378"/>
                                                  <Edge fillStyle0="3" fillStyle1="1" edges="! 338 378[ 325 369 325 351[ 325 314 359 314[ 387 314 401 330| 410 351| 404 367"/>
                                                  <Edge fillStyle0="3" fillStyle1="2" edges="! 404 367| 418 380| 432 360[ 432 347 425 340[ 421 311 386 308| 435 260| 469 211"/>
                                                  <Edge fillStyle0="3" fillStyle1="1" edges="! 469 211| 461 189[ 461 178 467 169[ 475 156 490 155"/>
                                                  <Edge fillStyle0="2" fillStyle1="1" edges="! 490 155| 495 154[ 516 154 533 171[ 547 185 547 194| 546 202| 546 205[ 546 215 538 226[ 527 241 507 241[ 483 241 474 224| 472 216| 470 213| 469 211"/>
                                                  <Edge fillStyle0="1" fillStyle1="2" edges="! 468 79[ 543 102 577 159[ 604 204 604 302[ 604 354 561 401[ 487 483 312 483[ 194 483 125 419[ 71 369 71 313| 72 289"/>
                                                  <Edge fillStyle0="3" fillStyle1="1" edges="! 231 231[ 214 246 193 246[ 169 246 159 231[ 153 222 153 212[ 153 160 199 162[ 245 164 245 207[ 245 218 231 231"/>
                                                  <Edge fillStyle0="1" fillStyle1="2" edges="! 338 378[ 350 386 373 386[ 391 386 402 370| 404 367"/>
                                                  <Edge fillStyle0="3" fillStyle1="1" edges="! 497 554| 490 533| 402 544[ 264 544 174 513| 170 535| 170 536"/>
                                                  <Edge fillStyle0="3" fillStyle1="2" edges="! 170 536[ 178 551 197 570[ 243 616 321 616[ 395 616 452 587[ 484 570 497 554"/>
                                                  <Edge fillStyle0="1" fillStyle1="2" edges="! 497 554| 501 568| 518 632| 516 654"/>
                                                  <Edge fillStyle0="1" fillStyle1="3" edges="! 516 654| 517 654| 511 670| 506 676[ 487 695 413 707| 284 707[ 245 717 199 698[ 152 679 162 662| 162 661"/>
                                                  <Edge fillStyle0="1" fillStyle1="2" edges="! 162 661[ 156 613 157 602| 170 536"/>
                                                  <Edge fillStyle0="2" fillStyle1="3" edges="! 162 661| 196 673[ 249 691 330 691[ 408 691 489 662| 516 654"/>
                                             </edges>
                                        </DOMShape>
                                   </elements>
                              </DOMFrame>
                              <DOMFrame index="1" keyMode="9728">
                                   <elements>
                                        <DOMShape isFloating="true">
                                             <fills>
                                                  <FillStyle index="1">
                                                       <SolidColor color="#000000"/>
                                                  </FillStyle>
                                                  <FillStyle index="2">
                                                       <SolidColor color="#2a2a2a"/>
                                                  </FillStyle>
                                                  <FillStyle index="3">
                                                       <SolidColor color="#414141"/>
                                                  </FillStyle>
                                                  <FillStyle index="4">
                                                       <SolidColor color="#5f0101"/>
                                                  </FillStyle>
                                             </fills>
                                             <strokes/>
                                             <edges>
                                                  <Edge fillStyle1="1" edges="! 129 -13| 136 14| 154 35| 161 45[ 238 6 336 1[ 462 -5 553 49| 576 29| 582 6[ 584 -8 593 -11[ 618 -22 633 10[ 644 33 644 55[ 641 99 627 115[ 671 174 671 259[ 671 344 635 414[ 599 483 536 516| 547 542| 557 570| 571 620| 576 675[ 576 710 548 728[ 516 750 422 772| 275 772[ 192 764 158 745[ 124 725 118 711[ 105 707 100 693| 98 672[ 98 595 110 546| 122 491[ 0 425 0 280[ 0 177 74 106| 68 89| 67 58[ 67 18 70 3[ 78 -33 104 -32[ 126 -25 129 -13"/>
                                                  <Edge fillStyle0="2" fillStyle1="3" edges="! 468 79[ 490 108 490 147| 490 155"/>
                                                  <Edge fillStyle0="2" fillStyle1="4" edges="! 490 155| 495 154[ 516 154 533 171[ 547 185 547 194| 546 202| 546 205[ 546 215 538 226[ 527 241 507 241[ 483 241 474 224| 472 216| 470 213| 469 211"/>
                                                  <Edge fillStyle0="2" fillStyle1="3" edges="! 469 211| 435 260| 386 308[ 421 311 425 340[ 432 347 432 360| 418 380| 404 367"/>
                                                  <Edge fillStyle0="2" fillStyle1="1" edges="! 404 367| 402 370[ 391 386 373 386[ 350 386 338 378"/>
                                                  <Edge fillStyle0="2" fillStyle1="3" edges="! 338 378[ 333 388 319 388[ 299 388 302 370[ 302 355 307 344| 253 350[ 147 350 95 310| 72 289"/>
                                                  <Edge fillStyle0="2" fillStyle1="1" edges="! 72 289| 71 313[ 71 369 125 419[ 194 483 312 483[ 487 483 561 401[ 604 354 604 302[ 604 204 577 159[ 543 102 468 79"/>
                                                  <Edge fillStyle0="3" fillStyle1="1" edges="! 468 79| 402 66| 366 63| 336 63[ 185 84 118 171[ 104 189 95 209| 78 256| 72 289"/>
                                                  <Edge fillStyle0="4" fillStyle1="3" edges="! 490 155[ 475 156 467 169[ 461 178 461 189| 469 211"/>
                                                  <Edge fillStyle0="3" fillStyle1="4" edges="! 231 231[ 214 246 193 246[ 169 246 159 231[ 153 222 153 212[ 153 160 199 162[ 245 164 245 207[ 245 218 231 231"/>
                                                  <Edge fillStyle0="1" fillStyle1="3" edges="! 404 367| 410 351| 401 330[ 387 314 359 314[ 325 314 325 351[ 325 369 338 378"/>
                                                  <Edge fillStyle0="2" fillStyle1="1" edges="! 497 554| 490 533| 402 544[ 264 544 174 513| 170 535| 170 536"/>
                                                  <Edge fillStyle0="2" fillStyle1="3" edges="! 170 536[ 178 551 197 570[ 243 616 321 616[ 395 616 452 587[ 484 570 497 554"/>
                                                  <Edge fillStyle0="1" fillStyle1="3" edges="! 497 554| 501 568| 518 632| 516 654"/>
                                                  <Edge fillStyle0="1" fillStyle1="2" edges="! 516 654| 517 654| 511 670| 506 676[ 487 695 413 707| 284 707[ 245 717 199 698[ 152 679 162 662| 162 661"/>
                                                  <Edge fillStyle0="1" fillStyle1="3" edges="! 162 661[ 156 613 157 602| 170 536"/>
                                                  <Edge fillStyle0="3" fillStyle1="2" edges="! 162 661| 196 673[ 249 691 330 691[ 408 691 489 662| 516 654"/>
                                             </edges>
                                        </DOMShape>
                                   </elements>
                              </DOMFrame>
                         </frames>
                    </DOMLayer>
               </layers>
          </DOMTimeline>
     </timeline>
</DOMSymbolItem>
