<DOMSymbolItem xmlns="http://ns.adobe.com/xfl/2008/" xmlns:xsi="http://www.w3.org/2001/XMLSchema-instance" name="Symbol 1400" lastModified="1681431985">
     <timeline>
          <DOMTimeline name="Symbol 1400">
               <layers>
                    <DOMLayer name="Script Layer" color="#f3ecdc">
                         <frames>
                              <DOMFrame index="0" duration="18" keyMode="9728">
                                   <elements/>
                              </DOMFrame>
                              <DOMFrame index="18" keyMode="9728">
                                   <Actionscript>
                                        <script>_parent.gotoAndStop(1);
</script>
                                   </Actionscript>
                                   <elements/>
                              </DOMFrame>
                         </frames>
                    </DOMLayer>
                    <DOMLayer name="Layer 2" color="#c9b206">
                         <frames>
                              <DOMFrame index="0" keyMode="9728">
                                   <elements>
                                        <DOMSymbolInstance libraryItemName="Symbol 416" symbolType="graphic" loop="loop">
                                             <matrix>
                                                  <Matrix tx="13.4" ty="-32.5" a="0.3886566162109375" d="1.0627899169921875"/>
                                             </matrix>
                                             <transformationPoint>
                                                  <Point/>
                                             </transformationPoint>
                                             <color>
                                                  <Color redMultiplier="0.0390625" greenMultiplier="0.0390625" blueMultiplier="0.0390625" redOffset="87" greenOffset="60" blueOffset="43"/>
                                             </color>
                                        </DOMSymbolInstance>
                                   </elements>
                              </DOMFrame>
                              <DOMFrame index="1" keyMode="9728">
                                   <elements>
                                        <DOMSymbolInstance libraryItemName="Symbol 417" symbolType="graphic" loop="loop">
                                             <matrix>
                                                  <Matrix tx="13.4" ty="-32.5" a="0.3886566162109375" d="1.0627899169921875"/>
                                             </matrix>
                                             <transformationPoint>
                                                  <Point/>
                                             </transformationPoint>
                                             <color>
                                                  <Color redMultiplier="0.0390625" greenMultiplier="0.0390625" blueMultiplier="0.0390625" redOffset="87" greenOffset="60" blueOffset="43"/>
                                             </color>
                                        </DOMSymbolInstance>
                                   </elements>
                              </DOMFrame>
                              <DOMFrame index="2" keyMode="9728">
                                   <elements>
                                        <DOMSymbolInstance libraryItemName="Symbol 419" symbolType="graphic" loop="loop">
                                             <matrix>
                                                  <Matrix tx="13.4" ty="-32.5" a="0.3886566162109375" d="1.0627899169921875"/>
                                             </matrix>
                                             <transformationPoint>
                                                  <Point/>
                                             </transformationPoint>
                                             <color>
                                                  <Color redMultiplier="0.0390625" greenMultiplier="0.0390625" blueMultiplier="0.0390625" redOffset="87" greenOffset="60" blueOffset="43"/>
                                             </color>
                                        </DOMSymbolInstance>
                                   </elements>
                              </DOMFrame>
                              <DOMFrame index="3" keyMode="9728">
                                   <elements>
                                        <DOMSymbolInstance libraryItemName="Symbol 421" symbolType="graphic" loop="loop">
                                             <matrix>
                                                  <Matrix tx="13.4" ty="-32.5" a="0.3886566162109375" d="1.0627899169921875"/>
                                             </matrix>
                                             <transformationPoint>
                                                  <Point/>
                                             </transformationPoint>
                                             <color>
                                                  <Color redMultiplier="0.0390625" greenMultiplier="0.0390625" blueMultiplier="0.0390625" redOffset="87" greenOffset="60" blueOffset="43"/>
                                             </color>
                                        </DOMSymbolInstance>
                                   </elements>
                              </DOMFrame>
                              <DOMFrame index="4" keyMode="9728">
                                   <elements>
                                        <DOMSymbolInstance libraryItemName="Symbol 423" symbolType="graphic" loop="loop">
                                             <matrix>
                                                  <Matrix tx="13.4" ty="-32.5" a="0.3886566162109375" d="1.0627899169921875"/>
                                             </matrix>
                                             <transformationPoint>
                                                  <Point/>
                                             </transformationPoint>
                                             <color>
                                                  <Color redMultiplier="0.0390625" greenMultiplier="0.0390625" blueMultiplier="0.0390625" redOffset="87" greenOffset="60" blueOffset="43"/>
                                             </color>
                                        </DOMSymbolInstance>
                                   </elements>
                              </DOMFrame>
                              <DOMFrame index="5" keyMode="9728">
                                   <elements>
                                        <DOMSymbolInstance libraryItemName="Symbol 425" symbolType="graphic" loop="loop">
                                             <matrix>
                                                  <Matrix tx="13.4" ty="-32.5" a="0.3886566162109375" d="1.0627899169921875"/>
                                             </matrix>
                                             <transformationPoint>
                                                  <Point/>
                                             </transformationPoint>
                                             <color>
                                                  <Color redMultiplier="0.0390625" greenMultiplier="0.0390625" blueMultiplier="0.0390625" redOffset="87" greenOffset="60" blueOffset="43"/>
                                             </color>
                                        </DOMSymbolInstance>
                                   </elements>
                              </DOMFrame>
                              <DOMFrame index="6" keyMode="9728">
                                   <elements>
                                        <DOMSymbolInstance libraryItemName="Symbol 426" symbolType="graphic" loop="loop">
                                             <matrix>
                                                  <Matrix tx="13.4" ty="-32.5" a="0.3886566162109375" d="1.0627899169921875"/>
                                             </matrix>
                                             <transformationPoint>
                                                  <Point/>
                                             </transformationPoint>
                                             <color>
                                                  <Color redMultiplier="0.0390625" greenMultiplier="0.0390625" blueMultiplier="0.0390625" redOffset="87" greenOffset="60" blueOffset="43"/>
                                             </color>
                                        </DOMSymbolInstance>
                                   </elements>
                              </DOMFrame>
                              <DOMFrame index="7" keyMode="9728">
                                   <elements>
                                        <DOMSymbolInstance libraryItemName="Symbol 428" symbolType="graphic" loop="loop">
                                             <matrix>
                                                  <Matrix tx="13.4" ty="-32.5" a="0.3886566162109375" d="1.0627899169921875"/>
                                             </matrix>
                                             <transformationPoint>
                                                  <Point/>
                                             </transformationPoint>
                                             <color>
                                                  <Color redMultiplier="0.0390625" greenMultiplier="0.0390625" blueMultiplier="0.0390625" redOffset="87" greenOffset="60" blueOffset="43"/>
                                             </color>
                                        </DOMSymbolInstance>
                                   </elements>
                              </DOMFrame>
                              <DOMFrame index="8" keyMode="9728">
                                   <elements>
                                        <DOMSymbolInstance libraryItemName="Symbol 429" symbolType="graphic" loop="loop">
                                             <matrix>
                                                  <Matrix tx="13.4" ty="-32.5" a="0.3886566162109375" d="1.0627899169921875"/>
                                             </matrix>
                                             <transformationPoint>
                                                  <Point/>
                                             </transformationPoint>
                                             <color>
                                                  <Color redMultiplier="0.0390625" greenMultiplier="0.0390625" blueMultiplier="0.0390625" redOffset="87" greenOffset="60" blueOffset="43"/>
                                             </color>
                                        </DOMSymbolInstance>
                                   </elements>
                              </DOMFrame>
                              <DOMFrame index="9" keyMode="9728">
                                   <elements>
                                        <DOMSymbolInstance libraryItemName="Symbol 431" symbolType="graphic" loop="loop">
                                             <matrix>
                                                  <Matrix tx="13.4" ty="-32.5" a="0.3886566162109375" d="1.0627899169921875"/>
                                             </matrix>
                                             <transformationPoint>
                                                  <Point/>
                                             </transformationPoint>
                                             <color>
                                                  <Color redMultiplier="0.0390625" greenMultiplier="0.0390625" blueMultiplier="0.0390625" redOffset="87" greenOffset="60" blueOffset="43"/>
                                             </color>
                                        </DOMSymbolInstance>
                                   </elements>
                              </DOMFrame>
                              <DOMFrame index="10" keyMode="9728">
                                   <elements>
                                        <DOMSymbolInstance libraryItemName="Symbol 432" symbolType="graphic" loop="loop">
                                             <matrix>
                                                  <Matrix tx="13.4" ty="-32.5" a="0.3886566162109375" d="1.0627899169921875"/>
                                             </matrix>
                                             <transformationPoint>
                                                  <Point/>
                                             </transformationPoint>
                                             <color>
                                                  <Color redMultiplier="0.0390625" greenMultiplier="0.0390625" blueMultiplier="0.0390625" redOffset="87" greenOffset="60" blueOffset="43"/>
                                             </color>
                                        </DOMSymbolInstance>
                                   </elements>
                              </DOMFrame>
                              <DOMFrame index="11" duration="2" keyMode="9728">
                                   <elements>
                                        <DOMSymbolInstance libraryItemName="Symbol 434" symbolType="graphic" loop="loop">
                                             <matrix>
                                                  <Matrix tx="13.4" ty="-32.5" a="0.3886566162109375" d="1.0627899169921875"/>
                                             </matrix>
                                             <transformationPoint>
                                                  <Point/>
                                             </transformationPoint>
                                             <color>
                                                  <Color redMultiplier="0.0390625" greenMultiplier="0.0390625" blueMultiplier="0.0390625" redOffset="87" greenOffset="60" blueOffset="43"/>
                                             </color>
                                        </DOMSymbolInstance>
                                   </elements>
                              </DOMFrame>
                              <DOMFrame index="13" duration="2" keyMode="9728">
                                   <elements>
                                        <DOMSymbolInstance libraryItemName="Symbol 435" symbolType="graphic" loop="loop">
                                             <matrix>
                                                  <Matrix tx="13.4" ty="-32.5" a="0.3886566162109375" d="1.0627899169921875"/>
                                             </matrix>
                                             <transformationPoint>
                                                  <Point/>
                                             </transformationPoint>
                                             <color>
                                                  <Color redMultiplier="0.0390625" greenMultiplier="0.0390625" blueMultiplier="0.0390625" redOffset="87" greenOffset="60" blueOffset="43"/>
                                             </color>
                                        </DOMSymbolInstance>
                                   </elements>
                              </DOMFrame>
                              <DOMFrame index="15" duration="2" keyMode="9728">
                                   <elements>
                                        <DOMSymbolInstance libraryItemName="Symbol 436" symbolType="graphic" loop="loop">
                                             <matrix>
                                                  <Matrix tx="13.4" ty="-32.5" a="0.3886566162109375" d="1.0627899169921875"/>
                                             </matrix>
                                             <transformationPoint>
                                                  <Point/>
                                             </transformationPoint>
                                             <color>
                                                  <Color redMultiplier="0.0390625" greenMultiplier="0.0390625" blueMultiplier="0.0390625" redOffset="87" greenOffset="60" blueOffset="43"/>
                                             </color>
                                        </DOMSymbolInstance>
                                   </elements>
                              </DOMFrame>
                              <DOMFrame index="17" duration="2" keyMode="9728">
                                   <elements>
                                        <DOMSymbolInstance libraryItemName="Symbol 437" symbolType="graphic" loop="loop">
                                             <matrix>
                                                  <Matrix tx="13.4" ty="-32.5" a="0.3886566162109375" d="1.0627899169921875"/>
                                             </matrix>
                                             <transformationPoint>
                                                  <Point/>
                                             </transformationPoint>
                                             <color>
                                                  <Color redMultiplier="0.0390625" greenMultiplier="0.0390625" blueMultiplier="0.0390625" redOffset="87" greenOffset="60" blueOffset="43"/>
                                             </color>
                                        </DOMSymbolInstance>
                                   </elements>
                              </DOMFrame>
                         </frames>
                    </DOMLayer>
                    <DOMLayer name="Layer 3" color="#75e828">
                         <frames>
                              <DOMFrame index="0" duration="2" keyMode="9728">
                                   <elements>
                                        <DOMSymbolInstance libraryItemName="Symbol 1399" centerPoint3DX="14.5" centerPoint3DY="10.75">
                                             <matrix>
                                                  <Matrix tx="-5.15" ty="-10.85" a="1.36639404296875" d="0.8032379150390625"/>
                                             </matrix>
                                             <transformationPoint>
                                                  <Point/>
                                             </transformationPoint>
                                        </DOMSymbolInstance>
                                   </elements>
                              </DOMFrame>
                              <DOMFrame index="2" duration="2" keyMode="9728">
                                   <elements>
                                        <DOMSymbolInstance libraryItemName="Symbol 1399" centerPoint3DX="27.2" centerPoint3DY="-6.25">
                                             <matrix>
                                                  <Matrix tx="7.55" ty="-27.85" a="0.7201080322265625" d="1.21990966796875"/>
                                             </matrix>
                                             <transformationPoint>
                                                  <Point/>
                                             </transformationPoint>
                                        </DOMSymbolInstance>
                                   </elements>
                              </DOMFrame>
                              <DOMFrame index="4" duration="2" keyMode="9728">
                                   <elements>
                                        <DOMSymbolInstance libraryItemName="Symbol 1399" centerPoint3DX="18.45" centerPoint3DY="10.55">
                                             <matrix>
                                                  <Matrix tx="-1.2" ty="-11.05" a="1.1806640625" d="0.8125" b="0.0" c="-0.0133209228515625"/>
                                             </matrix>
                                             <transformationPoint>
                                                  <Point/>
                                             </transformationPoint>
                                        </DOMSymbolInstance>
                                   </elements>
                              </DOMFrame>
                              <DOMFrame index="6" duration="2" keyMode="9728">
                                   <elements>
                                        <DOMSymbolInstance libraryItemName="Symbol 1399" centerPoint3DX="24.0" centerPoint3DY="-0.55">
                                             <matrix>
                                                  <Matrix tx="4.35" ty="-22.15" a="0.8829498291015625" d="1.057861328125"/>
                                             </matrix>
                                             <transformationPoint>
                                                  <Point/>
                                             </transformationPoint>
                                        </DOMSymbolInstance>
                                   </elements>
                              </DOMFrame>
                              <DOMFrame index="8" duration="2" keyMode="9728">
                                   <elements>
                                        <DOMSymbolInstance libraryItemName="Symbol 1399" centerPoint3DX="20.3" centerPoint3DY="4.0">
                                             <matrix>
                                                  <Matrix tx="0.65" ty="-17.6" a="1.07122802734375" d="0.96759033203125"/>
                                             </matrix>
                                             <transformationPoint>
                                                  <Point/>
                                             </transformationPoint>
                                        </DOMSymbolInstance>
                                   </elements>
                              </DOMFrame>
                              <DOMFrame index="10" duration="9" keyMode="9728">
                                   <elements>
                                        <DOMSymbolInstance libraryItemName="Symbol 1399" centerPoint3DX="21.7" centerPoint3DY="2.5">
                                             <matrix>
                                                  <Matrix tx="2.05" ty="-19.1"/>
                                             </matrix>
                                             <transformationPoint>
                                                  <Point/>
                                             </transformationPoint>
                                        </DOMSymbolInstance>
                                   </elements>
                              </DOMFrame>
                         </frames>
                    </DOMLayer>
                    <DOMLayer name="Layer 4" color="#dc0fcc" current="true" isSelected="true">
                         <frames>
                              <DOMFrame index="0" keyMode="9728">
                                   <elements>
                                        <DOMSymbolInstance libraryItemName="Symbol 418" symbolType="graphic" loop="loop">
                                             <matrix>
                                                  <Matrix tx="24.0" ty="13.85" a="0.0" d="0.0" b="-0.6577301025390625" c="0.952117919921875"/>
                                             </matrix>
                                             <transformationPoint>
                                                  <Point/>
                                             </transformationPoint>
                                             <color>
                                                  <Color redMultiplier="0.0390625" greenMultiplier="0.0390625" blueMultiplier="0.0390625" redOffset="134" greenOffset="86"/>
                                             </color>
                                        </DOMSymbolInstance>
                                   </elements>
                              </DOMFrame>
                              <DOMFrame index="1" keyMode="9728">
                                   <elements>
                                        <DOMSymbolInstance libraryItemName="Symbol 420" symbolType="graphic" loop="loop">
                                             <matrix>
                                                  <Matrix tx="24.0" ty="13.85" a="0.0" d="0.0" b="-0.6577301025390625" c="0.952117919921875"/>
                                             </matrix>
                                             <transformationPoint>
                                                  <Point/>
                                             </transformationPoint>
                                             <color>
                                                  <Color redMultiplier="0.0390625" greenMultiplier="0.0390625" blueMultiplier="0.0390625" redOffset="134" greenOffset="86"/>
                                             </color>
                                        </DOMSymbolInstance>
                                   </elements>
                              </DOMFrame>
                              <DOMFrame index="2" keyMode="9728">
                                   <elements>
                                        <DOMSymbolInstance libraryItemName="Symbol 422" symbolType="graphic" loop="loop">
                                             <matrix>
                                                  <Matrix tx="24.0" ty="13.85" a="0.0" d="0.0" b="-0.6577301025390625" c="0.952117919921875"/>
                                             </matrix>
                                             <transformationPoint>
                                                  <Point/>
                                             </transformationPoint>
                                             <color>
                                                  <Color redMultiplier="0.0390625" greenMultiplier="0.0390625" blueMultiplier="0.0390625" redOffset="134" greenOffset="86"/>
                                             </color>
                                        </DOMSymbolInstance>
                                   </elements>
                              </DOMFrame>
                              <DOMFrame index="3" duration="2" keyMode="9728">
                                   <elements>
                                        <DOMSymbolInstance libraryItemName="Symbol 424" symbolType="graphic" loop="loop">
                                             <matrix>
                                                  <Matrix tx="24.0" ty="13.85" a="0.0" d="0.0" b="-0.6577301025390625" c="0.952117919921875"/>
                                             </matrix>
                                             <transformationPoint>
                                                  <Point/>
                                             </transformationPoint>
                                             <color>
                                                  <Color redMultiplier="0.0390625" greenMultiplier="0.0390625" blueMultiplier="0.0390625" redOffset="134" greenOffset="86"/>
                                             </color>
                                        </DOMSymbolInstance>
                                   </elements>
                              </DOMFrame>
                              <DOMFrame index="5" duration="2" keyMode="9728">
                                   <elements>
                                        <DOMSymbolInstance libraryItemName="Symbol 427" symbolType="graphic" loop="loop">
                                             <matrix>
                                                  <Matrix tx="24.0" ty="13.85" a="0.0" d="0.0" b="-0.6577301025390625" c="0.952117919921875"/>
                                             </matrix>
                                             <transformationPoint>
                                                  <Point/>
                                             </transformationPoint>
                                             <color>
                                                  <Color redMultiplier="0.0390625" greenMultiplier="0.0390625" blueMultiplier="0.0390625" redOffset="134" greenOffset="86"/>
                                             </color>
                                        </DOMSymbolInstance>
                                   </elements>
                              </DOMFrame>
                              <DOMFrame index="7" duration="2" keyMode="9728">
                                   <elements>
                                        <DOMSymbolInstance libraryItemName="Symbol 430" symbolType="graphic" loop="loop">
                                             <matrix>
                                                  <Matrix tx="24.0" ty="13.85" a="0.0" d="0.0" b="-0.6577301025390625" c="0.952117919921875"/>
                                             </matrix>
                                             <transformationPoint>
                                                  <Point/>
                                             </transformationPoint>
                                             <color>
                                                  <Color redMultiplier="0.0390625" greenMultiplier="0.0390625" blueMultiplier="0.0390625" redOffset="134" greenOffset="86"/>
                                             </color>
                                        </DOMSymbolInstance>
                                   </elements>
                              </DOMFrame>
                              <DOMFrame index="9" keyMode="9728">
                                   <elements>
                                        <DOMSymbolInstance libraryItemName="Symbol 433" symbolType="graphic" loop="loop">
                                             <matrix>
                                                  <Matrix tx="24.0" ty="13.85" a="0.0" d="0.0" b="-0.6577301025390625" c="0.952117919921875"/>
                                             </matrix>
                                             <transformationPoint>
                                                  <Point/>
                                             </transformationPoint>
                                             <color>
                                                  <Color redMultiplier="0.0390625" greenMultiplier="0.0390625" blueMultiplier="0.0390625" redOffset="134" greenOffset="86"/>
                                             </color>
                                        </DOMSymbolInstance>
                                   </elements>
                              </DOMFrame>
                              <DOMFrame index="10" duration="9" keyMode="9728">
                                   <elements/>
                              </DOMFrame>
                         </frames>
                    </DOMLayer>
               </layers>
          </DOMTimeline>
     </timeline>
</DOMSymbolItem>
