<DOMSymbolItem xmlns="http://ns.adobe.com/xfl/2008/" xmlns:xsi="http://www.w3.org/2001/XMLSchema-instance" name="Symbol 1813" lastModified="1681431985">
     <timeline>
          <DOMTimeline name="Symbol 1813">
               <layers>
                    <DOMLayer name="Layer 1" color="#d78be2" current="true" isSelected="true">
                         <frames>
                              <DOMFrame index="0" keyMode="9728">
                                   <elements>
                                        <DOMSymbolInstance libraryItemName="Symbol 343" symbolType="graphic" loop="loop">
                                             <matrix>
                                                  <Matrix tx="0.0" ty="0.0"/>
                                             </matrix>
                                             <transformationPoint>
                                                  <Point/>
                                             </transformationPoint>
                                        </DOMSymbolInstance>
                                   </elements>
                              </DOMFrame>
                              <DOMFrame index="1" keyMode="9728">
                                   <elements>
                                        <DOMSymbolInstance libraryItemName="Symbol 347" symbolType="graphic" loop="loop">
                                             <matrix>
                                                  <Matrix tx="0.0" ty="0.0"/>
                                             </matrix>
                                             <transformationPoint>
                                                  <Point/>
                                             </transformationPoint>
                                        </DOMSymbolInstance>
                                   </elements>
                              </DOMFrame>
                              <DOMFrame index="2" keyMode="9728">
                                   <elements>
                                        <DOMSymbolInstance libraryItemName="Symbol 351" symbolType="graphic" loop="loop">
                                             <matrix>
                                                  <Matrix tx="0.0" ty="0.0"/>
                                             </matrix>
                                             <transformationPoint>
                                                  <Point/>
                                             </transformationPoint>
                                        </DOMSymbolInstance>
                                   </elements>
                              </DOMFrame>
                              <DOMFrame index="3" keyMode="9728">
                                   <elements>
                                        <DOMSymbolInstance libraryItemName="Symbol 355" symbolType="graphic" loop="loop">
                                             <matrix>
                                                  <Matrix tx="0.0" ty="0.0"/>
                                             </matrix>
                                             <transformationPoint>
                                                  <Point/>
                                             </transformationPoint>
                                        </DOMSymbolInstance>
                                   </elements>
                              </DOMFrame>
                              <DOMFrame index="4" keyMode="9728">
                                   <elements>
                                        <DOMSymbolInstance libraryItemName="Symbol 359" symbolType="graphic" loop="loop">
                                             <matrix>
                                                  <Matrix tx="0.0" ty="0.0"/>
                                             </matrix>
                                             <transformationPoint>
                                                  <Point/>
                                             </transformationPoint>
                                        </DOMSymbolInstance>
                                   </elements>
                              </DOMFrame>
                              <DOMFrame index="5" keyMode="9728">
                                   <elements>
                                        <DOMSymbolInstance libraryItemName="Symbol 363" symbolType="graphic" loop="loop">
                                             <matrix>
                                                  <Matrix tx="0.0" ty="0.0"/>
                                             </matrix>
                                             <transformationPoint>
                                                  <Point/>
                                             </transformationPoint>
                                        </DOMSymbolInstance>
                                   </elements>
                              </DOMFrame>
                              <DOMFrame index="6" keyMode="9728">
                                   <elements>
                                        <DOMSymbolInstance libraryItemName="Symbol 367" symbolType="graphic" loop="loop">
                                             <matrix>
                                                  <Matrix tx="0.0" ty="0.0"/>
                                             </matrix>
                                             <transformationPoint>
                                                  <Point/>
                                             </transformationPoint>
                                        </DOMSymbolInstance>
                                   </elements>
                              </DOMFrame>
                              <DOMFrame index="7" keyMode="9728">
                                   <elements>
                                        <DOMSymbolInstance libraryItemName="Symbol 371" symbolType="graphic" loop="loop">
                                             <matrix>
                                                  <Matrix tx="0.0" ty="0.0"/>
                                             </matrix>
                                             <transformationPoint>
                                                  <Point/>
                                             </transformationPoint>
                                        </DOMSymbolInstance>
                                   </elements>
                              </DOMFrame>
                              <DOMFrame index="8" keyMode="9728">
                                   <elements>
                                        <DOMSymbolInstance libraryItemName="Symbol 375" symbolType="graphic" loop="loop">
                                             <matrix>
                                                  <Matrix tx="0.0" ty="0.0"/>
                                             </matrix>
                                             <transformationPoint>
                                                  <Point/>
                                             </transformationPoint>
                                        </DOMSymbolInstance>
                                   </elements>
                              </DOMFrame>
                              <DOMFrame index="9" keyMode="9728">
                                   <elements>
                                        <DOMSymbolInstance libraryItemName="Symbol 379" symbolType="graphic" loop="loop">
                                             <matrix>
                                                  <Matrix tx="0.0" ty="0.0"/>
                                             </matrix>
                                             <transformationPoint>
                                                  <Point/>
                                             </transformationPoint>
                                        </DOMSymbolInstance>
                                   </elements>
                              </DOMFrame>
                              <DOMFrame index="10" keyMode="9728">
                                   <elements>
                                        <DOMSymbolInstance libraryItemName="Symbol 383" symbolType="graphic" loop="loop">
                                             <matrix>
                                                  <Matrix tx="0.0" ty="0.0"/>
                                             </matrix>
                                             <transformationPoint>
                                                  <Point/>
                                             </transformationPoint>
                                        </DOMSymbolInstance>
                                   </elements>
                              </DOMFrame>
                              <DOMFrame index="11" keyMode="9728">
                                   <elements>
                                        <DOMSymbolInstance libraryItemName="Symbol 387" symbolType="graphic" loop="loop">
                                             <matrix>
                                                  <Matrix tx="0.0" ty="0.0"/>
                                             </matrix>
                                             <transformationPoint>
                                                  <Point/>
                                             </transformationPoint>
                                        </DOMSymbolInstance>
                                   </elements>
                              </DOMFrame>
                              <DOMFrame index="12" keyMode="9728">
                                   <elements>
                                        <DOMSymbolInstance libraryItemName="Symbol 391" symbolType="graphic" loop="loop">
                                             <matrix>
                                                  <Matrix tx="0.0" ty="0.0"/>
                                             </matrix>
                                             <transformationPoint>
                                                  <Point/>
                                             </transformationPoint>
                                        </DOMSymbolInstance>
                                   </elements>
                              </DOMFrame>
                              <DOMFrame index="13" keyMode="9728">
                                   <elements>
                                        <DOMSymbolInstance libraryItemName="Symbol 395" symbolType="graphic" loop="loop">
                                             <matrix>
                                                  <Matrix tx="0.0" ty="0.0"/>
                                             </matrix>
                                             <transformationPoint>
                                                  <Point/>
                                             </transformationPoint>
                                        </DOMSymbolInstance>
                                   </elements>
                              </DOMFrame>
                              <DOMFrame index="14" keyMode="9728">
                                   <elements>
                                        <DOMSymbolInstance libraryItemName="Symbol 399" symbolType="graphic" loop="loop">
                                             <matrix>
                                                  <Matrix tx="0.0" ty="0.0"/>
                                             </matrix>
                                             <transformationPoint>
                                                  <Point/>
                                             </transformationPoint>
                                        </DOMSymbolInstance>
                                   </elements>
                              </DOMFrame>
                              <DOMFrame index="15" keyMode="9728">
                                   <elements>
                                        <DOMSymbolInstance libraryItemName="Symbol 403" symbolType="graphic" loop="loop">
                                             <matrix>
                                                  <Matrix tx="0.0" ty="0.0"/>
                                             </matrix>
                                             <transformationPoint>
                                                  <Point/>
                                             </transformationPoint>
                                        </DOMSymbolInstance>
                                   </elements>
                              </DOMFrame>
                              <DOMFrame index="16" duration="20" keyMode="9728">
                                   <elements/>
                              </DOMFrame>
                         </frames>
                    </DOMLayer>
               </layers>
          </DOMTimeline>
     </timeline>
</DOMSymbolItem>
