<DOMSymbolItem xmlns="http://ns.adobe.com/xfl/2008/" xmlns:xsi="http://www.w3.org/2001/XMLSchema-instance" name="Symbol 1449" lastModified="1681431985" symbolType="graphic">
     <timeline>
          <DOMTimeline name="Symbol 1449" currentFrame="0">
               <layers>
                    <DOMLayer name="Layer 1">
                         <frames>
                              <DOMFrame index="0" motionTweenScale="false" keyMode="8192">
                                   <elements>
                                        <DOMShape isFloating="true">
                                             <fills>
                                                  <FillStyle index="1">
                                                       <SolidColor color="#000000"/>
                                                  </FillStyle>
                                                  <FillStyle index="2">
                                                       <SolidColor color="#932323"/>
                                                  </FillStyle>
                                                  <FillStyle index="3">
                                                       <SolidColor color="#691717"/>
                                                  </FillStyle>
                                                  <FillStyle index="4">
                                                       <SolidColor color="#ffffff"/>
                                                  </FillStyle>
                                             </fills>
                                             <strokes/>
                                             <edges>
                                                  <Edge fillStyle0="1" fillStyle1="3" edges="! 260 79[ 354 97 404 157[ 450 211 450 280[ 450 341 410 405[ 345 509 208 509[ 72 509 0 420[ -30 383 -43 346"/>
                                                  <Edge fillStyle0="1" fillStyle1="2" edges="! -43 346| -49 323| -52 300| -52 298| -52 296| -52 294[ -52 236 10 166[ 91 75 219 72| 240 75| 260 78| 260 79"/>
                                                  <Edge fillStyle0="3" fillStyle1="2" edges="! 260 79[ 268 107 268 149[ 268 271 210 326"/>
                                                  <Edge fillStyle0="3" fillStyle1="1" edges="! 210 326| 259 320| 352 290[ 406 274 406 312[ 406 368 371 412[ 317 480 194 480[ 124 480 70 434[ 26 396 26 372| 26 368"/>
                                                  <Edge fillStyle0="3" fillStyle1="2" edges="! 26 368[ -16 362 -43 346"/>
                                                  <Edge fillStyle0="0" fillStyle1="1" edges="! 437 439[ 351 552 170 552[ 24 552 -50 433[ -97 356 -98 292[ -97 223 -32 154[ 44 72 175 32[ 373 41 450 134[ 493 189 493 282[ 493 366 437 439"/>
                                                  <Edge fillStyle0="3" fillStyle1="1" edges="! 413 252[ 398 270 374 270[ 342 270 323 244[ 309 225 309 212[ 309 142 367 147[ 424 152 424 221[ 424 237 413 252"/>
                                                  <Edge fillStyle0="1" fillStyle1="4" edges="! 318 199[ 318 179 337 181[ 356 182 356 200| 351 213[ 345 221 338 221[ 325 221 321 211[ 318 206 318 199"/>
                                                  <Edge fillStyle0="2" fillStyle1="4" edges="! 33 185| 32 170[ 43 149 57 154[ 70 159 70 171[ 70 191 51 191| 40 190| 33 185"/>
                                                  <Edge fillStyle0="2" fillStyle1="4" edges="! 106 167[ 80 167 85 149[ 85 117 131 106[ 177 94 177 124[ 177 141 159 153[ 139 167 106 167"/>
                                                  <Edge fillStyle0="1" fillStyle1="4" edges="! 17 275[ -1 275 -2 254[ -2 239 17 238[ 35 236 35 254| 30 268| 17 275"/>
                                                  <Edge fillStyle0="2" fillStyle1="1" edges="! 42 320[ 2 320 -12 297[ -19 285 -18 271[ -18 209 42 202[ 101 194 101 267[ 101 286 88 301[ 72 320 42 320"/>
                                                  <Edge fillStyle0="1" fillStyle1="2" edges="! 210 326| 202 327| 68 342| 62 342| 26 368"/>
                                                  <Edge fillStyle0="4" fillStyle1="1" edges="! 156 373| 83 382[ 95 397 121 412[ 163 437 209 437[ 274 437 322 392[ 356 360 363 332| 363 331| 252 356| 232 360| 233 370[ 233 390 225 398[ 215 407 186 407[ 155 407 155 381| 156 373"/>
                                             </edges>
                                        </DOMShape>
                                   </elements>
                              </DOMFrame>
                         </frames>
                    </DOMLayer>
               </layers>
          </DOMTimeline>
     </timeline>
</DOMSymbolItem>
