<DOMSymbolItem xmlns="http://ns.adobe.com/xfl/2008/" xmlns:xsi="http://www.w3.org/2001/XMLSchema-instance" name="Symbol 1540" lastModified="1681431985" symbolType="graphic">
     <timeline>
          <DOMTimeline name="Symbol 1540" currentFrame="0">
               <layers>
                    <DOMLayer name="Layer 1">
                         <frames>
                              <DOMFrame index="0" motionTweenScale="false" keyMode="8192">
                                   <elements>
                                        <DOMShape isFloating="true">
                                             <fills>
                                                  <FillStyle index="1">
                                                       <SolidColor color="#000000" alpha="1.0"/>
                                                  </FillStyle>
                                                  <FillStyle index="2">
                                                       <SolidColor color="#cc9999" alpha="1.0"/>
                                                  </FillStyle>
                                             </fills>
                                             <strokes>
                                                  <StrokeStyle index="1">
                                                       <SolidStroke weight="2.0" scaleMode="normal">
                                                            <fill>
                                                                 <SolidColor color="#000000"/>
                                                            </fill>
                                                       </SolidStroke>
                                                  </StrokeStyle>
                                             </strokes>
                                             <edges>
                                                  <Edge fillStyle0="2" fillStyle1="1" edges="! 313 -21[ 275 -6 209 7[ 131 22 131 64| 143 95[ 243 89 279 98| 299 61| 308 42[ 317 50 317 60| 317 65| 317 69| 317 70[ 313 97 289 142| 284 152| 284 154| 282 157[ 274 165 271 179[ 268 188 268 200[ 268 211 274 221[ 282 234 298 237| 309 243| 329 253| 329 250[ 329 234 364 198| 377 186| 380 175[ 386 154 393 150[ 401 158 401 172| 398 186| 398 194| 363 247| 393 268[ 437 296 461 296[ 478 296 531 226| 534 222| 532 219| 545 206| 545 203| 537 171| 529 143[ 529 132 532 130| 532 127| 527 58[ 509 6 406 -13| 354 -22| 313 -21"/>
                                                  <Edge fillStyle0="0" fillStyle1="1" strokeStyle="1" edges="! 354 -45[ 397 -51 437 -45[ 508 -34 540 8| 568 40[ 559 82 559 144| 567 200| 575 225| 571 226| 568 230| 555 241[ 510 334 461 334| 459 334[ 454 407 367 407| 297 397| 294 399[ 280 399 277 389| 276 378[ 276 342 304 292[ 280 291 262 271[ 248 265 241 244| 240 239[ 230 219 230 207[ 230 185 240 166| 260 136| 178 137[ 117 137 98 103| 91 67[ 91 11 127 -11[ 173 -39 292 -40| 354 -45"/>
                                                  <Edge fillStyle0="2" fillStyle1="1" strokeStyle="0" edges="! 435 332[ 399 324 367 296| 366 295[ 355 293 347 284| 316 362| 366 367[ 423 367 431 342| 435 332"/>
                                             </edges>
                                        </DOMShape>
                                   </elements>
                              </DOMFrame>
                         </frames>
                    </DOMLayer>
               </layers>
          </DOMTimeline>
     </timeline>
</DOMSymbolItem>
