<DOMSymbolItem xmlns="http://ns.adobe.com/xfl/2008/" xmlns:xsi="http://www.w3.org/2001/XMLSchema-instance" name="Symbol 2224" lastModified="1681431985">
     <timeline>
          <DOMTimeline name="Symbol 2224">
               <layers>
                    <DOMLayer name="Script Layer" color="#9fe4e8">
                         <frames>
                              <DOMFrame index="0" keyMode="9728">
                                   <Actionscript>
                                        <script>stop();
</script>
                                   </Actionscript>
                                   <elements/>
                              </DOMFrame>
                         </frames>
                    </DOMLayer>
                    <DOMLayer name="Layer 2" color="#b2e8a5" current="true" isSelected="true">
                         <frames>
                              <DOMFrame index="0" keyMode="9728">
                                   <elements>
                                        <DOMShape isFloating="true">
                                             <fills>
                                                  <FillStyle index="1">
                                                       <SolidColor color="#000000"/>
                                                  </FillStyle>
                                                  <FillStyle index="2">
                                                       <SolidColor color="#a72525"/>
                                                  </FillStyle>
                                                  <FillStyle index="3">
                                                       <SolidColor color="#cfbd27"/>
                                                  </FillStyle>
                                             </fills>
                                             <strokes/>
                                             <edges>
                                                  <Edge fillStyle1="1" edges="! 424 255[ 408 276 384 276[ 340 276 334 237| 335 187| 332 175| 331 179[ 324 237 309 255| 310 263[ 310 277 279 295[ 241 318 184 318[ 102 318 48 268| 39 256| 20 238| 16 233[ 6 231 4 222| 3 213| 0 203[ 1 192 6 187| 10 168| 32 119| 36 110[ 40 78 49 52[ 65 6 94 8| 208 12[ 329 40 336 86| 343 105| 355 148[ 366 171 406 190[ 438 205 438 226[ 437 239 424 255"/>
                                                  <Edge fillStyle0="1" fillStyle1="0" edges="! 277 103| 279 105| 271 106"/>
                                                  <Edge fillStyle0="1" fillStyle1="2" edges="! 271 106| 238 111| 198 111[ 194 111 185 117| 198 127| 239 132| 287 129| 287 137| 280 186[ 273 211 273 225| 274 240| 245 252[ 217 266 183 266[ 156 266 111 242[ 68 218 68 204[ 68 196 78 169| 87 128| 96 98| 116 104[ 127 104 130 96| 127 91[ 107 89 103 78| 108 64| 118 60| 154 54[ 217 54 254 81| 277 103"/>
                                                  <Edge fillStyle0="0" fillStyle1="2" edges="! 277 103| 271 106"/>
                                                  <Edge fillStyle0="1" fillStyle1="3" edges="! 385 209[ 407 210 407 229[ 406 249 384 249[ 366 249 362 240| 362 231[ 362 208 385 209"/>
                                             </edges>
                                        </DOMShape>
                                   </elements>
                              </DOMFrame>
                              <DOMFrame index="1" keyMode="9728">
                                   <elements>
                                        <DOMShape isFloating="true">
                                             <fills>
                                                  <FillStyle index="1">
                                                       <SolidColor color="#000000"/>
                                                  </FillStyle>
                                                  <FillStyle index="2">
                                                       <SolidColor color="#a72525"/>
                                                  </FillStyle>
                                                  <FillStyle index="3">
                                                       <SolidColor color="#cfbd27"/>
                                                  </FillStyle>
                                             </fills>
                                             <strokes/>
                                             <edges>
                                                  <Edge fillStyle1="1" edges="! 0 131| -15 133| -56 131| -52 122| -39 63[ -23 16 6 16| 120 11[ 241 29 248 75| 255 93| 267 135[ 278 157 318 173[ 350 185 350 206| 338 235| 318 219"/>
                                                  <Edge fillStyle1="3" edges="! 318 219| 286 200| 282 198"/>
                                                  <Edge fillStyle1="1" edges="! 282 198| 248 182| 247 176| 244 164| 243 168| 242 180| 196 163"/>
                                                  <Edge fillStyle1="2" edges="! 196 163| 141 147[ 52 125 0 131"/>
                                                  <Edge fillStyle0="1" fillStyle1="2" edges="! 0 131| 8 105| 28 110[ 39 109 42 101| 39 96[ 19 96 15 85| 20 70| 30 66| 66 57[ 129 52 166 76| 189 96"/>
                                                  <Edge fillStyle0="1" fillStyle1="0" edges="! 189 96| 191 98| 183 100"/>
                                                  <Edge fillStyle0="1" fillStyle1="2" edges="! 183 100| 150 107| 110 110| 97 117| 110 126| 151 128| 199 121| 199 129| 196 163"/>
                                                  <Edge fillStyle0="3" fillStyle1="1" edges="! 318 219| 319 212[ 319 193 297 194| 282 198"/>
                                                  <Edge fillStyle0="2" fillStyle1="0" edges="! 183 100| 189 96"/>
                                                  <Edge fillStyle0="1" fillStyle1="0" edges="! 178 294| 178 296| 180 295| 178 294"/>
                                             </edges>
                                        </DOMShape>
                                   </elements>
                              </DOMFrame>
                              <DOMFrame index="2" keyMode="9728">
                                   <elements>
                                        <DOMShape isFloating="true">
                                             <fills>
                                                  <FillStyle index="1">
                                                       <SolidColor color="#000000"/>
                                                  </FillStyle>
                                                  <FillStyle index="2">
                                                       <SolidColor color="#a72525"/>
                                                  </FillStyle>
                                                  <FillStyle index="3">
                                                       <SolidColor color="#cfbd27"/>
                                                  </FillStyle>
                                             </fills>
                                             <strokes/>
                                             <edges>
                                                  <Edge fillStyle0="1" fillStyle1="2" edges="! -140 123| -116 101[ -79 75 -16 74| 20 80| 30 85| 35 98[ 31 109 10 112| 7 117[ 10 125 22 125| 42 119| 51 148| 60 190| 69 225[ 70 238 27 263[ -18 287 -45 287[ -79 287 -107 273[ -127 263 -136 260| -135 245| -141 207[ -148 182 -148 157| -148 150| -101 153| -59 148| -47 138| -59 132| -100 131| -133 127"/>
                                                  <Edge fillStyle0="1" fillStyle1="0" edges="! -133 127| -140 125| -140 123"/>
                                                  <Edge fillStyle0="2" fillStyle1="0" edges="! -140 123| -133 127"/>
                                                  <Edge fillStyle0="1" fillStyle1="0" edges="! 44 29| -70 33[ -191 61 -198 107| -205 124| -217 168[ -228 192 -268 211[ -300 226 -299 246| -287 275[ -269 296 -245 297[ -201 297 -196 258| -197 208| -193 195| -192 199[ -185 258 -170 275| -171 284[ -171 298 -140 316[ -103 339 -46 338[ 36 339 91 288| 99 277| 118 259| 123 253| 134 243| 135 234| 138 223[ 137 213 132 208| 128 187| 106 140| 102 131| 90 72[ 72 27 44 29"/>
                                                  <Edge fillStyle0="3" fillStyle1="1" edges="! -225 251[ -224 228 -247 229[ -269 231 -268 250[ -267 270 -245 270[ -228 270 -224 260| -225 251"/>
                                             </edges>
                                        </DOMShape>
                                   </elements>
                              </DOMFrame>
                              <DOMFrame index="3" keyMode="9728">
                                   <elements>
                                        <DOMShape isFloating="true">
                                             <fills>
                                                  <FillStyle index="1">
                                                       <SolidColor color="#000000"/>
                                                  </FillStyle>
                                                  <FillStyle index="2">
                                                       <SolidColor color="#cfbd27"/>
                                                  </FillStyle>
                                                  <FillStyle index="3">
                                                       <SolidColor color="#a72525"/>
                                                  </FillStyle>
                                             </fills>
                                             <strokes/>
                                             <edges>
                                                  <Edge fillStyle0="1" edges="! 252 46[ 227 21 141 20[ 17 16 -2 58| -4 60| -21 147| -21 149[ -29 207 -19 228| -22 236[ -26 250 0 275[ 30 307 85 321| 145 330[ 108 343 108 388[ 108 399 118 410[ 135 430 174 430[ 208 430 223 407[ 233 392 233 374[ 233 328 191 324| 230 309| 241 299| 264 287| 270 283| 284 275| 287 267| 292 258| 291 241| 292 221[ 286 197 283 169| 282 159| 285 99[ 280 51 252 46"/>
                                                  <Edge fillStyle0="1" fillStyle1="3" edges="! 50 89[ 62 81 79 74[ 121 58 182 74[ 204 80 215 89| 224 96| 226 110[ 219 120 198 117| 194 121[ 195 129 206 132| 227 132| 228 163| 226 205| 226 241[ 223 254 184 265| 184 161[ 158 84 149 172| 145 273| 99 272[ 66 263 43 242| 18 223| 23 208| 27 170[ 27 144 33 120| 35 113| 80 128| 121 134| 136 127[ 129 119 125 118| 86 107| 56 94"/>
                                                  <Edge fillStyle0="1" fillStyle1="0" edges="! 56 94| 49 91| 50 89"/>
                                                  <Edge fillStyle0="3" fillStyle1="0" edges="! 50 89| 56 94"/>
                                                  <Edge fillStyle0="1" fillStyle1="2" edges="! 170 400[ 154 400 148 388| 145 376[ 145 349 173 349[ 200 348 200 373| 191 391[ 182 400 170 400"/>
                                             </edges>
                                        </DOMShape>
                                   </elements>
                              </DOMFrame>
                         </frames>
                    </DOMLayer>
               </layers>
          </DOMTimeline>
     </timeline>
</DOMSymbolItem>
