<DOMSymbolItem xmlns="http://ns.adobe.com/xfl/2008/" xmlns:xsi="http://www.w3.org/2001/XMLSchema-instance" name="Symbol 1243" lastModified="1681431985" symbolType="graphic">
     <timeline>
          <DOMTimeline name="Symbol 1243" currentFrame="0">
               <layers>
                    <DOMLayer name="Layer 1">
                         <frames>
                              <DOMFrame index="0" motionTweenScale="false" keyMode="8192">
                                   <elements>
                                        <DOMShape isFloating="true">
                                             <fills>
                                                  <FillStyle index="1">
                                                       <SolidColor color="#000000" alpha="0.4"/>
                                                  </FillStyle>
                                             </fills>
                                             <strokes/>
                                             <edges>
                                                  <Edge fillStyle1="1" edges="! 923 -23[ 962 -13 962 7[ 962 32 935 48[ 904 66 825 80| 829 124| 843 121[ 939 102 939 170[ 939 198 907 215[ 881 229 840 233[ 848 310 848 356[ 848 383 825 397[ 808 408 791 408[ 749 408 734 357[ 727 333 727 300| 729 90[ 716 -8 838 -27| 923 -23"/>
                                                  <Edge fillStyle1="1" edges="! 681 43[ 681 96 522 95| 522 152| 525 160| 559 153[ 658 138 658 195[ 658 232 626 249[ 601 263 554 267| 555 277| 560 380[ 560 403 543 419[ 527 433 503 433[ 450 433 431 302[ 422 237 423 169[ 423 -5 552 -4[ 595 -4 641 16[ 681 34 681 43"/>
                                                  <Edge fillStyle0="1" fillStyle1="0" edges="! 52 117[ -6 187 0 291[ 3 335 40 377[ 96 441 207 439[ 315 437 370 375[ 405 334 404 307[ 395 171 327 100[ 268 37 186 45[ 106 52 52 117"/>
                                                  <Edge fillStyle0="1" fillStyle1="0" edges="! 102 248[ 97 175 194 154[ 291 132 296 211| 297 275[ 275 330 158 332[ 128 333 112 292[ 103 269 102 248"/>
                                             </edges>
                                        </DOMShape>
                                   </elements>
                              </DOMFrame>
                         </frames>
                    </DOMLayer>
               </layers>
          </DOMTimeline>
     </timeline>
</DOMSymbolItem>
