<DOMSymbolItem xmlns="http://ns.adobe.com/xfl/2008/" xmlns:xsi="http://www.w3.org/2001/XMLSchema-instance" name="Symbol 1693" lastModified="1681431985" symbolType="graphic">
     <timeline>
          <DOMTimeline name="Symbol 1693" currentFrame="0">
               <layers>
                    <DOMLayer name="Layer 1">
                         <frames>
                              <DOMFrame index="0" motionTweenScale="false" keyMode="8192">
                                   <elements>
                                        <DOMShape isFloating="true">
                                             <fills>
                                                  <FillStyle index="1">
                                                       <SolidColor color="#666666" alpha="0.8"/>
                                                  </FillStyle>
                                             </fills>
                                             <strokes/>
                                             <edges>
                                                  <Edge fillStyle1="1" edges="! 496 -508[ 536 -430 536 -387| 533 -354| 533 -340[ 531 -324 521 -324[ 513 -324 502 -369| 481 -435| 441 -489[ 392 -535 323 -535[ 218 -535 173 -446[ 152 -381 140 -364| 142 -356[ 142 -341 131 -341[ 126 -341 101 -387| 64 -451[ 31 -490 -35 -522| -79 -543| -98 -537[ -111 -537 -111 -547[ -111 -573 -35 -571| 31 -562| 81 -602[ 142 -647 161 -652| 316 -657[ 390 -643 413 -612[ 453 -593 496 -508"/>
                                                  <Edge fillStyle1="1" edges="! 374 -64[ 374 -96 432 -53| 456 -34| 452 -16| 454 -11| 456 -7[ 456 3 446 3[ 434 3 403 -31| 374 -64"/>
                                             </edges>
                                        </DOMShape>
                                   </elements>
                              </DOMFrame>
                         </frames>
                    </DOMLayer>
               </layers>
          </DOMTimeline>
     </timeline>
</DOMSymbolItem>
