<DOMSymbolItem xmlns="http://ns.adobe.com/xfl/2008/" xmlns:xsi="http://www.w3.org/2001/XMLSchema-instance" name="Symbol 1502" lastModified="1681431985">
     <timeline>
          <DOMTimeline name="Symbol 1502">
               <layers>
                    <DOMLayer name="Layer 1" color="#ad876a">
                         <frames>
                              <DOMFrame index="0" keyMode="9728">
                                   <elements>
                                        <DOMSymbolInstance libraryItemName="Symbol 1476" symbolType="graphic" loop="loop">
                                             <matrix>
                                                  <Matrix tx="0.0" ty="0.0"/>
                                             </matrix>
                                             <transformationPoint>
                                                  <Point/>
                                             </transformationPoint>
                                        </DOMSymbolInstance>
                                   </elements>
                              </DOMFrame>
                              <DOMFrame index="1" keyMode="9728">
                                   <elements>
                                        <DOMShape isFloating="true">
                                             <fills>
                                                  <FillStyle index="1">
                                                       <SolidColor color="#000000" alpha="1.0"/>
                                                  </FillStyle>
                                                  <FillStyle index="2">
                                                       <SolidColor color="#792020" alpha="1.0"/>
                                                  </FillStyle>
                                             </fills>
                                             <strokes>
                                                  <StrokeStyle index="1">
                                                       <SolidStroke weight="2.0" scaleMode="normal">
                                                            <fill>
                                                                 <SolidColor color="#000000"/>
                                                            </fill>
                                                       </SolidStroke>
                                                  </StrokeStyle>
                                             </strokes>
                                             <edges>
                                                  <Edge fillStyle1="1" strokeStyle="1" edges="! 485 -6| 519 34| 555 113[ 581 180 581 195[ 581 223 567 243[ 556 261 538 269[ 557 302 557 347[ 557 399 437 399| 406 396| 399 399| 284 411[ 241 411 217 395[ 201 385 201 375[ 201 300 229 242[ 201 256 165 256[ 121 256 109 230| 105 203[ 105 130 131 85[ 150 52 188 26[ 201 6 251 -16| 258 -19[ 273 -30 307 -41| 429 -46[ 462 -29 485 -6"/>
                                                  <Edge fillStyle0="1" fillStyle1="2" strokeStyle="0" edges="! 397 -18[ 459 -4 471 42| 504 97[ 544 179 544 217[ 544 239 501 248| 479 254| 478 254| 468 258[ 439 269 419 269| 382 268[ 378 275 355 275| 347 275| 367 281| 393 286| 385 316[ 382 372 350 372[ 251 372 251 355| 272 258| 269 216[ 312 175 340 92[ 340 79 325 79[ 309 79 263 149[ 218 219 164 219[ 149 219 149 170[ 149 122 216 53| 229 41| 231 39| 258 20[ 278 10 305 0| 310 -3| 329 -7[ 347 -30 397 -18"/>
                                                  <Edge fillStyle0="2" fillStyle1="1" strokeStyle="0" edges="! 471 284| 425 295| 425 362| 436 362| 485 359| 514 350[ 504 300 504 283| 504 277| 494 277| 488 277| 471 284"/>
                                             </edges>
                                        </DOMShape>
                                   </elements>
                              </DOMFrame>
                              <DOMFrame index="2" duration="2" keyMode="9728">
                                   <elements>
                                        <DOMShape isFloating="true">
                                             <fills>
                                                  <FillStyle index="1">
                                                       <SolidColor color="#000000" alpha="1.0"/>
                                                  </FillStyle>
                                                  <FillStyle index="2">
                                                       <SolidColor color="#792020" alpha="1.0"/>
                                                  </FillStyle>
                                                  <FillStyle index="3">
                                                       <SolidColor color="#bfa6a6" alpha="1.0"/>
                                                  </FillStyle>
                                             </fills>
                                             <strokes>
                                                  <StrokeStyle index="1">
                                                       <SolidStroke weight="2.0" scaleMode="normal">
                                                            <fill>
                                                                 <SolidColor color="#000000"/>
                                                            </fill>
                                                       </SolidStroke>
                                                  </StrokeStyle>
                                             </strokes>
                                             <edges>
                                                  <Edge fillStyle1="1" strokeStyle="1" edges="! 463 -33| 494 6| 514 39[ 525 55 537 107[ 548 156 548 181| 543 236[ 530 271 491 282[ 499 301 499 346[ 499 371 495 375[ 475 395 389 395[ 342 395 333 380| 333 369[ 312 382 292 382[ 218 382 176 326[ 148 289 148 265| 205 183[ 145 206 113 206[ 71 206 58 166| 54 126[ 54 66 137 13[ 216 -38 312 -43[ 332 -63 463 -33"/>
                                                  <Edge fillStyle0="1" fillStyle1="2" strokeStyle="0" edges="! 394 247| 395 246| 394 244| 397 239| 398 227| 398 225| 396 226| 382 232| 365 265| 366 272| 357 294[ 346 312 336 312| 335 312[ 308 341 289 341[ 241 341 191 269| 230 225[ 268 183 268 155| 289 137| 288 129| 286 127| 270 125[ 258 125 201 147| 128 169[ 108 169 98 157[ 91 148 91 138[ 91 74 210 18| 312 -26[ 320 -16 350 -14| 379 -11| 426 -10[ 483 14 483 53| 483 62[ 490 73 501 118| 512 181| 513 209| 496 235| 496 236[ 496 244 456 248| 419 252"/>
                                                  <Edge fillStyle0="1" fillStyle1="3" strokeStyle="0" edges="! 419 252| 422 253| 419 253"/>
                                                  <Edge fillStyle0="1" fillStyle1="2" strokeStyle="0" edges="! 419 253| 416 253| 415 253| 396 248"/>
                                                  <Edge fillStyle0="1" fillStyle1="3" strokeStyle="0" edges="! 396 248| 393 249| 394 247"/>
                                                  <Edge fillStyle0="2" fillStyle1="3" strokeStyle="0" edges="! 394 247| 396 248"/>
                                                  <Edge fillStyle0="2" fillStyle1="1" strokeStyle="0" edges="! 457 285| 411 283| 366 342| 368 345| 369 358| 424 356| 463 353| 461 310[ 460 296 464 285| 457 285"/>
                                                  <Edge fillStyle0="3" fillStyle1="2" strokeStyle="0" edges="! 419 252| 419 253"/>
                                             </edges>
                                        </DOMShape>
                                   </elements>
                              </DOMFrame>
                              <DOMFrame index="4" duration="2" keyMode="9728">
                                   <elements>
                                        <DOMShape isFloating="true">
                                             <fills>
                                                  <FillStyle index="1">
                                                       <SolidColor color="#000000" alpha="1.0"/>
                                                  </FillStyle>
                                                  <FillStyle index="2">
                                                       <SolidColor color="#792020" alpha="1.0"/>
                                                  </FillStyle>
                                             </fills>
                                             <strokes>
                                                  <StrokeStyle index="1">
                                                       <SolidStroke weight="2.0" scaleMode="normal">
                                                            <fill>
                                                                 <SolidColor color="#000000"/>
                                                            </fill>
                                                       </SolidStroke>
                                                  </StrokeStyle>
                                             </strokes>
                                             <edges>
                                                  <Edge fillStyle1="1" strokeStyle="1" edges="! 354 -45[ 397 -51 437 -45[ 508 -34 540 8| 568 40[ 559 82 559 144| 567 200| 575 225| 571 226| 568 230| 555 241[ 510 334 461 334| 459 334[ 454 407 367 407| 297 397| 294 399[ 280 399 277 389| 276 378[ 276 342 304 292[ 280 291 262 271[ 248 265 241 244| 240 239[ 230 219 230 207[ 230 185 240 166| 260 136| 178 137[ 117 137 98 103| 91 67[ 91 11 127 -11[ 173 -39 292 -40| 354 -45"/>
                                                  <Edge fillStyle0="2" fillStyle1="1" strokeStyle="0" edges="! 313 -21[ 275 -6 209 7[ 131 22 131 64| 143 95[ 243 89 279 98| 299 61| 308 42[ 317 50 317 60| 317 65| 317 69| 317 70[ 313 97 289 142| 284 152| 284 154| 282 157[ 274 165 271 179[ 268 188 268 200[ 268 211 274 221[ 282 234 298 237| 309 243| 329 253| 329 250[ 329 234 364 198| 377 186| 380 175[ 386 154 393 150[ 401 158 401 172| 398 186| 398 194| 363 247| 393 268[ 437 296 461 296[ 471 296 494 271| 495 271[ 523 271 536 227| 542 219| 547 204| 543 186| 534 155| 532 150| 535 125| 534 87| 533 80| 533 79| 532 78| 531 74| 532 64| 518 32[ 497 1 463 1| 460 1| 406 -13| 354 -22| 313 -21"/>
                                                  <Edge fillStyle0="2" fillStyle1="1" strokeStyle="0" edges="! 435 332[ 399 324 367 296| 366 295[ 355 293 347 284| 316 362| 366 367[ 423 367 431 342| 435 332"/>
                                             </edges>
                                        </DOMShape>
                                   </elements>
                              </DOMFrame>
                              <DOMFrame index="6" duration="2" keyMode="9728">
                                   <elements>
                                        <DOMShape isFloating="true">
                                             <fills>
                                                  <FillStyle index="1">
                                                       <SolidColor color="#000000" alpha="1.0"/>
                                                  </FillStyle>
                                                  <FillStyle index="2">
                                                       <SolidColor color="#cc9999" alpha="1.0"/>
                                                  </FillStyle>
                                                  <FillStyle index="3">
                                                       <SolidColor color="#792020" alpha="1.0"/>
                                                  </FillStyle>
                                                  <FillStyle index="4">
                                                       <SolidColor color="#bfa6a6" alpha="1.0"/>
                                                  </FillStyle>
                                             </fills>
                                             <strokes>
                                                  <StrokeStyle index="1">
                                                       <SolidStroke weight="2.0" scaleMode="normal">
                                                            <fill>
                                                                 <SolidColor color="#000000"/>
                                                            </fill>
                                                       </SolidStroke>
                                                  </StrokeStyle>
                                             </strokes>
                                             <edges>
                                                  <Edge fillStyle1="1" strokeStyle="1" edges="! 569 144| 610 186[ 668 235 668 248[ 595 372 518 372[ 491 372 444 319| 410 275| 397 279| 385 319[ 372 356 372 370[ 372 384 358 390| 288 398[ 234 398 215 382| 209 370| 205 372[ 184 372 184 354[ 184 337 233 254| 253 224[ 241 218 234 196| 227 165[ 227 141 240 120| 213 122[ 160 122 139 91[ 128 75 128 56[ 128 14 149 -4[ 180 -30 291 -58| 376 -79[ 447 -91 472 -65| 518 -12[ 547 -5 555 40| 557 53| 563 87"/>
                                                  <Edge fillStyle1="0" strokeStyle="1" edges="! 563 87| 569 144"/>
                                                  <Edge fillStyle0="1" fillStyle1="2" strokeStyle="1" edges="! 569 144| 566 141"/>
                                                  <Edge fillStyle0="1" fillStyle1="2" strokeStyle="0" edges="! 566 141| 571 146"/>
                                                  <Edge fillStyle0="1" fillStyle1="0" strokeStyle="0" edges="! 571 146[ 590 169 578 156"/>
                                                  <Edge fillStyle0="1" fillStyle1="2" strokeStyle="0" edges="! 578 156[ 552 130 554 118| 558 83| 561 87"/>
                                                  <Edge fillStyle0="1" fillStyle1="0" strokeStyle="0" edges="! 561 87[ 562 81 563 87"/>
                                                  <Edge fillStyle0="3" fillStyle1="4" strokeStyle="0" edges="! 455 -33| 452 -33| 453 -35"/>
                                                  <Edge fillStyle0="3" fillStyle1="1" strokeStyle="0" edges="! 453 -35[ 441 -46 432 -46[ 363 -46 300 -22| 245 4[ 193 12 176 26[ 164 36 164 55[ 164 62 175 73[ 187 84 196 84| 279 74| 374 64[ 392 64 401 72| 406 81[ 406 89 322 106| 280 114| 275 135| 274 140[ 284 142 284 176[ 284 197 296 217[ 317 250 361 250[ 396 250 417 236| 429 241| 430 243| 475 284| 521 327| 570 298| 622 255| 564 210| 521 168| 521 164| 516 155| 519 144| 524 114| 529 106| 526 103| 529 79| 524 59| 525 45[ 499 -31 455 -33"/>
                                                  <Edge fillStyle0="4" fillStyle1="1" strokeStyle="0" edges="! 455 -33| 453 -35"/>
                                                  <Edge fillStyle0="0" fillStyle1="2" strokeStyle="0" edges="! 561 87| 559 101[ 559 126 568 142| 569 144"/>
                                                  <Edge fillStyle0="2" fillStyle1="0" strokeStyle="0" edges="! 578 156| 571 146"/>
                                                  <Edge fillStyle0="3" fillStyle1="1" strokeStyle="0" edges="! 365 284| 331 285[ 299 285 277 256| 247 311| 226 347| 232 346| 286 354| 339 351| 361 294| 365 284"/>
                                             </edges>
                                        </DOMShape>
                                   </elements>
                              </DOMFrame>
                              <DOMFrame index="8" duration="3" keyMode="9728">
                                   <elements>
                                        <DOMShape isFloating="true">
                                             <fills>
                                                  <FillStyle index="1">
                                                       <SolidColor color="#000000" alpha="1.0"/>
                                                  </FillStyle>
                                                  <FillStyle index="2">
                                                       <SolidColor color="#792020" alpha="1.0"/>
                                                  </FillStyle>
                                             </fills>
                                             <strokes>
                                                  <StrokeStyle index="1">
                                                       <SolidStroke weight="2.0" scaleMode="normal">
                                                            <fill>
                                                                 <SolidColor color="#000000"/>
                                                            </fill>
                                                       </SolidStroke>
                                                  </StrokeStyle>
                                             </strokes>
                                             <edges>
                                                  <Edge fillStyle0="1" strokeStyle="1" edges="! 528 74| 520 52| 512 51[ 470 2 396 2| 269 10| 121 0[ 44 2 44 68[ 44 105 67 117[ 100 136 184 144| 181 146[ 134 194 134 239[ 134 252 162 273| 165 275| 159 280[ 120 323 120 358[ 120 390 284 390[ 329 390 351 350| 364 299| 372 298| 381 297[ 383 371 404 385[ 426 401 546 401[ 656 401 656 364[ 656 320 589 242| 553 208| 555 197| 566 198| 558 182| 548 123| 528 74"/>
                                                  <Edge fillStyle0="1" fillStyle1="2" strokeStyle="0" edges="! 461 49[ 514 80 514 124| 511 144| 512 145| 515 152| 515 153[ 528 181 528 207[ 528 222 521 231| 553 283| 595 353| 526 358| 461 361[ 435 361 422 315[ 409 269 398 269[ 391 269 387 272| 383 273| 383 274| 293 268[ 185 268 185 225[ 185 213 207 182| 228 148| 347 150[ 386 150 386 132[ 386 113 241 108[ 95 102 95 69| 101 53[ 113 37 146 37| 214 43| 265 49| 411 40| 418 41[ 432 33 461 49"/>
                                                  <Edge fillStyle0="2" fillStyle1="1" strokeStyle="0" edges="! 166 344| 297 350| 303 305| 304 303| 258 303[ 220 303 191 290| 181 306[ 166 332 166 344"/>
                                             </edges>
                                        </DOMShape>
                                   </elements>
                              </DOMFrame>
                              <DOMFrame index="11" keyMode="9728">
                                   <elements>
                                        <DOMShape isFloating="true">
                                             <fills>
                                                  <FillStyle index="1">
                                                       <SolidColor color="#000000" alpha="1.0"/>
                                                  </FillStyle>
                                                  <FillStyle index="2">
                                                       <SolidColor color="#792020" alpha="1.0"/>
                                                  </FillStyle>
                                                  <FillStyle index="3">
                                                       <SolidColor color="#bfa6a6" alpha="1.0"/>
                                                  </FillStyle>
                                             </fills>
                                             <strokes>
                                                  <StrokeStyle index="1">
                                                       <SolidStroke weight="2.0" scaleMode="normal">
                                                            <fill>
                                                                 <SolidColor color="#000000"/>
                                                            </fill>
                                                       </SolidStroke>
                                                  </StrokeStyle>
                                             </strokes>
                                             <edges>
                                                  <Edge fillStyle0="2" fillStyle1="1" edges="! 234 -8| 233 -6| 220 8[ 155 86 155 140[ 155 195 169 195[ 205 195 237 158| 237 139[ 237 46 286 -1| 288 7| 278 68[ 267 130 267 169| 272 191| 277 212| 273 223| 273 224| 273 238| 253 347[ 253 367 348 367| 368 358[ 368 292 380 264| 354 264[ 330 264 319 252[ 312 245 312 237| 315 232| 331 235| 347 234| 419 238| 432 239| 455 238| 456 243[ 456 258 402 263| 405 313| 404 350| 403 357| 419 352| 419 355| 429 355| 477 352| 505 342| 497 288| 498 283| 499 250| 498 226[ 533 216 533 192[ 533 150 495 57[ 475 9 453 -20| 448 -31[ 430 -68 398 -68| 389 -67| 372 -69| 310 -55| 304 -52| 260 -29| 234 -8"/>
                                                  <Edge fillStyle0="0" fillStyle1="1" strokeStyle="1" edges="! 260 -73| 306 -98[ 370 -123 424 -104| 477 -58| 509 -13[ 519 0 543 75| 568 168[ 568 199 555 222[ 545 242 527 251[ 546 288 546 338[ 546 397 430 397| 401 394| 395 397[ 360 411 285 411[ 244 411 221 393[ 205 381 205 370[ 205 286 233 221[ 205 236 170 236[ 129 236 118 207| 113 177[ 113 94 138 44[ 156 7 193 -23[ 205 -45 253 -70| 260 -73"/>
                                                  <Edge fillStyle0="2" fillStyle1="3" strokeStyle="0" edges="! 396 55| 397 54| 397 55| 396 55"/>
                                             </edges>
                                        </DOMShape>
                                   </elements>
                              </DOMFrame>
                              <DOMFrame index="12" keyMode="9728">
                                   <elements>
                                        <DOMShape isFloating="true">
                                             <fills>
                                                  <FillStyle index="1">
                                                       <SolidColor color="#000000" alpha="1.0"/>
                                                  </FillStyle>
                                                  <FillStyle index="2">
                                                       <SolidColor color="#792020" alpha="1.0"/>
                                                  </FillStyle>
                                             </fills>
                                             <strokes>
                                                  <StrokeStyle index="1">
                                                       <SolidStroke weight="2.0" scaleMode="normal">
                                                            <fill>
                                                                 <SolidColor color="#000000"/>
                                                            </fill>
                                                       </SolidStroke>
                                                  </StrokeStyle>
                                             </strokes>
                                             <edges>
                                                  <Edge fillStyle1="1" strokeStyle="1" edges="! 436 -69| 496 -26| 533 16[ 544 28 572 98[ 600 169 600 184[ 600 213 585 235| 553 262[ 575 296 575 343[ 575 398 443 398| 409 395| 403 398| 277 411[ 230 411 204 394[ 185 383 185 373[ 185 294 217 234[ 185 248 145 248[ 98 248 86 221| 80 193[ 80 116 109 69[ 129 35 172 7[ 185 -14 240 -37| 248 -40[ 264 -52 301 -63| 436 -69"/>
                                                  <Edge fillStyle0="1" fillStyle1="2" strokeStyle="0" edges="! 419 -28[ 472 -10 483 26| 517 81[ 560 168 560 207[ 560 229 520 238| 521 261| 520 292| 519 296| 528 346| 496 356| 441 359| 430 359| 430 356| 412 360| 413 354| 414 319| 411 273[ 472 268 472 254| 469 246| 446 251[ 443 255 437 255| 430 251| 350 248| 345 247| 332 244| 323 241[ 308 242 308 249| 316 263[ 328 274 356 274| 385 274[ 372 300 372 361| 349 370[ 240 370 240 351| 263 250| 263 237| 263 236| 268 225| 262 206| 256 185[ 256 149 269 91| 280 35| 278 27[ 222 71 222 157| 222 175[ 185 210 144 210[ 128 210 128 158[ 128 108 203 35| 217 22| 219 21| 248 1| 299 -20| 305 -23| 376 -36| 401 -33| 419 -28"/>
                                             </edges>
                                        </DOMShape>
                                   </elements>
                              </DOMFrame>
                              <DOMFrame index="13" duration="2" keyMode="9728">
                                   <elements>
                                        <DOMShape isFloating="true">
                                             <fills>
                                                  <FillStyle index="1">
                                                       <SolidColor color="#000000" alpha="1.0"/>
                                                  </FillStyle>
                                                  <FillStyle index="2">
                                                       <SolidColor color="#792020" alpha="1.0"/>
                                                  </FillStyle>
                                             </fills>
                                             <strokes>
                                                  <StrokeStyle index="1">
                                                       <SolidStroke weight="2.0" scaleMode="normal">
                                                            <fill>
                                                                 <SolidColor color="#000000"/>
                                                            </fill>
                                                       </SolidStroke>
                                                  </StrokeStyle>
                                             </strokes>
                                             <edges>
                                                  <Edge fillStyle1="1" strokeStyle="1" edges="! 463 -33| 494 6| 514 39[ 525 55 537 107[ 548 156 548 181| 543 236[ 530 271 491 282[ 499 301 499 346[ 499 371 495 375[ 475 395 389 395[ 342 395 333 380| 333 375| 331 370[ 311 382 292 382[ 218 382 176 326[ 148 289 148 265| 205 183[ 145 206 113 206[ 71 206 58 166| 54 126[ 54 66 137 13[ 216 -38 312 -43[ 332 -63 463 -33"/>
                                                  <Edge fillStyle0="1" fillStyle1="2" strokeStyle="0" edges="! 417 -15[ 465 -15 491 47| 483 62| 501 118| 512 181| 513 209| 512 213| 512 216| 510 225| 510 227| 497 257[ 481 280 461 281| 465 283| 464 285[ 460 296 461 310| 463 353| 424 356| 369 358| 369 350| 364 350| 372 290[ 372 264 318 244[ 265 224 264 175| 266 169| 265 167| 269 158| 270 158| 267 148| 271 127| 270 125| 274 109| 285 65| 270 90| 240 129| 240 133| 232 136[ 216 147 202 147| 201 147| 128 169[ 108 169 98 157[ 91 148 91 138[ 91 74 210 18| 312 -26[ 320 -16 350 -14| 395 -9| 417 -15"/>
                                                  <Edge fillStyle0="2" fillStyle1="1" strokeStyle="0" edges="! 230 225| 191 269[ 241 341 289 341| 300 339[ 304 318 327 291| 280 264[ 245 243 233 222| 230 225"/>
                                             </edges>
                                        </DOMShape>
                                   </elements>
                              </DOMFrame>
                              <DOMFrame index="15" duration="2" keyMode="9728">
                                   <elements>
                                        <DOMShape isFloating="true">
                                             <fills>
                                                  <FillStyle index="1">
                                                       <SolidColor color="#000000" alpha="1.0"/>
                                                  </FillStyle>
                                                  <FillStyle index="2">
                                                       <SolidColor color="#792020" alpha="1.0"/>
                                                  </FillStyle>
                                                  <FillStyle index="3">
                                                       <SolidColor color="#bfa6a6" alpha="1.0"/>
                                                  </FillStyle>
                                             </fills>
                                             <strokes>
                                                  <StrokeStyle index="1">
                                                       <SolidStroke weight="2.0" scaleMode="normal">
                                                            <fill>
                                                                 <SolidColor color="#000000"/>
                                                            </fill>
                                                       </SolidStroke>
                                                  </StrokeStyle>
                                             </strokes>
                                             <edges>
                                                  <Edge fillStyle0="2" fillStyle1="1" edges="! 313 -21[ 275 -6 209 7[ 131 22 131 64| 143 95[ 238 89 275 97| 280 96| 284 88| 313 89| 313 90| 316 89| 327 89| 376 88[ 386 91 386 99[ 386 113 294 134| 289 142| 284 152| 284 154| 282 157[ 274 165 271 179[ 268 188 268 200[ 268 211 274 221[ 282 234 298 237| 299 237| 307 246[ 324 265 352 267| 334 308| 337 311| 316 362| 366 367[ 407 367 423 354[ 435 348 443 329| 452 302| 453 296| 455 296| 457 290[ 469 282 479 257| 497 203| 524 149| 530 140| 529 136| 537 110| 536 101[ 535 29 494 18[ 463 -3 406 -13| 354 -22| 313 -21"/>
                                                  <Edge fillStyle0="0" fillStyle1="1" strokeStyle="1" edges="! 224 137| 178 137[ 117 137 98 103| 91 67[ 91 11 127 -11[ 173 -39 292 -40| 354 -45[ 397 -51 437 -45[ 508 -34 540 8| 556 25| 556 27| 559 50| 559 51[ 554 87 559 131| 562 168| 575 190| 577 197| 578 207| 574 225| 571 226| 568 230| 555 241[ 511 332 463 334| 458 344[ 448 407 367 407| 297 397| 294 399[ 280 399 277 389| 276 378[ 276 342 304 292[ 280 291 262 271[ 248 265 241 244| 240 239[ 230 219 230 207[ 230 185 240 166| 256 142"/>
                                                  <Edge fillStyle0="0" fillStyle1="1" strokeStyle="0" edges="! 256 142| 243 144[ 229 144 224 137"/>
                                                  <Edge fillStyle0="3" fillStyle1="1" strokeStyle="0" edges="! 537 171| 536 168| 536 170"/>
                                                  <Edge fillStyle0="3" fillStyle1="2" strokeStyle="0" edges="! 536 170| 537 171"/>
                                                  <Edge fillStyle0="1" fillStyle1="2" strokeStyle="0" edges="! 537 171| 545 203| 545 206| 532 219| 534 222| 531 226| 490 276| 507 238| 536 170"/>
                                             </edges>
                                        </DOMShape>
                                   </elements>
                              </DOMFrame>
                              <DOMFrame index="17" duration="2" keyMode="9728">
                                   <elements>
                                        <DOMShape isFloating="true">
                                             <fills>
                                                  <FillStyle index="1">
                                                       <SolidColor color="#000000" alpha="1.0"/>
                                                  </FillStyle>
                                                  <FillStyle index="2">
                                                       <SolidColor color="#792020" alpha="1.0"/>
                                                  </FillStyle>
                                             </fills>
                                             <strokes>
                                                  <StrokeStyle index="1">
                                                       <SolidStroke weight="2.0" scaleMode="normal">
                                                            <fill>
                                                                 <SolidColor color="#000000"/>
                                                            </fill>
                                                       </SolidStroke>
                                                  </StrokeStyle>
                                             </strokes>
                                             <edges>
                                                  <Edge fillStyle0="1" fillStyle1="2" edges="! 473 -26[ 514 9 519 44[ 526 49 529 63| 535 71| 531 86| 531 105[ 531 159 511 188| 511 191| 502 199| 493 206[ 470 222 424 224| 380 228| 364 226| 345 234| 354 252| 389 258[ 382 279 363 294| 360 297| 339 351| 286 354| 232 346| 227 347| 228 344| 232 336| 231 327| 255 286| 256 279| 260 272| 292 222[ 269 221 261 201| 258 178| 259 168| 258 163[ 258 147 264 132| 343 104| 408 70[ 408 31 304 68| 287 75| 289 71[ 268 85 261 85| 230 81| 196 84[ 187 84 175 73[ 164 62 164 55[ 164 36 176 26[ 193 12 245 4| 300 -22[ 363 -46 432 -46| 443 -42[ 454 -43 473 -26"/>
                                                  <Edge fillStyle0="0" fillStyle1="1" strokeStyle="1" edges="! 204 122[ 158 119 139 91[ 128 75 128 56[ 128 14 149 -4[ 180 -30 291 -58| 376 -79[ 447 -91 472 -65| 518 -12| 527 -8| 530 5| 534 25| 548 61[ 562 108 562 139| 561 154[ 613 180 610 186[ 668 235 668 248[ 595 372 518 372[ 491 372 444 319| 410 275| 397 279| 385 319[ 372 356 372 370[ 372 384 358 390| 288 398[ 234 398 215 382| 213 378| 208 378[ 195 378 191 369[ 184 364 184 354[ 184 346 196 321| 226 266| 233 254| 253 225| 253 224[ 241 218 234 196| 227 165[ 227 148 234 133"/>
                                                  <Edge fillStyle0="0" fillStyle1="1" strokeStyle="0" edges="! 234 133| 216 128| 204 122"/>
                                                  <Edge fillStyle0="2" fillStyle1="1" strokeStyle="0" edges="! 520 228[ 492 256 456 264| 475 284| 521 327| 570 298| 622 255| 564 210| 545 194| 520 228"/>
                                             </edges>
                                        </DOMShape>
                                   </elements>
                              </DOMFrame>
                              <DOMFrame index="19" duration="3" keyMode="9728">
                                   <elements>
                                        <DOMShape isFloating="true">
                                             <fills>
                                                  <FillStyle index="1">
                                                       <SolidColor color="#000000" alpha="1.0"/>
                                                  </FillStyle>
                                                  <FillStyle index="2">
                                                       <SolidColor color="#cc9999" alpha="1.0"/>
                                                  </FillStyle>
                                                  <FillStyle index="3">
                                                       <SolidColor color="#792020" alpha="1.0"/>
                                                  </FillStyle>
                                             </fills>
                                             <strokes>
                                                  <StrokeStyle index="1">
                                                       <SolidStroke weight="2.0" scaleMode="normal">
                                                            <fill>
                                                                 <SolidColor color="#000000"/>
                                                            </fill>
                                                       </SolidStroke>
                                                  </StrokeStyle>
                                             </strokes>
                                             <edges>
                                                  <Edge fillStyle0="1" strokeStyle="1" edges="! 560 198| 568 198| 566 197| 565 196| 557 188[ 540 124 496 68| 482 52| 483 39| 478 24| 478 23[ 444 2 396 2| 269 10| 121 0[ 44 2 44 68[ 44 105 67 117[ 93 132 152 140"/>
                                                  <Edge fillStyle0="1" strokeStyle="0" edges="! 152 140[ 153 148 163 152| 173 155"/>
                                                  <Edge fillStyle0="1" strokeStyle="1" edges="! 173 155[ 134 198 134 239[ 134 252 162 273| 165 275| 159 280[ 120 323 120 358[ 120 390 284 390[ 329 390 351 350| 364 299| 372 298| 381 297[ 383 371 404 385[ 426 401 546 401[ 656 401 656 364[ 656 320 589 242| 564 217"/>
                                                  <Edge fillStyle0="1" strokeStyle="0" edges="! 564 217| 560 198"/>
                                                  <Edge fillStyle0="1" fillStyle1="2" strokeStyle="0" edges="! 444 49| 449 51| 449 52"/>
                                                  <Edge fillStyle0="1" fillStyle1="3" strokeStyle="0" edges="! 449 52[ 491 86 495 129"/>
                                                  <Edge fillStyle0="1" fillStyle1="2" strokeStyle="0" edges="! 495 129| 497 133"/>
                                                  <Edge fillStyle0="1" fillStyle1="3" strokeStyle="0" edges="! 497 133| 498 132[ 503 132 505 142| 508 147| 526 180| 528 184| 529 189| 532 212| 522 233| 553 283| 595 353| 526 358| 461 361[ 435 361 422 315| 416 294[ 458 290 481 272| 478 270| 456 275| 394 271| 385 268| 350 266| 332 267| 257 258[ 227 258 227 272[ 227 290 313 292| 303 308| 302 313| 297 350| 166 344[ 166 332 181 306| 186 298| 191 290| 194 292| 195 289| 198 276[ 227 276 227 259| 211 242[ 189 239 183 225| 181 204[ 181 181 201 159| 248 160| 345 154| 355 143| 334 139| 271 133| 266 133[ 187 133 138 110[ 106 95 99 79| 95 69| 98 62[ 99 53 104 50[ 117 37 146 37| 214 43| 232 46| 241 46| 297 50| 299 47| 411 40| 416 40[ 431 41 444 49"/>
                                                  <Edge fillStyle0="2" fillStyle1="3" strokeStyle="0" edges="! 444 49| 449 52"/>
                                                  <Edge fillStyle0="3" fillStyle1="2" strokeStyle="0" edges="! 497 133| 495 130| 495 129"/>
                                             </edges>
                                        </DOMShape>
                                   </elements>
                              </DOMFrame>
                         </frames>
                    </DOMLayer>
                    <DOMLayer name="Layer 2" color="#f7b38c" current="true" isSelected="true">
                         <frames>
                              <DOMFrame index="0" duration="22" keyMode="9728">
                                   <elements>
                                        <DOMSymbolInstance libraryItemName="Symbol 336" centerPoint3DX="26.3" centerPoint3DY="22.7">
                                             <matrix>
                                                  <Matrix tx="18.0" ty="19.4" a="1.83831787109375" d="1.2205810546875"/>
                                             </matrix>
                                             <transformationPoint>
                                                  <Point/>
                                             </transformationPoint>
                                        </DOMSymbolInstance>
                                   </elements>
                              </DOMFrame>
                         </frames>
                    </DOMLayer>
               </layers>
          </DOMTimeline>
     </timeline>
</DOMSymbolItem>
