<DOMSymbolItem xmlns="http://ns.adobe.com/xfl/2008/" xmlns:xsi="http://www.w3.org/2001/XMLSchema-instance" name="Symbol 1422" lastModified="1681431985" symbolType="graphic">
     <timeline>
          <DOMTimeline name="Symbol 1422" currentFrame="0">
               <layers>
                    <DOMLayer name="Layer 1">
                         <frames>
                              <DOMFrame index="0" motionTweenScale="false" keyMode="8192">
                                   <elements>
                                        <DOMShape isFloating="true">
                                             <fills>
                                                  <FillStyle index="1">
                                                       <SolidColor color="#7e1212"/>
                                                  </FillStyle>
                                             </fills>
                                             <strokes/>
                                             <edges>
                                                  <Edge fillStyle1="1" edges="! 906 297| 889 311[ 904 324 904 349[ 904 381 896 395[ 881 423 832 423[ 797 423 757 401| 742 392| 719 401[ 716 495 448 495| 289 487[ 265 517 221 517[ 82 517 34 476[ 9 454 9 412[ 9 391 18 376[ 0 350 0 320[ 0 266 94 204| 91 183[ 91 122 186 104[ 253 90 272 114[ 323 94 374 80| 371 66[ 371 36 400 37[ 429 37 429 65| 429 66| 565 46| 607 41[ 630 -2 705 0[ 748 1 779 20| 801 38[ 882 49 927 85[ 973 122 973 183[ 973 242 906 297"/>
                                                  <Edge fillStyle1="1" edges="! 811 508[ 794 529 764 529[ 725 529 710 499| 704 470[ 704 409 764 412[ 824 414 824 471[ 824 490 811 508"/>
                                             </edges>
                                        </DOMShape>
                                   </elements>
                              </DOMFrame>
                         </frames>
                    </DOMLayer>
               </layers>
          </DOMTimeline>
     </timeline>
</DOMSymbolItem>
