<DOMSymbolItem xmlns="http://ns.adobe.com/xfl/2008/" xmlns:xsi="http://www.w3.org/2001/XMLSchema-instance" name="Symbol 1294" lastModified="1681431985" symbolType="graphic">
     <timeline>
          <DOMTimeline name="Symbol 1294" currentFrame="0">
               <layers>
                    <DOMLayer name="Layer 1">
                         <frames>
                              <DOMFrame index="0" motionTweenScale="false" keyMode="8192">
                                   <elements>
                                        <DOMShape isFloating="true">
                                             <fills>
                                                  <FillStyle index="1">
                                                       <SolidColor color="#a3a3a3"/>
                                                  </FillStyle>
                                             </fills>
                                             <strokes/>
                                             <edges>
                                                  <Edge fillStyle1="1" edges="! 983 129| 982 241| 992 337[ 996 391 990 432[ 1067 426 1098 451[ 1113 464 1113 479[ 1113 492 1102 500| 1057 499| 981 501| 963 511| 948 514[ 928 514 922 492| 922 336[ 912 275 909 211| 909 150[ 909 137 897 115| 885 90[ 885 78 904 66[ 925 53 947 53[ 979 53 983 129"/>
                                                  <Edge fillStyle1="1" edges="! 900 462[ 900 482 860 495| 771 507[ 755 507 748 493| 745 478| 753 406| 742 247[ 741 197 697 93[ 697 63 747 63[ 801 63 806 207[ 813 414 819 435[ 900 430 900 462"/>
                                                  <Edge fillStyle1="1" edges="! 685 234| 707 313[ 726 381 726 402[ 690 510 670 510[ 652 510 636 366| 632 326| 611 327| 598 327| 603 469| 598 490[ 590 504 574 504[ 538 504 529 420| 528 333[ 529 265 537 200[ 555 71 597 71[ 647 71 668 139[ 680 176 685 234"/>
                                                  <Edge fillStyle1="1" edges="! 481 106[ 508 106 513 164| 513 249| 516 394| 516 441[ 511 483 490 483[ 467 483 461 396| 456 267[ 456 309 426 309[ 412 309 387 278| 363 243| 367 342| 367 390[ 369 410 380 419[ 390 426 390 440| 381 474[ 368 499 350 499[ 319 499 313 429| 312 325| 308 237| 304 149[ 304 108 325 95[ 347 80 366 121[ 375 148 409 208| 442 130[ 450 106 481 106"/>
                                                  <Edge fillStyle1="1" edges="! 591 195| 595 257| 605 255| 622 254| 600 141| 591 172| 591 195"/>
                                                  <Edge fillStyle1="1" edges="! 289 183[ 283 195 263 195[ 243 195 231 161[ 218 126 178 126[ 146 126 117 160[ 95 186 88 210| 105 213| 202 214[ 251 195 280 267[ 300 317 300 356[ 300 408 269 441[ 224 489 121 489[ 76 489 41 445[ 11 408 11 377[ 11 309 37 309[ 58 309 62 327| 64 365[ 71 421 177 421[ 215 421 231 377| 240 333[ 240 271 150 269| 40 262[ 33 255 25 218[ 18 184 18 170[ 18 141 41 115[ 77 72 154 72[ 225 72 264 112[ 292 139 292 163| 289 183"/>
                                             </edges>
                                        </DOMShape>
                                   </elements>
                              </DOMFrame>
                         </frames>
                    </DOMLayer>
               </layers>
          </DOMTimeline>
     </timeline>
</DOMSymbolItem>
