<DOMSymbolItem xmlns="http://ns.adobe.com/xfl/2008/" xmlns:xsi="http://www.w3.org/2001/XMLSchema-instance" name="Symbol 1674" lastModified="1681431985" symbolType="graphic">
     <timeline>
          <DOMTimeline name="Symbol 1674" currentFrame="0">
               <layers>
                    <DOMLayer name="Layer 1">
                         <frames>
                              <DOMFrame index="0" motionTweenScale="false" keyMode="8192">
                                   <elements>
                                        <DOMShape isFloating="true">
                                             <fills>
                                                  <FillStyle index="1">
                                                       <SolidColor color="#666666" alpha="0.8"/>
                                                  </FillStyle>
                                             </fills>
                                             <strokes/>
                                             <edges>
                                                  <Edge fillStyle1="1" edges="! 896 448[ 896 523 756 566[ 651 598 545 598| 538 598| 475 601| 416 595| 369 589| 302 591[ 148 592 22 548[ -100 505 -100 456[ -100 432 -70 401| -41 371| -48 359[ -55 353 -55 343[ -55 328 -33 313[ -9 295 30 283| 86 269| 123 257[ 131 239 159 227[ 213 203 240 197| 425 191| 535 214| 581 227| 622 230| 631 229| 677 228[ 782 227 842 282[ 884 321 884 356[ 884 373 876 388| 868 401| 882 417[ 896 433 896 448"/>
                                             </edges>
                                        </DOMShape>
                                   </elements>
                              </DOMFrame>
                         </frames>
                    </DOMLayer>
               </layers>
          </DOMTimeline>
     </timeline>
</DOMSymbolItem>
