<DOMSymbolItem xmlns="http://ns.adobe.com/xfl/2008/" xmlns:xsi="http://www.w3.org/2001/XMLSchema-instance" name="Symbol 1476" lastModified="1681431985" symbolType="graphic">
     <timeline>
          <DOMTimeline name="Symbol 1476" currentFrame="0">
               <layers>
                    <DOMLayer name="Layer 1">
                         <frames>
                              <DOMFrame index="0" motionTweenScale="false" keyMode="8192">
                                   <elements>
                                        <DOMShape isFloating="true">
                                             <fills>
                                                  <FillStyle index="1">
                                                       <SolidColor color="#000000" alpha="1.0"/>
                                                  </FillStyle>
                                                  <FillStyle index="2">
                                                       <SolidColor color="#792020" alpha="1.0"/>
                                                  </FillStyle>
                                             </fills>
                                             <strokes>
                                                  <StrokeStyle index="1">
                                                       <SolidStroke weight="2.0" scaleMode="normal">
                                                            <fill>
                                                                 <SolidColor color="#000000"/>
                                                            </fill>
                                                       </SolidStroke>
                                                  </StrokeStyle>
                                             </strokes>
                                             <edges>
                                                  <Edge fillStyle1="1" strokeStyle="1" edges="! 260 -73| 306 -98[ 370 -123 424 -104| 477 -58| 509 -13[ 519 0 543 75| 568 168[ 568 199 555 222[ 545 242 527 251[ 546 288 546 338[ 546 397 430 397| 401 394| 395 397[ 360 411 285 411[ 244 411 221 393[ 205 381 205 370[ 205 286 233 221[ 205 236 170 236[ 129 236 118 207| 113 177[ 113 94 138 44[ 156 7 193 -23[ 205 -45 253 -70| 260 -73"/>
                                                  <Edge fillStyle0="2" fillStyle1="1" strokeStyle="0" edges="! 233 -6| 220 8[ 155 86 155 140[ 155 195 169 195[ 222 195 265 116[ 308 37 325 37| 332 39| 333 41| 336 62[ 310 147 270 191| 273 238| 253 347[ 253 367 348 367[ 379 367 382 304[ 383 284 389 270| 363 264| 342 255| 346 250| 364 247| 367 247| 370 247| 373 247| 387 244| 419 248| 426 248| 438 247[ 454 245 460 239| 465 235| 470 236| 476 234| 479 232| 482 232| 492 228| 493 227[ 533 217 533 192[ 533 150 495 57| 467 0| 463 -6| 393 -66| 391 -67| 388 -67| 372 -69| 330 -61| 310 -55| 304 -52| 260 -29| 234 -8| 233 -6"/>
                                                  <Edge fillStyle0="2" fillStyle1="1" strokeStyle="0" edges="! 463 268| 419 280| 419 355| 429 355| 477 352| 505 342[ 495 286 495 267| 495 260| 485 260| 480 260| 463 268"/>
                                             </edges>
                                        </DOMShape>
                                   </elements>
                              </DOMFrame>
                         </frames>
                    </DOMLayer>
               </layers>
          </DOMTimeline>
     </timeline>
</DOMSymbolItem>
