<DOMSymbolItem xmlns="http://ns.adobe.com/xfl/2008/" xmlns:xsi="http://www.w3.org/2001/XMLSchema-instance" name="Symbol 1676" lastModified="1681431985" symbolType="graphic">
     <timeline>
          <DOMTimeline name="Symbol 1676" currentFrame="0">
               <layers>
                    <DOMLayer name="Layer 1">
                         <frames>
                              <DOMFrame index="0" motionTweenScale="false" keyMode="8192">
                                   <elements>
                                        <DOMShape isFloating="true">
                                             <fills>
                                                  <FillStyle index="1">
                                                       <SolidColor color="#666666" alpha="0.6"/>
                                                  </FillStyle>
                                             </fills>
                                             <strokes/>
                                             <edges>
                                                  <Edge fillStyle0="1" edges="! 1772 617[ 1800 544 1601 510| 1502 501| 1518 485[ 1540 459 1550 431[ 1584 345 1477 296[ 1350 232 1086 240| 902 259| 849 273[ 822 239 709 162[ 642 124 457 107| 380 98| 281 93[ 133 92 84 97| -4 108[ -338 157 -478 239[ -563 291 -599 380[ -607 430 -596 479[ -585 532 -556 556[ -620 556 -662 572[ -723 583 -754 608[ -792 635 -800 648| -811 681[ -826 714 -823 723[ -823 734 -791 777[ -783 794 -699 820[ -589 856 -450 853| -415 849| -407 844[ -406 839 -434 834| -483 805[ -551 766 -535 726[ -527 706 -477 682| -452 671[ -466 743 -265 794[ -88 839 68 838| 116 833| 134 830| 143 824| 104 795[ 70 764 78 740[ 85 724 123 708[ 179 683 284 682[ 435 678 508 727| 547 762[ 560 778 575 778[ 594 777 603 770| 609 764| 609 763| 615 763| 671 742[ 721 722 795 719[ 873 718 899 738| 922 753| 920 754[ 915 764 959 763| 1085 748| 1100 743| 1092 752| 1026 790[ 993 804 832 835| 684 866[ 681 875 717 875| 726 873| 752 878| 1027 863| 1138 845| 1168 833[ 1228 820 1285 777| 1343 716[ 1354 688 1340 672| 1331 664[ 1388 682 1422 703[ 1430 709 1434 735| 1435 750| 1428 756| 1432 761| 1449 763[ 1497 763 1593 732[ 1676 706 1701 692[ 1744 664 1755 652| 1772 617"/>
                                             </edges>
                                        </DOMShape>
                                   </elements>
                              </DOMFrame>
                         </frames>
                    </DOMLayer>
               </layers>
          </DOMTimeline>
     </timeline>
</DOMSymbolItem>
