<DOMSymbolItem xmlns="http://ns.adobe.com/xfl/2008/" xmlns:xsi="http://www.w3.org/2001/XMLSchema-instance" name="Symbol 1370" lastModified="1681431985">
     <timeline>
          <DOMTimeline name="Symbol 1370">
               <layers>
                    <DOMLayer name="Script Layer" color="#fafc98">
                         <frames>
                              <DOMFrame index="0" duration="82" keyMode="9728">
                                   <elements/>
                              </DOMFrame>
                              <DOMFrame index="82" keyMode="9728">
                                   <Actionscript>
                                        <script>stop();
_visible = false;
</script>
                                   </Actionscript>
                                   <elements/>
                              </DOMFrame>
                         </frames>
                    </DOMLayer>
                    <DOMLayer name="Layer 2" color="#ec89f1">
                         <frames>
                              <DOMFrame index="0" duration="6" keyMode="9728">
                                   <elements/>
                              </DOMFrame>
                              <DOMFrame index="6" duration="69" keyMode="9728">
                                   <elements>
                                        <DOMDynamicText fontRenderingMode="standard" width="551.45" height="25.2" isSelectable="false" lineType="multiline" variableName="tex">
                                             <matrix>
                                                  <Matrix tx="17.0" ty="0.75"/>
                                             </matrix>
                                             <textRuns>
                                                  <DOMTextRun>
                                                       <characters>Blood of the Martyr</characters>
                                                       <textAttrs>
                                                            <DOMTextAttrs alignment="center" rotation="true" indent="0.0" leftMargin="0.0" lineSpacing="2.0" rightMargin="0.0" size="28.0" bitmapSize="560" face="Upheaval TT -BRK-" fillColor="#ffffff" alpha="1.0"/>
                                                       </textAttrs>
                                                  </DOMTextRun>
                                             </textRuns>
                                        </DOMDynamicText>
                                   </elements>
                              </DOMFrame>
                              <DOMFrame index="75" duration="9" keyMode="9728">
                                   <elements/>
                              </DOMFrame>
                         </frames>
                    </DOMLayer>
                    <DOMLayer name="Layer 3" color="#a19aed">
                         <frames>
                              <DOMFrame index="0" duration="2" keyMode="9728">
                                   <elements>
                                        <DOMSymbolInstance libraryItemName="Symbol 1367" centerPoint3DX="-231.2" centerPoint3DY="29.15">
                                             <matrix>
                                                  <Matrix tx="-549.5" ty="11.0" a="1.131927490234375" d="0.3630523681640625"/>
                                             </matrix>
                                             <transformationPoint>
                                                  <Point/>
                                             </transformationPoint>
                                        </DOMSymbolInstance>
                                   </elements>
                              </DOMFrame>
                              <DOMFrame index="2" duration="2" keyMode="9728">
                                   <elements>
                                        <DOMSymbolInstance libraryItemName="Symbol 1367" centerPoint3DX="74.3" centerPoint3DY="22.15">
                                             <matrix>
                                                  <Matrix tx="-244.0" ty="4.0" a="1.0832366943359375" d="0.8089141845703125"/>
                                             </matrix>
                                             <transformationPoint>
                                                  <Point/>
                                             </transformationPoint>
                                        </DOMSymbolInstance>
                                   </elements>
                              </DOMFrame>
                              <DOMFrame index="4" duration="2" keyMode="9728">
                                   <elements>
                                        <DOMSymbolInstance libraryItemName="Symbol 1367" centerPoint3DX="371.3" centerPoint3DY="13.15">
                                             <matrix>
                                                  <Matrix tx="53.0" ty="-5.0" a="0.8727874755859375" d="1.382171630859375"/>
                                             </matrix>
                                             <transformationPoint>
                                                  <Point/>
                                             </transformationPoint>
                                        </DOMSymbolInstance>
                                   </elements>
                              </DOMFrame>
                              <DOMFrame index="6" duration="2" keyMode="9728">
                                   <elements>
                                        <DOMSymbolInstance libraryItemName="Symbol 1367" centerPoint3DX="286.8" centerPoint3DY="20.15">
                                             <matrix>
                                                  <Matrix tx="-31.5" ty="2.0" a="1.0125732421875" d="0.936309814453125"/>
                                             </matrix>
                                             <transformationPoint>
                                                  <Point/>
                                             </transformationPoint>
                                        </DOMSymbolInstance>
                                   </elements>
                              </DOMFrame>
                              <DOMFrame index="8" duration="66" keyMode="9728">
                                   <elements>
                                        <DOMSymbolInstance libraryItemName="Symbol 1367" centerPoint3DX="290.8" centerPoint3DY="19.15">
                                             <matrix>
                                                  <Matrix tx="-27.5" ty="1.0"/>
                                             </matrix>
                                             <transformationPoint>
                                                  <Point/>
                                             </transformationPoint>
                                        </DOMSymbolInstance>
                                   </elements>
                              </DOMFrame>
                              <DOMFrame index="74" duration="2" keyMode="9728">
                                   <elements>
                                        <DOMSymbolInstance libraryItemName="Symbol 1367" centerPoint3DX="292.3" centerPoint3DY="14.65">
                                             <matrix>
                                                  <Matrix tx="-26.0" ty="-3.5" a="0.91204833984375" d="1.28662109375"/>
                                             </matrix>
                                             <transformationPoint>
                                                  <Point/>
                                             </transformationPoint>
                                        </DOMSymbolInstance>
                                   </elements>
                              </DOMFrame>
                              <DOMFrame index="76" duration="2" keyMode="9728">
                                   <elements>
                                        <DOMSymbolInstance libraryItemName="Symbol 1367" centerPoint3DX="414.3" centerPoint3DY="22.65">
                                             <matrix>
                                                  <Matrix tx="96.0" ty="4.5" a="1.067535400390625" d="0.777069091796875"/>
                                             </matrix>
                                             <transformationPoint>
                                                  <Point/>
                                             </transformationPoint>
                                        </DOMSymbolInstance>
                                   </elements>
                              </DOMFrame>
                              <DOMFrame index="78" duration="2" keyMode="9728">
                                   <elements>
                                        <DOMSymbolInstance libraryItemName="Symbol 1367" centerPoint3DX="654.75" centerPoint3DY="27.65">
                                             <matrix>
                                                  <Matrix tx="336.45" ty="9.5" a="1.12890625" d="0.45782470703125"/>
                                             </matrix>
                                             <transformationPoint>
                                                  <Point/>
                                             </transformationPoint>
                                        </DOMSymbolInstance>
                                   </elements>
                              </DOMFrame>
                              <DOMFrame index="80" duration="4" keyMode="9728">
                                   <elements/>
                              </DOMFrame>
                         </frames>
                    </DOMLayer>
                    <DOMLayer name="Layer 4" color="#96d336" current="true" isSelected="true">
                         <frames>
                              <DOMFrame index="0" duration="2" keyMode="9728">
                                   <elements/>
                              </DOMFrame>
                              <DOMFrame index="2" duration="2" keyMode="9728">
                                   <elements>
                                        <DOMSymbolInstance libraryItemName="Symbol 1367" centerPoint3DX="-231.2" centerPoint3DY="29.15">
                                             <matrix>
                                                  <Matrix tx="-549.5" ty="11.0" a="1.131927490234375" d="0.3630523681640625"/>
                                             </matrix>
                                             <transformationPoint>
                                                  <Point/>
                                             </transformationPoint>
                                             <color>
                                                  <Color alphaMultiplier="0.5"/>
                                             </color>
                                        </DOMSymbolInstance>
                                   </elements>
                              </DOMFrame>
                              <DOMFrame index="4" duration="2" keyMode="9728">
                                   <elements>
                                        <DOMSymbolInstance libraryItemName="Symbol 1367" centerPoint3DX="74.3" centerPoint3DY="22.15">
                                             <matrix>
                                                  <Matrix tx="-244.0" ty="4.0" a="1.0832366943359375" d="0.8089141845703125"/>
                                             </matrix>
                                             <transformationPoint>
                                                  <Point/>
                                             </transformationPoint>
                                             <color>
                                                  <Color alphaMultiplier="0.5"/>
                                             </color>
                                        </DOMSymbolInstance>
                                   </elements>
                              </DOMFrame>
                              <DOMFrame index="6" duration="2" keyMode="9728">
                                   <elements>
                                        <DOMSymbolInstance libraryItemName="Symbol 1367" centerPoint3DX="371.3" centerPoint3DY="13.15">
                                             <matrix>
                                                  <Matrix tx="53.0" ty="-5.0" a="0.8727874755859375" d="1.382171630859375"/>
                                             </matrix>
                                             <transformationPoint>
                                                  <Point/>
                                             </transformationPoint>
                                             <color>
                                                  <Color alphaMultiplier="0.5"/>
                                             </color>
                                        </DOMSymbolInstance>
                                   </elements>
                              </DOMFrame>
                              <DOMFrame index="8" duration="2" keyMode="9728">
                                   <elements>
                                        <DOMSymbolInstance libraryItemName="Symbol 1367" centerPoint3DX="286.8" centerPoint3DY="20.15">
                                             <matrix>
                                                  <Matrix tx="-31.5" ty="2.0" a="1.0125732421875" d="0.936309814453125"/>
                                             </matrix>
                                             <transformationPoint>
                                                  <Point/>
                                             </transformationPoint>
                                             <color>
                                                  <Color alphaMultiplier="0.5"/>
                                             </color>
                                        </DOMSymbolInstance>
                                   </elements>
                              </DOMFrame>
                              <DOMFrame index="10" duration="2" keyMode="9728">
                                   <elements>
                                        <DOMSymbolInstance libraryItemName="Symbol 1367" centerPoint3DX="290.8" centerPoint3DY="19.15">
                                             <matrix>
                                                  <Matrix tx="-27.5" ty="1.0"/>
                                             </matrix>
                                             <transformationPoint>
                                                  <Point/>
                                             </transformationPoint>
                                             <color>
                                                  <Color alphaMultiplier="0.5"/>
                                             </color>
                                        </DOMSymbolInstance>
                                   </elements>
                              </DOMFrame>
                              <DOMFrame index="12" duration="62" keyMode="9728">
                                   <elements/>
                              </DOMFrame>
                              <DOMFrame index="74" duration="2" keyMode="9728">
                                   <elements>
                                        <DOMSymbolInstance libraryItemName="Symbol 1367" centerPoint3DX="290.8" centerPoint3DY="19.15">
                                             <matrix>
                                                  <Matrix tx="-27.5" ty="1.0"/>
                                             </matrix>
                                             <transformationPoint>
                                                  <Point/>
                                             </transformationPoint>
                                             <color>
                                                  <Color alphaMultiplier="0.5"/>
                                             </color>
                                        </DOMSymbolInstance>
                                   </elements>
                              </DOMFrame>
                              <DOMFrame index="76" duration="2" keyMode="9728">
                                   <elements>
                                        <DOMSymbolInstance libraryItemName="Symbol 1367" centerPoint3DX="292.3" centerPoint3DY="14.65">
                                             <matrix>
                                                  <Matrix tx="-26.0" ty="-3.5" a="0.91204833984375" d="1.28662109375"/>
                                             </matrix>
                                             <transformationPoint>
                                                  <Point/>
                                             </transformationPoint>
                                             <color>
                                                  <Color alphaMultiplier="0.5"/>
                                             </color>
                                        </DOMSymbolInstance>
                                   </elements>
                              </DOMFrame>
                              <DOMFrame index="78" duration="2" keyMode="9728">
                                   <elements>
                                        <DOMSymbolInstance libraryItemName="Symbol 1367" centerPoint3DX="414.3" centerPoint3DY="22.65">
                                             <matrix>
                                                  <Matrix tx="96.0" ty="4.5" a="1.067535400390625" d="0.777069091796875"/>
                                             </matrix>
                                             <transformationPoint>
                                                  <Point/>
                                             </transformationPoint>
                                             <color>
                                                  <Color/>
                                             </color>
                                        </DOMSymbolInstance>
                                   </elements>
                              </DOMFrame>
                              <DOMFrame index="80" duration="2" keyMode="9728">
                                   <elements>
                                        <DOMSymbolInstance libraryItemName="Symbol 1367" centerPoint3DX="654.75" centerPoint3DY="27.65">
                                             <matrix>
                                                  <Matrix tx="336.45" ty="9.5" a="1.12890625" d="0.45782470703125"/>
                                             </matrix>
                                             <transformationPoint>
                                                  <Point/>
                                             </transformationPoint>
                                             <color>
                                                  <Color/>
                                             </color>
                                        </DOMSymbolInstance>
                                   </elements>
                              </DOMFrame>
                              <DOMFrame index="82" duration="2" keyMode="9728">
                                   <elements/>
                              </DOMFrame>
                         </frames>
                    </DOMLayer>
               </layers>
          </DOMTimeline>
     </timeline>
</DOMSymbolItem>
