<DOMSymbolItem xmlns="http://ns.adobe.com/xfl/2008/" xmlns:xsi="http://www.w3.org/2001/XMLSchema-instance" name="Symbol 1761" lastModified="1681431985">
     <timeline>
          <DOMTimeline name="Symbol 1761">
               <layers>
                    <DOMLayer name="Layer 1" color="#aff110" current="true" isSelected="true">
                         <frames>
                              <DOMFrame index="0" keyMode="9728">
                                   <elements>
                                        <DOMSymbolInstance libraryItemName="Symbol 1387" symbolType="graphic" loop="loop">
                                             <matrix>
                                                  <Matrix tx="0.0" ty="0.0"/>
                                             </matrix>
                                             <transformationPoint>
                                                  <Point/>
                                             </transformationPoint>
                                        </DOMSymbolInstance>
                                   </elements>
                              </DOMFrame>
                              <DOMFrame index="1" keyMode="9728">
                                   <elements>
                                        <DOMShape isFloating="true">
                                             <fills>
                                                  <FillStyle index="1">
                                                       <SolidColor color="#000000" alpha="1.0"/>
                                                  </FillStyle>
                                                  <FillStyle index="2">
                                                       <SolidColor color="#ffffff" alpha="1.0"/>
                                                  </FillStyle>
                                                  <FillStyle index="3">
                                                       <SolidColor color="#d50000" alpha="1.0"/>
                                                  </FillStyle>
                                             </fills>
                                             <strokes>
                                                  <StrokeStyle index="1">
                                                       <SolidStroke weight="2.0" scaleMode="normal">
                                                            <fill>
                                                                 <SolidColor color="#000000"/>
                                                            </fill>
                                                       </SolidStroke>
                                                  </StrokeStyle>
                                             </strokes>
                                             <edges>
                                                  <Edge fillStyle1="1" strokeStyle="1" edges="! 242 193| 217 226[ 189 261 138 261[ 64 261 25 207[ 0 172 0 144| 1 133| 0 128| 3 112[ 10 69 39 39[ 73 3 124 0[ 174 -3 209 28[ 226 43 236 63| 248 89[ 259 116 259 133[ 259 160 242 193"/>
                                                  <Edge fillStyle0="3" fillStyle1="2" strokeStyle="0" edges="! 128 113[ 119 128 101 128[ 82 128 68 114[ 58 103 58 97| 66 75[ 78 57 97 57[ 122 57 131 74| 135 92| 128 113"/>
                                                  <Edge fillStyle0="3" fillStyle1="1" strokeStyle="0" edges="! 34 117[ 34 148 45 171[ 68 217 129 217[ 170 217 200 184[ 226 155 226 129[ 226 41 130 36[ 91 34 64 54[ 34 77 34 117"/>
                                                  <Edge fillStyle0="3" fillStyle1="2" strokeStyle="0" edges="! 182 179[ 170 179 169 167[ 169 157 182 154[ 194 152 194 165| 190 174| 182 179"/>
                                             </edges>
                                        </DOMShape>
                                   </elements>
                              </DOMFrame>
                              <DOMFrame index="2" keyMode="9728">
                                   <elements>
                                        <DOMShape isFloating="true">
                                             <fills>
                                                  <FillStyle index="1">
                                                       <SolidColor color="#000000" alpha="1.0"/>
                                                  </FillStyle>
                                                  <FillStyle index="2">
                                                       <SolidColor color="#ffffff" alpha="1.0"/>
                                                  </FillStyle>
                                                  <FillStyle index="3">
                                                       <SolidColor color="#280b0b" alpha="1.0"/>
                                                  </FillStyle>
                                             </fills>
                                             <strokes>
                                                  <StrokeStyle index="1">
                                                       <SolidStroke weight="2.0" scaleMode="normal">
                                                            <fill>
                                                                 <SolidColor color="#000000"/>
                                                            </fill>
                                                       </SolidStroke>
                                                  </StrokeStyle>
                                             </strokes>
                                             <edges>
                                                  <Edge fillStyle1="1" strokeStyle="1" edges="! 248 89[ 259 116 259 133[ 259 160 242 193| 217 226[ 189 261 138 261[ 64 261 25 207[ 0 172 0 144| 1 133| 0 128| 3 112[ 10 69 39 39[ 73 3 124 0[ 174 -3 209 28[ 226 43 236 63| 248 89"/>
                                                  <Edge fillStyle0="3" fillStyle1="2" strokeStyle="0" edges="! 135 92| 128 113[ 119 128 101 128[ 82 128 68 114[ 58 103 58 97| 66 75[ 78 57 97 57[ 122 57 131 74| 135 92"/>
                                                  <Edge fillStyle0="3" fillStyle1="1" strokeStyle="0" edges="! 34 117[ 34 148 45 171[ 68 217 129 217[ 170 217 200 184[ 226 155 226 129[ 226 41 130 36[ 91 34 64 54[ 34 77 34 117"/>
                                                  <Edge fillStyle0="3" fillStyle1="2" strokeStyle="0" edges="! 190 174| 182 179[ 170 179 169 167[ 169 157 182 154[ 194 152 194 165| 190 174"/>
                                             </edges>
                                        </DOMShape>
                                   </elements>
                              </DOMFrame>
                         </frames>
                    </DOMLayer>
               </layers>
          </DOMTimeline>
     </timeline>
</DOMSymbolItem>
