<DOMSymbolItem xmlns="http://ns.adobe.com/xfl/2008/" xmlns:xsi="http://www.w3.org/2001/XMLSchema-instance" name="Symbol 1620" lastModified="1681431985">
     <timeline>
          <DOMTimeline name="Symbol 1620">
               <layers>
                    <DOMLayer name="Layer 1" color="#46ce93" current="true" isSelected="true">
                         <frames>
                              <DOMFrame index="0" keyMode="9728">
                                   <elements>
                                        <DOMShape isFloating="true">
                                             <fills>
                                                  <FillStyle index="1">
                                                       <SolidColor color="#000000"/>
                                                  </FillStyle>
                                                  <FillStyle index="2">
                                                       <SolidColor color="#b8b8b8"/>
                                                  </FillStyle>
                                                  <FillStyle index="3">
                                                       <SolidColor color="#a3a3a3"/>
                                                  </FillStyle>
                                                  <FillStyle index="4">
                                                       <SolidColor color="#808080"/>
                                                  </FillStyle>
                                                  <FillStyle index="5">
                                                       <SolidColor color="#fcfcfc"/>
                                                  </FillStyle>
                                             </fills>
                                             <strokes/>
                                             <edges>
                                                  <Edge fillStyle0="2" fillStyle1="1" edges="! 244 56| 245 54| 249 51| 259 33| 260 29| 256 29| 181 29[ 93 23 93 48| 109 62| 117 62"/>
                                                  <Edge fillStyle0="2" fillStyle1="3" edges="! 117 62| 149 55"/>
                                                  <Edge fillStyle0="2" fillStyle1="5" edges="! 149 55| 124 54[ 113 54 113 42[ 113 30 132 29[ 155 26 196 42| 187 50| 175 54"/>
                                                  <Edge fillStyle0="2" fillStyle1="3" edges="! 175 54| 239 55| 244 56"/>
                                                  <Edge fillStyle0="1" fillStyle1="3" edges="! 244 56| 237 62| 218 61| 185 65| 136 62| 117 62"/>
                                                  <Edge fillStyle0="0" fillStyle1="1" edges="! 283 17[ 282 49 273 54| 258 73| 257 78| 251 120[ 251 170 206 227| 201 233| 265 241[ 277 243 280 250| 280 253| 173 336| 174 340| 166 353| 153 365| 153 366| 101 366[ 33 369 11 328[ 0 309 0 271| 5 179[ 5 152 20 135[ 41 108 98 96| 100 95[ 73 91 64 75[ 59 66 59 50[ 59 28 68 18[ 83 -1 131 0| 185 0| 209 2| 280 3| 279 6[ 283 8 283 17"/>
                                                  <Edge fillStyle0="3" fillStyle1="1" edges="! 137 321| 132 313| 115 283[ 115 276 136 258| 156 234| 150 210[ 143 191 143 181[ 143 173 171 153| 212 122| 229 93| 234 84| 231 84| 222 83| 191 84| 191 83| 154 80"/>
                                                  <Edge fillStyle0="3" fillStyle1="2" edges="! 154 80| 167 81| 167 86| 167 90| 172 108[ 172 132 121 158[ 107 165 97 175| 86 177"/>
                                                  <Edge fillStyle0="3" fillStyle1="5" edges="! 86 177| 84 179| 72 191| 72 192"/>
                                                  <Edge fillStyle0="3" fillStyle1="2" edges="! 72 192[ 60 222 60 256| 62 282[ 68 298 93 301| 105 301| 110 305| 137 321"/>
                                                  <Edge fillStyle0="1" fillStyle1="2" edges="! 137 321| 143 329[ 62 327 43 304[ 39 298 39 266| 41 182| 42 181| 48 166[ 59 149 91 136[ 125 123 134 111"/>
                                                  <Edge fillStyle0="1" fillStyle1="3" edges="! 134 111| 136 102| 136 100"/>
                                                  <Edge fillStyle0="1" fillStyle1="2" edges="! 136 100| 133 89| 140 79| 154 80"/>
                                                  <Edge fillStyle0="4" fillStyle1="1" edges="! 244 259| 189 251[ 176 250 176 242[ 176 240 199 204[ 224 166 228 148| 233 121| 207 144| 160 182| 173 236[ 173 249 154 264[ 135 279 135 284| 155 313| 160 319[ 181 300 243 260"/>
                                                  <Edge fillStyle0="4" fillStyle1="3" edges="! 243 260| 244 259"/>
                                                  <Edge fillStyle0="1" fillStyle1="3" edges="! 244 259| 245 259| 243 260"/>
                                                  <Edge fillStyle0="3" fillStyle1="5" edges="! 175 54| 172 54| 159 55| 149 55"/>
                                                  <Edge fillStyle0="2" fillStyle1="3" edges="! 136 100| 140 100| 136 107| 134 111"/>
                                                  <Edge fillStyle0="2" fillStyle1="5" edges="! 163 107[ 163 118 150 133[ 135 151 117 151| 105 146| 123 127| 139 107[ 145 84 155 89[ 163 93 163 107"/>
                                                  <Edge fillStyle0="5" fillStyle1="2" edges="! 86 177| 98 160[ 98 143 77 154[ 55 163 55 175[ 56 194 70 194| 72 192"/>
                                             </edges>
                                        </DOMShape>
                                   </elements>
                              </DOMFrame>
                         </frames>
                    </DOMLayer>
               </layers>
          </DOMTimeline>
     </timeline>
</DOMSymbolItem>
