<DOMSymbolItem xmlns="http://ns.adobe.com/xfl/2008/" xmlns:xsi="http://www.w3.org/2001/XMLSchema-instance" name="Symbol 2036" lastModified="1681431985" symbolType="graphic">
     <timeline>
          <DOMTimeline name="Symbol 2036" currentFrame="0">
               <layers>
                    <DOMLayer name="Layer 1">
                         <frames>
                              <DOMFrame index="0" motionTweenScale="false" keyMode="8192">
                                   <elements>
                                        <DOMShape isFloating="true">
                                             <fills>
                                                  <FillStyle index="1">
                                                       <SolidColor color="#666666" alpha="0.6"/>
                                                  </FillStyle>
                                             </fills>
                                             <strokes/>
                                             <edges>
                                                  <Edge fillStyle0="0" fillStyle1="0" strokeStyle="0" edges="! 0 0"/>
                                                  <Edge fillStyle0="1" fillStyle1="0" strokeStyle="0" edges="! 11 -150| -134 -125| -257 -95| -335 -65[ -358 -53 -365 -38[ -369 -28 -346 -29| -257 -53| -156 -87[ -79 -116 41 -142[ 44 -151 11 -150"/>
                                             </edges>
                                        </DOMShape>
                                   </elements>
                              </DOMFrame>
                         </frames>
                    </DOMLayer>
                    <DOMLayer name="Layer 2">
                         <frames>
                              <DOMFrame index="0" motionTweenScale="false" keyMode="8192">
                                   <elements>
                                        <DOMShape isFloating="true">
                                             <fills>
                                                  <FillStyle index="1">
                                                       <SolidColor color="#a97601" alpha="1.0"/>
                                                  </FillStyle>
                                                  <FillStyle index="2">
                                                       <SolidColor color="#53352b" alpha="1.0"/>
                                                  </FillStyle>
                                                  <FillStyle index="3">
                                                       <SolidColor color="#603931" alpha="1.0"/>
                                                  </FillStyle>
                                                  <FillStyle index="4">
                                                       <SolidColor color="#6a4137" alpha="1.0"/>
                                                  </FillStyle>
                                                  <FillStyle index="5">
                                                       <SolidColor color="#76473d" alpha="1.0"/>
                                                  </FillStyle>
                                                  <FillStyle index="6">
                                                       <SolidColor color="#864b46" alpha="1.0"/>
                                                  </FillStyle>
                                                  <FillStyle index="7">
                                                       <SolidColor color="#c18702" alpha="1.0"/>
                                                  </FillStyle>
                                                  <FillStyle index="8">
                                                       <SolidColor color="#f4ab02" alpha="1.0"/>
                                                  </FillStyle>
                                                  <FillStyle index="9">
                                                       <SolidColor color="#ffffff" alpha="1.0"/>
                                                  </FillStyle>
                                                  <FillStyle index="10">
                                                       <SolidColor color="#474141" alpha="1.0"/>
                                                  </FillStyle>
                                                  <FillStyle index="11">
                                                       <SolidColor color="#38221d" alpha="1.0"/>
                                                  </FillStyle>
                                                  <FillStyle index="12">
                                                       <SolidColor color="#544e4e" alpha="1.0"/>
                                                  </FillStyle>
                                                  <FillStyle index="13">
                                                       <SolidColor color="#473430" alpha="0.3019608"/>
                                                  </FillStyle>
                                             </fills>
                                             <strokes/>
                                             <edges>
                                                  <Edge fillStyle1="13" edges="! 804 468| 808 513| 804 605| 810 757| 810 784[ 810 834 778 861[ 753 884 710 884| 700 883| 633 889| 576 881| 559 875| 512 878| 345 881| 273 875| 25 875[ -8 878 -25 854[ -36 840 -36 827| -36 714| -40 641[ -40 574 -36 559[ -34 525 -15 503"/>
                                                  <Edge fillStyle1="1" edges="! -15 503| -15 499[ -38 499 -38 477| -34 428| -34 426[ -34 412 -20 404| -20 400| -15 272| -9 157| -10 154| -10 147| -19 70[ -19 41 10 35[ 21 25 46 25[ 71 25 81 36"/>
                                                  <Edge fillStyle1="2" edges="! 81 36| 129 35"/>
                                                  <Edge fillStyle1="3" edges="! 129 35| 132 35| 212 26| 214 26| 235 25| 331 25"/>
                                                  <Edge fillStyle1="2" edges="! 331 25| 357 25"/>
                                                  <Edge fillStyle1="1" edges="! 357 25| 358 25[ 362 11 380 12| 388 11| 392 12| 405 15| 421 14[ 462 12 467 36"/>
                                                  <Edge fillStyle1="2" edges="! 467 36| 477 36| 500 36"/>
                                                  <Edge fillStyle1="3" edges="! 500 36[ 506 32 519 28| 607 31"/>
                                                  <Edge fillStyle1="2" edges="! 607 31| 732 35"/>
                                                  <Edge fillStyle1="1" edges="! 732 35| 748 33[ 797 28 797 67| 799 226| 803 356[ 799 402 787 422| 787 425[ 804 435 804 463| 804 468"/>
                                                  <Edge fillStyle0="13" fillStyle1="1" edges="! 804 468| 801 491[ 797 496 787 498"/>
                                                  <Edge fillStyle0="13" fillStyle1="2" edges="! 787 498| 786 606"/>
                                                  <Edge fillStyle0="13" fillStyle1="1" edges="! 786 606[ 783 614 783 621| 783 654| 782 659[ 789 676 792 711[ 792 767 776 784[ 771 796 760 796| 756 796| 740 795| 710 798| 13 802| -5 796| -9 796| -9 789[ -23 782 -20 767| -16 714[ -19 700 -13 693| -13 682| -16 574| -20 540| -15 503"/>
                                                  <Edge fillStyle0="7" fillStyle1="1" edges="! 776 141[ 776 119 783 104| 789 74[ 789 50 760 46[ 727 46 723 75| 723 83"/>
                                                  <Edge fillStyle0="7" fillStyle1="8" edges="! 723 83[ 732 71 745 70[ 773 62 773 91| 771 110| 776 141"/>
                                                  <Edge fillStyle0="1" fillStyle1="8" edges="! 776 141| 776 144| 776 165| 778 196| 776 221"/>
                                                  <Edge fillStyle0="1" fillStyle1="7" edges="! 776 221| 781 221| 781 236| 787 329[ 787 358 776 374| 771 391[ 762 402 753 402[ 735 402 731 388| 727 374| 727 373| 723 355[ 721 338 727 320| 727 309"/>
                                                  <Edge fillStyle0="1" fillStyle1="8" edges="! 727 309| 727 300"/>
                                                  <Edge fillStyle0="1" fillStyle1="7" edges="! 727 300| 727 273"/>
                                                  <Edge fillStyle0="1" fillStyle1="8" edges="! 727 273| 727 271| 723 257| 725 245"/>
                                                  <Edge fillStyle0="1" fillStyle1="7" edges="! 725 245| 723 124"/>
                                                  <Edge fillStyle0="1" fillStyle1="10" edges="! 723 124| 723 121"/>
                                                  <Edge fillStyle0="1" fillStyle1="8" edges="! 723 121| 720 116| 716 102[ 716 90 723 83"/>
                                                  <Edge fillStyle0="8" fillStyle1="9" edges="! 745 83[ 764 80 764 98[ 762 128 742 128[ 732 128 727 121| 727 113[ 727 90 745 83"/>
                                                  <Edge fillStyle0="6" fillStyle1="5" edges="! 512 71[ 516 80 537 81| 526 81[ 501 81 501 105[ 505 141 544 141| 643 131[ 656 125 656 105| 656 102"/>
                                                  <Edge fillStyle0="6" fillStyle1="4" edges="! 656 102| 656 101"/>
                                                  <Edge fillStyle0="6" fillStyle1="5" edges="! 656 101| 650 91| 629 81| 612 81"/>
                                                  <Edge fillStyle0="6" fillStyle1="4" edges="! 612 81| 604 81"/>
                                                  <Edge fillStyle0="6" fillStyle1="5" edges="! 604 81| 548 81| 556 78| 563 68| 562 60"/>
                                                  <Edge fillStyle0="6" fillStyle1="4" edges="! 562 60| 541 54"/>
                                                  <Edge fillStyle0="6" fillStyle1="3" edges="! 541 54| 538 54| 517 59"/>
                                                  <Edge fillStyle0="6" fillStyle1="4" edges="! 517 59[ 512 62 512 68| 512 71"/>
                                                  <Edge fillStyle0="5" fillStyle1="4" edges="! 512 71| 512 74| 505 70[ 491 71 491 121[ 484 154 500 159| 500 165[ 500 182 516 189[ 500 189 500 207| 500 212[ 500 232 521 233| 523 233| 537 233[ 541 239 554 239[ 654 239 654 218[ 654 183 600 188| 645 176[ 670 167 670 154[ 670 140 656 135| 660 116[ 660 105 656 102"/>
                                                  <Edge fillStyle0="5" fillStyle1="4" edges="! 659 77[ 654 68 635 70[ 617 70 612 81"/>
                                                  <Edge fillStyle0="3" fillStyle1="4" edges="! 661 80| 676 83[ 690 101 690 140| 687 205| 685 236[ 676 262 628 262| 563 261| 549 265[ 528 266 523 288[ 523 314 508 314[ 483 314 490 288| 491 279[ 477 270 477 232"/>
                                                  <Edge fillStyle0="3" fillStyle1="2" edges="! 477 232| 471 309[ 466 327 471 340[ 482 366 537 366| 672 355[ 692 338 690 213[ 695 167 690 122[ 679 33 626 33| 607 31"/>
                                                  <Edge fillStyle0="5" fillStyle1="4" edges="! 656 101| 661 89| 661 80"/>
                                                  <Edge fillStyle0="5" fillStyle1="3" edges="! 661 80| 659 77"/>
                                                  <Edge fillStyle0="4" fillStyle1="3" edges="! 659 77[ 650 50 582 50| 541 54"/>
                                                  <Edge fillStyle0="5" fillStyle1="6" edges="! 620 223| 599 223| 584 212| 583 206[ 583 191 612 191[ 643 191 643 206[ 643 226 620 223"/>
                                                  <Edge fillStyle0="7" fillStyle1="10" edges="! 727 124| 723 124"/>
                                                  <Edge fillStyle0="8" fillStyle1="9" edges="! 732 202[ 732 188 748 185[ 764 183 764 202| 760 212| 751 215| 732 210| 732 202"/>
                                                  <Edge fillStyle0="8" fillStyle1="7" edges="! 727 124| 727 223| 727 241| 725 245"/>
                                                  <Edge fillStyle0="1" fillStyle1="2" edges="! 732 35[ 700 46 700 75| 711 285| 710 355| 704 396| 706 414| 672 412| 511 404| 493 402| 491 400[ 480 386 452 369| 461 279[ 465 205 462 122| 462 80| 467 41| 467 36"/>
                                                  <Edge fillStyle0="8" fillStyle1="10" edges="! 723 121| 727 124"/>
                                                  <Edge fillStyle0="5" fillStyle1="4" edges="! 604 81| 605 75[ 605 60 562 60"/>
                                                  <Edge fillStyle0="7" fillStyle1="8" edges="! 379 93[ 379 70 411 63[ 441 59 441 105| 440 160[ 440 196 424 205| 425 226| 425 254| 419 285| 425 304| 423 318[ 419 327 408 327[ 388 327 385 304| 389 290[ 375 285 378 261[ 378 236 385 226[ 385 206 390 197[ 380 182 375 159| 373 159"/>
                                                  <Edge fillStyle0="7" fillStyle1="1" edges="! 373 159| 368 226| 368 285| 371 299[ 364 308 364 320| 374 342| 371 347[ 360 349 356 357| 345 366"/>
                                                  <Edge fillStyle0="7" fillStyle1="8" edges="! 345 366| 350 367[ 357 352 385 341[ 423 329 423 363| 419 378[ 411 388 395 388| 363 385| 357 385| 341 404[ 336 406 334 411"/>
                                                  <Edge fillStyle0="7" fillStyle1="9" edges="! 334 411| 333 411| 331 413| 329 414| 324 419"/>
                                                  <Edge fillStyle0="7" fillStyle1="8" edges="! 324 419| 320 425| 313 446| 313 448"/>
                                                  <Edge fillStyle0="7" fillStyle1="9" edges="! 313 448| 313 449| 313 454| 313 455"/>
                                                  <Edge fillStyle0="7" fillStyle1="8" edges="! 313 455| 313 456[ 313 471 301 471[ 291 471 286 463| 283 454| 284 447"/>
                                                  <Edge fillStyle0="7" fillStyle1="1" edges="! 284 447| 277 449| 280 446"/>
                                                  <Edge fillStyle0="7" fillStyle1="9" edges="! 280 446| 277 446"/>
                                                  <Edge fillStyle0="7" fillStyle1="8" edges="! 277 446[ 258 446 250 438| 246 438| 233 442| 189 433[ 185 433 176 438[ 173 450 142 450| 134 450| 102 454[ 89 454 87 449[ 69 464 2 464[ -16 464 -16 443| -10 428| -3 419"/>
                                                  <Edge fillStyle0="7" fillStyle1="1" edges="! -3 419| -15 419[ -26 421 -26 442| -25 449| -26 463[ -25 488 -3 488[ 10 488 30 474| 34 471| 46 475| 270 468| 272 471| 284 477| 286 485| 297 495| 308 492| 313 488| 317 482| 317 464| 317 463| 318 457| 328 428[ 331 419 353 396| 358 396| 428 396| 429 398| 455 435| 480 464| 488 457| 493 448| 483 421"/>
                                                  <Edge fillStyle0="7" fillStyle1="8" edges="! 483 421[ 482 427 472 427| 436 405| 419 383[ 419 367 452 378| 460 381"/>
                                                  <Edge fillStyle0="7" fillStyle1="1" edges="! 460 381| 440 363| 433 352| 425 341[ 433 327 433 304| 428 283| 440 205| 452 67[ 452 31 411 31[ 368 31 368 77| 375 93"/>
                                                  <Edge fillStyle0="7" fillStyle1="10" edges="! 375 93| 379 93"/>
                                                  <Edge fillStyle0="8" fillStyle1="10" edges="! 379 93| 379 97| 375 97"/>
                                                  <Edge fillStyle0="8" fillStyle1="1" edges="! 375 97| 374 116| 373 159"/>
                                                  <Edge fillStyle0="8" fillStyle1="9" edges="! 388 113| 388 110[ 388 80 401 74[ 416 70 416 105| 416 124[ 416 135 408 135[ 392 135 389 122| 389 121| 388 116"/>
                                                  <Edge fillStyle0="8" fillStyle1="12" edges="! 388 116| 385 113| 388 113"/>
                                                  <Edge fillStyle0="9" fillStyle1="12" edges="! 388 113| 388 116"/>
                                                  <Edge fillStyle0="8" fillStyle1="9" edges="! 406 183[ 391 183 389 175| 389 168[ 389 154 401 154[ 416 154 416 168[ 416 183 406 183"/>
                                                  <Edge fillStyle0="2" fillStyle1="4" edges="! 477 232| 477 231| 477 227| 477 224"/>
                                                  <Edge fillStyle0="2" fillStyle1="3" edges="! 477 224| 472 150[ 461 67 500 36"/>
                                                  <Edge fillStyle0="3" fillStyle1="4" edges="! 477 224[ 477 212 483 210| 475 146[ 475 98 488 89[ 490 68 517 59"/>
                                                  <Edge fillStyle0="5" fillStyle1="6" edges="! 551 188[ 511 185 511 167[ 511 147 554 150[ 599 154 599 168[ 599 182 582 188| 579 188"/>
                                                  <Edge fillStyle0="5" fillStyle1="4" edges="! 579 188| 562 189| 546 189| 551 188"/>
                                                  <Edge fillStyle0="6" fillStyle1="4" edges="! 551 188| 562 188| 569 188| 573 188| 579 188"/>
                                                  <Edge fillStyle0="8" fillStyle1="9" edges="! 412 283| 401 286| 392 283[ 392 270 401 261| 413 274| 412 283"/>
                                                  <Edge fillStyle0="1" fillStyle1="7" edges="! 500 427| 496 412| 548 412| 584 426"/>
                                                  <Edge fillStyle0="1" fillStyle1="8" edges="! 584 426[ 588 416 600 417| 629 421"/>
                                                  <Edge fillStyle0="1" fillStyle1="12" edges="! 629 421| 635 421"/>
                                                  <Edge fillStyle0="1" fillStyle1="9" edges="! 635 421| 640 421| 679 416| 706 417| 710 419| 716 419"/>
                                                  <Edge fillStyle0="1" fillStyle1="10" edges="! 716 419| 723 421"/>
                                                  <Edge fillStyle0="1" fillStyle1="8" edges="! 723 421| 739 416[ 756 416 760 428| 762 438| 761 446| 757 448"/>
                                                  <Edge fillStyle0="1" fillStyle1="7" edges="! 757 448[ 757 477 732 477| 573 474| 562 474| 516 474| 512 475| 502 475| 502 463| 502 450"/>
                                                  <Edge fillStyle0="1" fillStyle1="8" edges="! 502 450| 500 427"/>
                                                  <Edge fillStyle0="7" fillStyle1="8" edges="! 500 427| 532 427| 554 432| 554 435| 544 447| 511 450| 502 450"/>
                                                  <Edge fillStyle0="1" fillStyle1="8" edges="! 460 381[ 484 391 484 414| 483 421"/>
                                                  <Edge fillStyle0="2" fillStyle1="11" edges="! 424 492[ 419 510 408 513| 405 557[ 405 579 411 605| 408 621| 379 627| 369 627| 367 627| 363 627| 362 627| 352 620| 350 612| 364 533| 358 519| 346 504| 345 503| 336 483| 336 478| 336 474[ 336 426 367 421[ 380 412 385 416| 389 416[ 413 416 424 438| 428 443| 433 463| 432 471| 424 492"/>
                                                  <Edge fillStyle0="8" fillStyle1="7" edges="! 584 426| 583 438[ 583 454 635 454| 690 454| 692 457| 740 457| 757 448"/>
                                                  <Edge fillStyle0="8" fillStyle1="7" edges="! 727 309| 732 321[ 742 338 756 338[ 781 338 781 308[ 781 290 757 283[ 766 276 771 262| 774 252| 766 261| 776 221"/>
                                                  <Edge fillStyle0="8" fillStyle1="7" edges="! 727 273[ 727 278 733 283[ 727 288 727 300"/>
                                                  <Edge fillStyle0="12" fillStyle1="9" edges="! 629 425| 635 421"/>
                                                  <Edge fillStyle0="12" fillStyle1="8" edges="! 629 421| 629 425"/>
                                                  <Edge fillStyle0="9" fillStyle1="8" edges="! 629 425[ 617 427 607 433| 616 442| 628 443| 703 433| 740 435| 742 428| 723 422"/>
                                                  <Edge fillStyle0="9" fillStyle1="12" edges="! 723 422| 721 421"/>
                                                  <Edge fillStyle0="9" fillStyle1="10" edges="! 721 421| 720 421| 716 419"/>
                                                  <Edge fillStyle0="12" fillStyle1="10" edges="! 723 421| 721 421"/>
                                                  <Edge fillStyle0="12" fillStyle1="8" edges="! 723 422| 723 421"/>
                                                  <Edge fillStyle0="1" fillStyle1="3" edges="! 347 36| 350 50| 347 62"/>
                                                  <Edge fillStyle0="1" fillStyle1="2" edges="! 347 62| 352 70| 350 102| 350 160[ 339 268 339 363[ 318 374 301 394| 235 394| 76 404| 76 400| 76 391| 81 361| 87 261| 87 70| 89 60[ 89 46 81 36"/>
                                                  <Edge fillStyle0="2" fillStyle1="3" edges="! 331 25| 346 36| 347 36"/>
                                                  <Edge fillStyle0="2" fillStyle1="1" edges="! 347 36[ 349 28 357 25"/>
                                                  <Edge fillStyle0="4" fillStyle1="5" edges="! 170 70[ 185 56 231 50[ 296 46 296 70[ 308 75 308 99| 308 116| 312 142[ 312 156 301 159[ 284 183 190 183| 184 183| 179 183"/>
                                                  <Edge fillStyle0="4" fillStyle1="6" edges="! 179 183| 175 183[ 156 188 156 183| 156 182| 129 175| 126 167"/>
                                                  <Edge fillStyle0="4" fillStyle1="5" edges="! 126 167| 123 154[ 125 114 130 98"/>
                                                  <Edge fillStyle0="4" fillStyle1="6" edges="! 130 98| 129 93[ 129 83 134 80"/>
                                                  <Edge fillStyle0="4" fillStyle1="5" edges="! 134 80| 132 74[ 132 62 150 62| 161 67| 164 70"/>
                                                  <Edge fillStyle0="4" fillStyle1="6" edges="! 164 70| 170 70"/>
                                                  <Edge fillStyle0="5" fillStyle1="6" edges="! 170 70| 233 67| 268 70[ 289 70 297 80| 305 93[ 305 102 296 107[ 289 114 277 114| 270 114| 213 119| 137 110| 130 98"/>
                                                  <Edge fillStyle0="3" fillStyle1="4" edges="! 320 99| 317 197| 297 245| 297 248[ 297 262 280 270| 280 272[ 277 318 231 318| 159 313[ 151 308 151 297[ 151 285 164 283| 163 283[ 113 283 113 250| 117 226| 117 213| 120 122| 117 75[ 126 52 201 46| 283 41[ 305 46 317 70| 320 99"/>
                                                  <Edge fillStyle0="2" fillStyle1="3" edges="! 347 62| 339 71| 341 83| 341 113| 336 176[ 329 226 329 248| 328 313[ 328 352 266 357| 185 356[ 132 356 108 335[ 93 324 93 311[ 92 285 98 233| 102 125| 104 85| 100 70[ 100 46 129 35"/>
                                                  <Edge fillStyle0="1" fillStyle1="10" edges="! 375 97| 375 93"/>
                                                  <Edge fillStyle0="6" fillStyle1="5" edges="! 179 183| 213 176[ 270 168 270 159[ 270 142 200 141[ 126 141 126 164| 126 167"/>
                                                  <Edge fillStyle0="6" fillStyle1="5" edges="! 164 70[ 145 71 135 77| 134 80"/>
                                                  <Edge fillStyle0="1" fillStyle1="7" edges="! 69 89| 74 125| 69 167| 67 227| 62 248| 63 272| 60 308[ 56 331 42 340[ 58 345 58 363| 51 386[ 42 402 29 402[ 1 402 -3 363[ -3 340 18 335[ 6 329 6 304[ 6 266 9 241| 8 223| 6 213| 6 141| 8 91| 8 89[ 8 52 37 42[ 68 33 68 83"/>
                                                  <Edge fillStyle0="1" fillStyle1="10" edges="! 68 83| 69 89"/>
                                                  <Edge fillStyle0="7" fillStyle1="10" edges="! 69 89| 68 89"/>
                                                  <Edge fillStyle0="7" fillStyle1="8" edges="! 68 89| 63 102| 65 119| 60 171[ 57 197 48 210| 57 215| 60 226| 56 240| 53 243| 53 254[ 53 276 46 285[ 53 288 53 304[ 53 327 37 327[ 17 327 18 304[ 18 290 29 285[ 17 274 17 233"/>
                                                  <Edge fillStyle0="7" fillStyle1="9" edges="! 17 233[ 9 229 10 221[ 10 212 17 207"/>
                                                  <Edge fillStyle0="7" fillStyle1="8" edges="! 17 207| 18 206| 10 189| 10 159[ 10 141 17 131[ 10 124 10 116| 13 110"/>
                                                  <Edge fillStyle0="7" fillStyle1="12" edges="! 13 110| 13 105"/>
                                                  <Edge fillStyle0="7" fillStyle1="8" edges="! 13 105[ 10 101 10 93[ 10 84 17 80[ 21 67 41 67[ 65 62 68 83"/>
                                                  <Edge fillStyle0="10" fillStyle1="8" edges="! 68 83| 68 89"/>
                                                  <Edge fillStyle0="8" fillStyle1="12" edges="! 17 110| 13 110"/>
                                                  <Edge fillStyle0="8" fillStyle1="12" edges="! 13 105| 17 105"/>
                                                  <Edge fillStyle0="8" fillStyle1="9" edges="! 17 105| 21 83| 34 71[ 53 70 53 105| 47 121| 37 126| 31 126[ 18 125 17 116[ 14 113 17 110"/>
                                                  <Edge fillStyle0="12" fillStyle1="9" edges="! 17 110| 17 105"/>
                                                  <Edge fillStyle0="8" fillStyle1="9" edges="! 34 154[ 18 154 21 141[ 21 128 31 128[ 46 128 46 140[ 46 154 34 154"/>
                                                  <Edge fillStyle0="8" fillStyle1="9" edges="! 17 207| 25 205[ 41 203 41 219[ 41 236 26 236[ 18 236 17 233"/>
                                                  <Edge fillStyle0="5" fillStyle1="6" edges="! 196 206[ 196 223 176 223[ 159 223 159 206[ 159 189 176 189[ 196 189 196 206"/>
                                                  <Edge fillStyle0="4" fillStyle1="5" edges="! 142 212[ 142 183 197 188[ 252 188 252 207[ 252 232 164 232[ 142 232 142 212"/>
                                                  <Edge fillStyle0="3" fillStyle1="4" edges="! 181 283[ 205 279 250 283| 251 276| 206 276| 196 276| 181 283"/>
                                                  <Edge fillStyle0="12" fillStyle1="9" edges="! 74 426| 84 430"/>
                                                  <Edge fillStyle0="12" fillStyle1="8" edges="! 84 430| 84 428"/>
                                                  <Edge fillStyle0="12" fillStyle1="1" edges="! 84 428| 74 426"/>
                                                  <Edge fillStyle0="9" fillStyle1="1" edges="! 74 426[ 71 416 46 416| 21 419"/>
                                                  <Edge fillStyle0="9" fillStyle1="8" edges="! 21 419[ -8 421 -8 435[ -9 448 8 448| 14 447| 65 448[ 76 448 89 438| 89 435| 84 430"/>
                                                  <Edge fillStyle0="1" fillStyle1="8" edges="! 84 428| 89 422| 132 416| 176 421| 189 426| 225 414| 247 417| 252 412[ 262 406 284 402| 297 400| 288 419"/>
                                                  <Edge fillStyle0="1" fillStyle1="9" edges="! 288 419[ 280 432 280 446"/>
                                                  <Edge fillStyle0="8" fillStyle1="1" edges="! 21 419| 9 416| -3 419"/>
                                                  <Edge fillStyle0="1" fillStyle1="8" edges="! 328 377| 339 367| 342 367| 345 366"/>
                                                  <Edge fillStyle0="8" fillStyle1="9" edges="! 389 349[ 401 349 401 358[ 401 374 380 374[ 374 374 371 367| 368 363[ 368 349 389 349"/>
                                                  <Edge fillStyle0="9" fillStyle1="8" edges="! 307 396| 303 407| 303 414[ 305 425 317 425| 324 419"/>
                                                  <Edge fillStyle0="9" fillStyle1="8" edges="! 288 419| 277 417[ 268 421 268 430[ 268 443 277 446"/>
                                                  <Edge fillStyle0="1" fillStyle1="8" edges="! 284 447| 286 439[ 289 416 307 396"/>
                                                  <Edge fillStyle0="1" fillStyle1="9" edges="! 307 396[ 312 385 328 377"/>
                                                  <Edge fillStyle0="8" fillStyle1="9" edges="! 328 377[ 349 363 349 384[ 338 398 334 411"/>
                                                  <Edge fillStyle0="9" fillStyle1="8" edges="! 313 448[ 312 443 303 443[ 292 443 292 454| 292 457[ 294 463 305 463| 308 460| 313 455"/>
                                                  <Edge fillStyle0="2" fillStyle1="1" edges="! 440 617[ 424 568 424 537| 424 534| 423 533| 425 527| 428 522| 429 522| 445 510[ 456 495 456 469[ 456 406 392 398[ 328 391 328 477[ 328 498 333 506[ 339 519 356 522| 360 546| 350 590| 341 617"/>
                                                  <Edge fillStyle0="2" fillStyle1="3" edges="! 341 617[ 341 627 347 631"/>
                                                  <Edge fillStyle0="2" fillStyle1="1" edges="! 347 631| 374 633"/>
                                                  <Edge fillStyle0="2" fillStyle1="7" edges="! 374 633| 379 633| 421 635"/>
                                                  <Edge fillStyle0="2" fillStyle1="1" edges="! 421 635| 436 633"/>
                                                  <Edge fillStyle0="2" fillStyle1="3" edges="! 436 633| 440 621| 440 620| 440 617"/>
                                                  <Edge fillStyle0="1" fillStyle1="3" edges="! 440 617| 445 628| 436 633"/>
                                                  <Edge fillStyle0="7" fillStyle1="8" edges="! 313 540[ 313 525 328 525[ 338 525 338 540[ 338 554 324 554[ 317 554 317 546| 313 540"/>
                                                  <Edge fillStyle0="2" fillStyle1="1" edges="! 292 655| 289 633| 301 599| 301 590| 305 584| 308 568[ 308 552 280 516| 277 510| 277 499| 81 498| 31 495[ 47 512 47 534| 52 692| 52 735| 142 729| 587 729| 723 735| 723 731| 723 624| 725 538| 731 509| 496 504| 496 513| 496 520| 491 527| 465 565| 471 595| 477 611| 478 646| 477 664"/>
                                                  <Edge fillStyle0="2" fillStyle1="3" edges="! 477 664| 475 666| 474 668"/>
                                                  <Edge fillStyle0="2" fillStyle1="1" edges="! 474 668| 474 669| 472 670| 469 670| 421 674| 339 670| 307 664"/>
                                                  <Edge fillStyle0="2" fillStyle1="3" edges="! 307 664| 294 663| 292 655"/>
                                                  <Edge fillStyle0="1" fillStyle1="3" edges="! 292 655| 307 664"/>
                                                  <Edge fillStyle0="1" fillStyle1="7" edges="! 312 584| 320 557[ 301 529 301 520[ 301 491 324 510[ 347 529 347 557| 339 579[ 331 635 322 635| 312 621| 308 605[ 308 597 313 590| 312 584"/>
                                                  <Edge fillStyle0="3" fillStyle1="4" edges="! 224 565[ 234 576 234 586[ 234 597 224 603[ 211 612 184 612| 134 603| 120 605[ 101 605 95 593| 93 578[ 92 546 119 547| 123 550[ 135 540 169 540[ 224 540 224 564| 224 565"/>
                                                  <Edge fillStyle0="2" fillStyle1="3" edges="! 255 568| 270 581| 258 633[ 258 674 270 682[ 277 687 291 692| 205 692[ 192 700 161 700[ 137 700 123 693| 93 698[ 65 698 68 664[ 68 627 76 600| 71 562[ 71 519 163 519[ 255 519 255 559| 255 568"/>
                                                  <Edge fillStyle0="3" fillStyle1="1" edges="! 341 617| 338 631| 347 631"/>
                                                  <Edge fillStyle0="7" fillStyle1="1" edges="! 374 633[ 328 635 328 649[ 328 663 368 663| 421 659[ 433 655 433 646[ 433 641 421 635"/>
                                                  <Edge fillStyle0="7" fillStyle1="1" edges="! 37 562| 37 545[ 37 510 17 516| 6 522"/>
                                                  <Edge fillStyle0="7" fillStyle1="8" edges="! 6 522| 13 522[ 34 534 34 562"/>
                                                  <Edge fillStyle0="7" fillStyle1="10" edges="! 34 562| 37 562"/>
                                                  <Edge fillStyle0="1" fillStyle1="10" edges="! 37 562| 37 565"/>
                                                  <Edge fillStyle0="1" fillStyle1="7" edges="! 37 565| 31 612| 34 649| 34 676[ 31 698 18 698| 17 698| 8 698[ -9 692 -3 659| -3 627[ -10 612 -8 576| -8 574| -5 557"/>
                                                  <Edge fillStyle0="1" fillStyle1="8" edges="! -5 557| -8 541[ -8 522 1 522| 6 522"/>
                                                  <Edge fillStyle0="7" fillStyle1="10" edges="! 37 565| 34 562"/>
                                                  <Edge fillStyle0="7" fillStyle1="8" edges="! 34 562| 29 576| 17 585| 6 584[ -3 578 -5 557"/>
                                                  <Edge fillStyle0="1" fillStyle1="7" edges="! 18 718[ 21 714 25 714[ 37 714 37 729[ 37 742 26 742| 21 742[ 10 741 14 729| 18 718"/>
                                                  <Edge fillStyle0="1" fillStyle1="7" edges="! 767 541| 776 568[ 767 653 757 681[ 776 684 776 700| 771 714| 760 719| 751 719| 739 710| 737 702| 737 698| 737 697[ 737 687 740 687| 732 659| 727 624| 732 554[ 733 537 739 531[ 739 510 754 510[ 767 510 767 531| 767 541"/>
                                                  <Edge fillStyle0="2" fillStyle1="1" edges="! 787 498| 782 499| 781 499| 783 568[ 783 590 786 606"/>
                                                  <Edge fillStyle0="3" fillStyle1="4" edges="! 659 584| 654 603[ 644 617 628 617[ 611 617 584 593| 583 593| 574 590| 573 586[ 559 574 559 568[ 559 546 609 546[ 659 546 659 584"/>
                                                  <Edge fillStyle0="2" fillStyle1="3" edges="! 679 555| 682 590| 682 595| 687 635[ 687 667 683 677[ 676 710 643 692| 491 692| 502 681| 505 641[ 508 612 504 599| 523 584| 541 568[ 541 552 544 547[ 562 520 651 520[ 674 520 679 555"/>
                                                  <Edge fillStyle0="7" fillStyle1="8" edges="! 482 516| 465 538[ 455 538 454 534| 454 525[ 454 512 467 506[ 482 499 482 516"/>
                                                  <Edge fillStyle0="1" fillStyle1="7" edges="! 436 546| 462 495[ 490 457 490 503[ 461 568 446 568[ 440 568 436 556| 436 546"/>
                                                  <Edge fillStyle0="3" fillStyle1="1" edges="! 477 664| 474 668"/>
                                             </edges>
                                        </DOMShape>
                                   </elements>
                              </DOMFrame>
                         </frames>
                    </DOMLayer>
               </layers>
          </DOMTimeline>
     </timeline>
</DOMSymbolItem>
