<DOMSymbolItem xmlns="http://ns.adobe.com/xfl/2008/" xmlns:xsi="http://www.w3.org/2001/XMLSchema-instance" name="Symbol 1419" lastModified="1681431985" symbolType="graphic">
     <timeline>
          <DOMTimeline name="Symbol 1419" currentFrame="0">
               <layers>
                    <DOMLayer name="Layer 1">
                         <frames>
                              <DOMFrame index="0" motionTweenScale="false" keyMode="8192">
                                   <elements>
                                        <DOMShape isFloating="true">
                                             <fills>
                                                  <FillStyle index="1">
                                                       <SolidColor color="#7e1212"/>
                                                  </FillStyle>
                                             </fills>
                                             <strokes/>
                                             <edges>
                                                  <Edge fillStyle1="1" edges="! 1041 184| 1008 195| 995 224[ 978 242 941 242[ 904 242 890 219| 884 202| 814 193[ 795 206 760 206| 739 205| 745 229[ 745 251 735 260[ 715 276 653 276[ 580 276 560 260[ 553 254 553 237[ 553 221 563 210| 529 203| 503 212| 487 218| 488 228[ 488 237 466 255| 460 269[ 448 292 424 292| 404 292| 383 296[ 357 296 340 277| 325 268| 306 252[ 177 250 128 218[ 110 206 102 189[ 76 184 67 166| 63 141[ 63 112 113 91[ 129 84 137 86[ 150 78 168 73[ 192 66 243 54[ 247 8 341 1[ 412 -4 431 22[ 529 24 580 46| 594 44[ 639 42 659 60| 676 65| 774 45| 775 45[ 781 30 803 30[ 832 30 833 55| 907 51[ 1081 56 1081 135[ 1081 167 1041 184"/>
                                                  <Edge fillStyle1="1" edges="! 674 110| 659 144| 649 154| 653 170| 652 181| 679 181| 673 155[ 673 122 687 109| 674 110"/>
                                                  <Edge fillStyle1="1" edges="! 29 210[ -4 210 1 183[ 1 150 35 154[ 68 158 68 178[ 68 189 51 200| 29 210"/>
                                                  <Edge fillStyle1="1" edges="! 265 266[ 285 266 285 286| 278 300| 265 305[ 245 305 245 287[ 245 266 265 266"/>
                                             </edges>
                                        </DOMShape>
                                   </elements>
                              </DOMFrame>
                         </frames>
                    </DOMLayer>
               </layers>
          </DOMTimeline>
     </timeline>
</DOMSymbolItem>
