<DOMSymbolItem xmlns="http://ns.adobe.com/xfl/2008/" xmlns:xsi="http://www.w3.org/2001/XMLSchema-instance" name="Symbol 2039" lastModified="1681431985">
     <timeline>
          <DOMTimeline name="Symbol 2039">
               <layers>
                    <DOMLayer name="Layer 1" color="#75cf57" current="true" isSelected="true">
                         <frames>
                              <DOMFrame index="0" keyMode="9728">
                                   <elements>
                                        <DOMShape isFloating="true">
                                             <fills>
                                                  <FillStyle index="1">
                                                       <SolidColor color="#474141" alpha="1.0"/>
                                                  </FillStyle>
                                                  <FillStyle index="2">
                                                       <SolidColor color="#544e4e" alpha="1.0"/>
                                                  </FillStyle>
                                                  <FillStyle index="3">
                                                       <SolidColor color="#53352b" alpha="1.0"/>
                                                  </FillStyle>
                                                  <FillStyle index="4">
                                                       <SolidColor color="#603931" alpha="1.0"/>
                                                  </FillStyle>
                                                  <FillStyle index="5">
                                                       <SolidColor color="#6a4137" alpha="1.0"/>
                                                  </FillStyle>
                                                  <FillStyle index="6">
                                                       <SolidColor color="#76473d" alpha="1.0"/>
                                                  </FillStyle>
                                                  <FillStyle index="7">
                                                       <SolidColor color="#864b46" alpha="1.0"/>
                                                  </FillStyle>
                                                  <FillStyle index="8">
                                                       <SolidColor color="#473430" alpha="0.3019608"/>
                                                  </FillStyle>
                                                  <FillStyle index="9">
                                                       <SolidColor color="#a97601" alpha="1.0"/>
                                                  </FillStyle>
                                                  <FillStyle index="10">
                                                       <SolidColor color="#c18702" alpha="1.0"/>
                                                  </FillStyle>
                                                  <FillStyle index="11">
                                                       <SolidColor color="#f4ab02" alpha="1.0"/>
                                                  </FillStyle>
                                                  <FillStyle index="12">
                                                       <SolidColor color="#ffffff" alpha="1.0"/>
                                                  </FillStyle>
                                                  <FillStyle index="13">
                                                       <SolidColor color="#38221d" alpha="1.0"/>
                                                  </FillStyle>
                                             </fills>
                                             <strokes/>
                                             <edges>
                                                  <Edge fillStyle1="9" edges="! 725 22| 742 19[ 787 16 787 50| 788 195| 791 315[ 789 358 778 377| 779 378[ 793 388 793 415| 793 419"/>
                                                  <Edge fillStyle1="8" edges="! 793 419| 797 461| 795 545| 798 709[ 798 755 770 779[ 745 801 703 801| 695 800| 633 806| 579 798| 563 793| 519 795| 360 798| 293 791| 59 791[ 30 796 14 775[ 2 760 2 747[ 1 690 3 646| 0 576| 2 504[ 6 472 23 451"/>
                                                  <Edge fillStyle1="9" edges="! 23 451| 23 449| 22 449[ 1 449 1 428| 5 383| 5 379[ 5 366 18 360| 18 356| 23 239| 28 134| 27 131| 27 125| 27 124| 19 55[ 19 27 47 22[ 58 13 79 12[ 104 10 114 23"/>
                                                  <Edge fillStyle1="3" edges="! 114 23| 156 22| 158 22"/>
                                                  <Edge fillStyle1="4" edges="! 158 22| 161 21| 236 14"/>
                                                  <Edge fillStyle1="3" edges="! 236 14| 250 12| 296 12"/>
                                                  <Edge fillStyle1="4" edges="! 296 12| 345 12"/>
                                                  <Edge fillStyle1="3" edges="! 345 12| 373 12"/>
                                                  <Edge fillStyle1="9" edges="! 373 12| 374 12[ 378 -4 406 1| 417 4| 434 2[ 472 1 476 24"/>
                                                  <Edge fillStyle1="3" edges="! 476 24| 485 24| 507 24"/>
                                                  <Edge fillStyle1="4" edges="! 507 24[ 514 18 525 15| 609 17"/>
                                                  <Edge fillStyle1="3" edges="! 609 17| 725 22"/>
                                                  <Edge fillStyle0="9" fillStyle1="3" edges="! 725 22[ 697 30 697 59| 705 250| 703 314| 699 353| 701 371| 670 366| 516 360| 500 358| 498 356| 462 329| 470 246| 472 102| 472 63| 476 28| 476 24"/>
                                                  <Edge fillStyle0="9" fillStyle1="10" edges="! 718 65| 718 59[ 722 30 751 33[ 780 37 780 57| 774 85| 768 123"/>
                                                  <Edge fillStyle0="9" fillStyle1="11" edges="! 768 123| 769 142| 770 168| 767 192"/>
                                                  <Edge fillStyle0="9" fillStyle1="10" edges="! 767 192| 771 192| 771 206| 779 291[ 778 319 769 333| 762 349[ 755 357 745 357[ 729 357 723 346| 720 334| 720 331[ 717 324 717 314| 720 283| 714 219| 717 103"/>
                                                  <Edge fillStyle0="9" fillStyle1="1" edges="! 717 103| 717 101"/>
                                                  <Edge fillStyle0="9" fillStyle1="11" edges="! 717 101| 714 96| 712 83[ 712 72 718 65"/>
                                                  <Edge fillStyle0="10" fillStyle1="11" edges="! 718 65[ 725 56 739 53[ 765 47 765 73| 761 90| 768 123"/>
                                                  <Edge fillStyle0="11" fillStyle1="12" edges="! 756 80[ 754 107 735 107[ 725 107 722 100| 720 93[ 720 72 738 67[ 756 62 756 80"/>
                                                  <Edge fillStyle0="1" fillStyle1="10" edges="! 717 103| 720 103"/>
                                                  <Edge fillStyle0="1" fillStyle1="11" edges="! 720 103| 717 101"/>
                                                  <Edge fillStyle0="3" fillStyle1="4" edges="! 609 17| 625 19[ 676 19 686 102[ 692 144 687 187[ 688 299 670 314| 540 325[ 490 325 480 301[ 475 289 480 274[ 490 176 482 128[ 471 49 507 24"/>
                                                  <Edge fillStyle0="5" fillStyle1="6" edges="! 613 64[ 617 55 636 53[ 652 52 657 60"/>
                                                  <Edge fillStyle0="5" fillStyle1="4" edges="! 657 60[ 649 37 584 37| 547 39"/>
                                                  <Edge fillStyle0="5" fillStyle1="7" edges="! 547 39[ 560 39 565 45"/>
                                                  <Edge fillStyle0="5" fillStyle1="6" edges="! 565 45[ 606 45 606 59| 605 64"/>
                                                  <Edge fillStyle0="5" fillStyle1="7" edges="! 605 64| 613 64"/>
                                                  <Edge fillStyle0="6" fillStyle1="7" edges="! 613 64| 630 64[ 640 65 648 73| 653 82"/>
                                                  <Edge fillStyle0="6" fillStyle1="5" edges="! 653 82| 660 70| 659 63"/>
                                                  <Edge fillStyle0="6" fillStyle1="4" edges="! 659 63| 657 60"/>
                                                  <Edge fillStyle0="5" fillStyle1="7" edges="! 653 82| 654 84"/>
                                                  <Edge fillStyle0="5" fillStyle1="6" edges="! 654 84[ 658 87 658 97| 653 113[ 667 117 667 130[ 667 143 644 151| 603 160[ 652 158 652 189[ 652 209 559 209| 540 203| 529 203| 527 203[ 507 202 507 183| 507 181| 507 180[ 507 162 521 162[ 506 157 507 142| 507 135[ 493 129 498 101[ 498 56 513 55| 519 57| 520 56"/>
                                                  <Edge fillStyle0="5" fillStyle1="7" edges="! 520 56| 519 52| 524 44"/>
                                                  <Edge fillStyle0="5" fillStyle1="4" edges="! 524 44[ 497 52 496 70[ 484 79 484 124[ 485 157 491 181[ 486 186 486 201[ 485 238 498 247| 497 254[ 492 278 515 278[ 529 278 528 254[ 535 235 554 232| 567 230| 626 231[ 672 231 682 208| 684 177| 686 117[ 686 82 673 65| 659 63"/>
                                                  <Edge fillStyle0="6" fillStyle1="7" edges="! 654 84| 654 87[ 654 104 641 109| 550 119[ 513 119 508 87[ 508 64 532 64| 541 64[ 523 63 520 56"/>
                                                  <Edge fillStyle0="6" fillStyle1="7" edges="! 621 194| 600 194| 587 183| 585 179[ 585 165 614 165[ 642 165 642 179[ 642 196 621 194"/>
                                                  <Edge fillStyle0="11" fillStyle1="12" edges="! 752 184| 743 188[ 729 188 726 181| 726 174[ 726 160 741 159[ 756 158 756 173| 752 184"/>
                                                  <Edge fillStyle0="11" fillStyle1="10" edges="! 720 103| 720 193| 720 211| 718 226[ 718 243 728 248[ 720 254 720 271| 726 286[ 735 299 748 299[ 771 299 771 273[ 771 256 750 248| 762 231| 768 206[ 767 224 757 230[ 764 218 767 192"/>
                                                  <Edge fillStyle0="6" fillStyle1="7" edges="! 565 45| 567 52| 560 61| 546 64| 605 64"/>
                                                  <Edge fillStyle0="4" fillStyle1="7" edges="! 524 44[ 529 40 543 39| 547 39"/>
                                                  <Edge fillStyle0="11" fillStyle1="12" edges="! 401 92| 401 90[ 401 62 415 58[ 429 55 429 86| 429 103[ 428 113 420 113[ 407 113 403 102"/>
                                                  <Edge fillStyle0="11" fillStyle1="2" edges="! 403 102| 402 101| 400 92| 401 92"/>
                                                  <Edge fillStyle0="12" fillStyle1="2" edges="! 401 92| 403 102"/>
                                                  <Edge fillStyle0="10" fillStyle1="11" edges="! 393 77[ 394 53 423 48[ 453 44 453 87| 450 137[ 450 168 437 177| 438 197| 438 223[ 438 243 430 251[ 438 255 438 269| 435 281[ 430 290 422 290[ 401 290 399 269| 403 256[ 390 250 392 230[ 392 206 399 196[ 400 179 404 169| 390 136| 387 136"/>
                                                  <Edge fillStyle0="10" fillStyle1="9" edges="! 387 136| 384 197| 384 250| 386 265[ 380 273 380 282| 388 305| 386 308| 372 318| 360 325| 357 327"/>
                                                  <Edge fillStyle0="10" fillStyle1="11" edges="! 357 327| 367 326[ 373 313 400 303[ 435 291 435 324| 430 337[ 423 345 409 345| 378 343| 373 343| 358 359| 339 378| 332 398| 331 400| 332 403"/>
                                                  <Edge fillStyle0="10" fillStyle1="12" edges="! 332 403| 332 406"/>
                                                  <Edge fillStyle0="10" fillStyle1="11" edges="! 332 406| 332 408[ 332 421 319 421| 306 414| 303 406| 304 399"/>
                                                  <Edge fillStyle0="10" fillStyle1="9" edges="! 304 399| 299 403| 300 398"/>
                                                  <Edge fillStyle0="10" fillStyle1="11" edges="! 300 398| 272 393| 269 390| 255 395| 213 387| 204 392[ 200 404 171 404| 164 404| 133 405| 118 402[ 102 416 39 416[ 21 416 21 396[ 21 388 27 383| 35 374"/>
                                                  <Edge fillStyle0="10" fillStyle1="9" edges="! 35 374| 24 374[ 12 376 12 395| 14 403| 12 415[ 13 437 33 437[ 47 437 65 425| 69 423| 80 426| 194 426| 231 419| 291 419| 292 422[ 295 427 304 428| 306 435| 317 444| 328 441| 332 437| 334 432| 335 416| 335 413| 336 410| 344 383| 370 353| 374 353| 439 353| 441 355| 465 389| 488 416| 496 410| 500 401| 492 375"/>
                                                  <Edge fillStyle0="10" fillStyle1="11" edges="! 492 375| 482 381[ 469 381 449 361| 431 340[ 431 327 462 336| 469 339"/>
                                                  <Edge fillStyle0="10" fillStyle1="9" edges="! 469 339| 450 323| 443 312| 438 302| 443 268| 440 249| 452 178| 462 50[ 462 17 423 17[ 383 17 383 60| 390 76"/>
                                                  <Edge fillStyle0="10" fillStyle1="1" edges="! 390 76| 393 77"/>
                                                  <Edge fillStyle0="11" fillStyle1="1" edges="! 393 77| 393 78| 390 78"/>
                                                  <Edge fillStyle0="11" fillStyle1="9" edges="! 390 78| 389 96| 387 136"/>
                                                  <Edge fillStyle0="11" fillStyle1="12" edges="! 429 145[ 429 158 418 158[ 405 158 402 150| 402 145[ 402 132 416 130[ 429 129 429 145"/>
                                                  <Edge fillStyle0="11" fillStyle1="12" edges="! 426 241| 425 248| 416 253| 407 248[ 407 237 416 230| 426 241"/>
                                                  <Edge fillStyle0="5" fillStyle1="7" edges="! 583 160| 582 160| 576 161| 573 161| 566 161| 555 161"/>
                                                  <Edge fillStyle0="5" fillStyle1="6" edges="! 555 161| 551 162| 565 164| 592 160| 583 160"/>
                                                  <Edge fillStyle0="7" fillStyle1="6" edges="! 583 160[ 600 156 600 145[ 600 130 558 128[ 516 125 516 143[ 516 159 555 161"/>
                                                  <Edge fillStyle0="9" fillStyle1="11" edges="! 469 339[ 493 348 493 370| 492 375"/>
                                                  <Edge fillStyle0="3" fillStyle1="13" edges="! 442 423| 437 441| 422 461| 422 462| 417 499| 417 502[ 417 521 424 545| 421 559| 393 565| 385 563| 382 563| 379 563| 377 563| 368 558| 366 552| 380 477| 374 465| 362 453| 360 450| 353 433| 353 429| 352 425[ 352 379 382 375[ 395 368 400 372| 402 372[ 427 372 437 393| 439 397| 443 414| 442 423"/>
                                                  <Edge fillStyle0="3" fillStyle1="9" edges="! 452 555[ 436 510 436 483| 437 480| 435 477| 438 474| 440 469| 441 468| 456 456[ 466 443 466 420[ 466 362 406 355[ 345 348 345 428[ 345 447 350 454[ 356 464 371 470| 375 491| 366 529| 359 554"/>
                                                  <Edge fillStyle0="3" fillStyle1="4" edges="! 359 554| 363 569"/>
                                                  <Edge fillStyle0="3" fillStyle1="9" edges="! 363 569| 388 571"/>
                                                  <Edge fillStyle0="3" fillStyle1="10" edges="! 388 571| 394 570| 433 573"/>
                                                  <Edge fillStyle0="3" fillStyle1="9" edges="! 433 573| 448 571"/>
                                                  <Edge fillStyle0="3" fillStyle1="4" edges="! 448 571| 448 570| 452 560| 452 558| 452 555"/>
                                                  <Edge fillStyle0="9" fillStyle1="4" edges="! 452 555| 456 566| 448 571"/>
                                                  <Edge fillStyle0="3" fillStyle1="9" edges="! 312 591| 309 570| 319 538| 321 529| 323 525| 326 510[ 326 495 302 463| 298 458| 298 449| 112 446| 66 443[ 81 459 82 478| 86 625| 86 662| 171 658| 588 658| 717 663| 717 660| 717 562| 719 484| 723 455| 628 455| 617 454| 505 452| 505 461| 505 467| 499 473| 473 508| 480 536| 485 549| 487 583| 486 599"/>
                                                  <Edge fillStyle0="3" fillStyle1="4" edges="! 486 599| 484 601| 478 604"/>
                                                  <Edge fillStyle0="3" fillStyle1="9" edges="! 478 604| 432 608| 357 604| 325 599"/>
                                                  <Edge fillStyle0="3" fillStyle1="4" edges="! 325 599| 313 597| 312 591"/>
                                                  <Edge fillStyle0="9" fillStyle1="4" edges="! 312 591| 325 599"/>
                                                  <Edge fillStyle0="10" fillStyle1="11" edges="! 463 478| 463 471[ 463 459 477 454[ 490 448 490 463[ 482 484 474 484[ 465 484 463 478"/>
                                                  <Edge fillStyle0="9" fillStyle1="10" edges="! 472 444[ 497 409 497 450[ 470 510 458 510[ 452 510 449 500| 447 489[ 460 462 472 444"/>
                                                  <Edge fillStyle0="11" fillStyle1="9" edges="! 630 376| 603 373[ 591 372 587 380"/>
                                                  <Edge fillStyle0="11" fillStyle1="10" edges="! 587 380| 585 390[ 585 405 636 406| 687 405| 688 410| 733 409| 750 400"/>
                                                  <Edge fillStyle0="11" fillStyle1="9" edges="! 750 400| 753 398| 754 390| 752 383[ 748 372 732 372| 717 375"/>
                                                  <Edge fillStyle0="11" fillStyle1="2" edges="! 717 375| 717 377"/>
                                                  <Edge fillStyle0="11" fillStyle1="12" edges="! 717 377| 735 383| 733 389| 698 387| 626 396| 616 395| 609 387[ 617 381 630 378"/>
                                                  <Edge fillStyle0="11" fillStyle1="2" edges="! 630 378| 630 376"/>
                                                  <Edge fillStyle0="9" fillStyle1="1" edges="! 630 376| 640 375"/>
                                                  <Edge fillStyle0="9" fillStyle1="12" edges="! 640 375| 676 372| 701 373| 703 374"/>
                                                  <Edge fillStyle0="9" fillStyle1="1" edges="! 703 374| 717 375"/>
                                                  <Edge fillStyle0="2" fillStyle1="1" edges="! 717 375| 715 376"/>
                                                  <Edge fillStyle0="2" fillStyle1="12" edges="! 715 376| 717 377"/>
                                                  <Edge fillStyle0="11" fillStyle1="10" edges="! 509 404| 517 404| 549 399| 559 389| 558 386| 536 382| 506 381"/>
                                                  <Edge fillStyle0="11" fillStyle1="9" edges="! 506 381| 509 404"/>
                                                  <Edge fillStyle0="10" fillStyle1="9" edges="! 509 404| 510 413| 509 426| 519 426| 522 425| 565 425| 577 424| 726 428[ 750 428 750 400"/>
                                                  <Edge fillStyle0="10" fillStyle1="9" edges="! 587 380| 553 368| 503 368| 506 381"/>
                                                  <Edge fillStyle0="12" fillStyle1="1" edges="! 640 375| 635 376"/>
                                                  <Edge fillStyle0="12" fillStyle1="2" edges="! 635 376| 630 378"/>
                                                  <Edge fillStyle0="1" fillStyle1="2" edges="! 630 376| 635 376"/>
                                                  <Edge fillStyle0="9" fillStyle1="10" edges="! 747 456[ 759 457 759 476| 759 487| 768 513[ 759 588 750 614[ 766 617 766 633| 762 645| 751 650| 744 650[ 736 647 732 640| 731 634| 730 629| 730 627| 733 619| 725 594| 720 562[ 720 539 726 497[ 728 482 732 476[ 732 456 746 456| 747 456"/>
                                                  <Edge fillStyle0="8" fillStyle1="9" edges="! 793 419| 790 440[ 787 445 776 447"/>
                                                  <Edge fillStyle0="8" fillStyle1="3" edges="! 776 447| 775 546"/>
                                                  <Edge fillStyle0="8" fillStyle1="9" edges="! 775 546| 774 560| 774 573| 774 575| 774 576| 773 589| 772 593[ 780 610 781 643[ 781 692 769 709[ 762 719 751 719| 748 719| 733 717| 703 723| 152 717| 50 725| 49 725| 31 720| 28 720| 28 713[ 17 707 18 692| 21 645[ 19 633 25 626| 25 616| 20 516| 18 485[ 19 464 23 451"/>
                                                  <Edge fillStyle0="3" fillStyle1="9" edges="! 776 447| 772 448| 771 449| 774 512| 775 546"/>
                                                  <Edge fillStyle0="1" fillStyle1="12" edges="! 703 374| 715 376"/>
                                                  <Edge fillStyle0="3" fillStyle1="4" edges="! 650 467[ 671 467 675 498| 678 530| 679 536| 683 572| 680 612[ 673 641 641 625| 498 625| 509 614| 512 576[ 515 551 511 538| 529 526| 546 510| 548 492[ 566 467 650 467"/>
                                                  <Edge fillStyle0="4" fillStyle1="9" edges="! 364 47| 367 36| 363 24"/>
                                                  <Edge fillStyle0="4" fillStyle1="3" edges="! 363 24| 362 23[ 355 12 345 12"/>
                                                  <Edge fillStyle0="3" fillStyle1="4" edges="! 364 47| 356 56| 358 65| 358 93| 353 153| 347 216| 345 277[ 344 313 286 318| 212 316[ 161 316 138 298[ 125 287 125 275[ 124 252 129 203| 133 104| 135 69[ 130 63 130 53[ 130 30 158 22"/>
                                                  <Edge fillStyle0="3" fillStyle1="9" edges="! 114 23| 120 46| 118 55| 119 228| 113 321| 108 350| 108 356| 108 360| 258 351| 321 351[ 336 332 357 322[ 357 236 367 137| 366 83[ 366 65 369 54| 364 47"/>
                                                  <Edge fillStyle0="3" fillStyle1="9" edges="! 363 24[ 365 16 373 12"/>
                                                  <Edge fillStyle0="5" fillStyle1="6" edges="! 197 53[ 210 40 254 36[ 315 32 315 53| 315 54[ 327 59 327 81| 326 96| 330 121[ 330 133 321 136[ 305 158 215 158| 209 158| 205 158"/>
                                                  <Edge fillStyle0="5" fillStyle1="7" edges="! 205 158| 204 158| 201 158| 183 158| 184 157[ 164 155 158 149| 156 144"/>
                                                  <Edge fillStyle0="5" fillStyle1="6" edges="! 156 144[ 153 138 153 129[ 154 94 160 80"/>
                                                  <Edge fillStyle0="5" fillStyle1="7" edges="! 160 80| 159 75[ 159 65 163 62"/>
                                                  <Edge fillStyle0="5" fillStyle1="6" edges="! 163 62| 162 58[ 162 47 178 47| 189 49| 191 53"/>
                                                  <Edge fillStyle0="5" fillStyle1="7" edges="! 191 53| 197 53"/>
                                                  <Edge fillStyle0="6" fillStyle1="7" edges="! 197 53| 255 50| 289 53[ 308 54 317 63| 323 76| 316 89| 297 94| 291 94| 237 98| 166 90| 160 80"/>
                                                  <Edge fillStyle0="1" fillStyle1="9" edges="! 390 76| 390 78"/>
                                                  <Edge fillStyle0="4" fillStyle1="5" edges="! 339 81| 333 169[ 327 200 317 214| 317 217[ 317 231 302 237| 302 239[ 299 281 254 281| 187 276[ 180 273 180 262[ 179 252 191 249| 190 249[ 143 249 143 220| 147 196| 146 187| 150 102| 147 59[ 156 38 225 30| 303 28[ 323 30 333 53| 339 81"/>
                                                  <Edge fillStyle0="3" fillStyle1="4" edges="! 236 14| 296 12"/>
                                                  <Edge fillStyle0="7" fillStyle1="6" edges="! 205 158| 237 153[ 291 145 291 136[ 291 121 224 120[ 156 119 156 139| 156 144"/>
                                                  <Edge fillStyle0="6" fillStyle1="7" edges="! 221 179[ 221 194 204 194[ 186 194 186 179[ 186 164 204 164[ 221 164 221 179"/>
                                                  <Edge fillStyle0="4" fillStyle1="5" edges="! 222 243| 208 248| 272 249| 273 242| 232 243| 222 243"/>
                                                  <Edge fillStyle0="5" fillStyle1="6" edges="! 275 180[ 275 202 191 202[ 170 202 170 182[ 170 158 223 160[ 275 161 275 180"/>
                                                  <Edge fillStyle0="6" fillStyle1="7" edges="! 163 62| 165 60| 191 53"/>
                                                  <Edge fillStyle0="9" fillStyle1="10" edges="! 102 71| 107 104| 102 143| 99 198| 95 218| 96 239| 94 273[ 89 295 76 301[ 92 306 92 322| 85 344[ 76 357 63 357[ 36 357 35 323[ 35 301 53 298[ 42 291 42 268| 46 211| 44 193| 43 186| 41 120[ 41 91 44 73| 44 70[ 44 38 73 29[ 101 20 101 65"/>
                                                  <Edge fillStyle0="9" fillStyle1="1" edges="! 101 65| 102 71"/>
                                                  <Edge fillStyle0="10" fillStyle1="1" edges="! 102 71| 101 70"/>
                                                  <Edge fillStyle0="10" fillStyle1="11" edges="! 101 70| 97 83| 98 98| 94 147| 83 181| 90 188| 93 197| 88 210| 87 212| 87 223[ 87 244 80 251[ 87 254 87 268[ 87 289 71 289[ 51 289 53 268[ 53 255 63 251[ 52 241 51 204"/>
                                                  <Edge fillStyle0="10" fillStyle1="12" edges="! 51 204[ 46 200 47 192[ 47 183 52 180"/>
                                                  <Edge fillStyle0="10" fillStyle1="11" edges="! 52 180| 53 179| 48 163| 48 136[ 48 120 51 108| 48 96| 49 90"/>
                                                  <Edge fillStyle0="10" fillStyle1="2" edges="! 49 90| 49 88"/>
                                                  <Edge fillStyle0="10" fillStyle1="11" edges="! 49 88| 48 76[ 48 68 51 63[ 57 50 75 49[ 98 47 101 65"/>
                                                  <Edge fillStyle0="11" fillStyle1="2" edges="! 51 90| 49 90"/>
                                                  <Edge fillStyle0="11" fillStyle1="1" edges="! 101 70| 101 65"/>
                                                  <Edge fillStyle0="11" fillStyle1="12" edges="! 51 87[ 51 73 56 65[ 60 57 69 56[ 87 55 87 88| 82 100| 72 106| 67 106[ 54 104 51 96| 51 90"/>
                                                  <Edge fillStyle0="2" fillStyle1="12" edges="! 51 90| 51 87"/>
                                                  <Edge fillStyle0="2" fillStyle1="11" edges="! 51 87| 49 88"/>
                                                  <Edge fillStyle0="11" fillStyle1="12" edges="! 67 107[ 78 107 78 118[ 78 130 68 130[ 55 130 56 119[ 56 107 67 107"/>
                                                  <Edge fillStyle0="11" fillStyle1="12" edges="! 52 180| 61 177[ 75 176 75 191[ 75 206 62 206| 51 204"/>
                                                  <Edge fillStyle0="9" fillStyle1="12" edges="! 56 374| 80 372[ 103 372 106 379"/>
                                                  <Edge fillStyle0="9" fillStyle1="2" edges="! 106 379| 116 383"/>
                                                  <Edge fillStyle0="9" fillStyle1="11" edges="! 116 383| 122 377| 162 372| 203 376| 213 380| 250 370[ 262 366 270 373| 275 368[ 284 362 304 358| 318 356| 307 374"/>
                                                  <Edge fillStyle0="9" fillStyle1="12" edges="! 307 374| 300 398"/>
                                                  <Edge fillStyle0="11" fillStyle1="12" edges="! 300 398[ 289 398 290 385[ 290 375 297 373| 307 374"/>
                                                  <Edge fillStyle0="11" fillStyle1="12" edges="! 116 385| 120 389| 120 390[ 108 401 98 401| 50 399| 44 401[ 28 401 30 388[ 30 376 56 374"/>
                                                  <Edge fillStyle0="11" fillStyle1="9" edges="! 56 374| 46 372| 35 374"/>
                                                  <Edge fillStyle0="11" fillStyle1="10" edges="! 31 501[ 34 519 43 525| 51 527| 63 518| 69 506[ 69 479 49 470| 43 468"/>
                                                  <Edge fillStyle0="11" fillStyle1="9" edges="! 43 468| 37 468[ 29 470 29 487| 31 501"/>
                                                  <Edge fillStyle0="10" fillStyle1="9" edges="! 31 501| 30 517| 30 518[ 26 551 34 564| 33 594[ 28 625 45 630| 51 630| 54 630[ 66 628 69 610| 69 586| 67 552| 72 508"/>
                                                  <Edge fillStyle0="10" fillStyle1="1" edges="! 72 508| 69 506| 72 506"/>
                                                  <Edge fillStyle0="10" fillStyle1="9" edges="! 72 506| 72 488[ 72 457 51 463| 43 468"/>
                                                  <Edge fillStyle0="2" fillStyle1="12" edges="! 106 379| 116 385"/>
                                                  <Edge fillStyle0="2" fillStyle1="11" edges="! 116 385| 116 383"/>
                                                  <Edge fillStyle0="4" fillStyle1="5" edges="! 196 485[ 246 485 246 507| 246 509[ 257 518 257 528[ 257 537 247 542| 209 551[ 173 551 164 542| 150 545[ 132 545 127 533| 125 519[ 124 491 148 493| 153 494[ 165 485 196 485"/>
                                                  <Edge fillStyle0="12" fillStyle1="11" edges="! 325 353[ 322 358 322 364| 322 371[ 324 378 333 378[ 341 378 365 342[ 365 322 344 335"/>
                                                  <Edge fillStyle0="12" fillStyle1="9" edges="! 344 335[ 330 343 325 353"/>
                                                  <Edge fillStyle0="11" fillStyle1="9" edges="! 325 353[ 308 372 306 394| 304 399"/>
                                                  <Edge fillStyle0="11" fillStyle1="12" edges="! 384 322[ 384 310 402 310[ 415 310 415 319[ 415 333 397 333| 386 328| 384 322"/>
                                                  <Edge fillStyle0="11" fillStyle1="9" edges="! 357 327| 344 335"/>
                                                  <Edge fillStyle0="12" fillStyle1="11" edges="! 332 403[ 330 397 322 397[ 311 397 311 405| 312 410[ 314 415 323 415| 329 412| 332 406"/>
                                                  <Edge fillStyle0="10" fillStyle1="11" edges="! 332 485[ 332 472 344 472[ 355 472 355 485[ 355 497 343 497[ 335 497 333 491| 332 485"/>
                                                  <Edge fillStyle0="9" fillStyle1="10" edges="! 342 457[ 364 475 364 501| 357 521[ 349 573 340 573[ 333 573 330 559| 328 545[ 328 537 331 531| 330 525| 339 501[ 319 475 319 467[ 319 440 342 457"/>
                                                  <Edge fillStyle0="4" fillStyle1="9" edges="! 359 554| 355 568| 363 569"/>
                                                  <Edge fillStyle0="10" fillStyle1="9" edges="! 388 571[ 345 573 345 585[ 345 597 384 597| 434 594| 443 583| 433 573"/>
                                                  <Edge fillStyle0="3" fillStyle1="4" edges="! 276 510| 291 523| 281 571[ 281 608 291 616| 310 625| 230 625| 189 631| 153 626| 125 628[ 98 628 101 598[ 101 565 108 540| 103 505[ 103 466 190 465[ 276 464 276 503| 276 510"/>
                                                  <Edge fillStyle0="9" fillStyle1="1" edges="! 72 506| 72 508"/>
                                                  <Edge fillStyle0="9" fillStyle1="10" edges="! 61 645[ 72 645 72 658[ 72 671 62 671| 58 671[ 48 669 50 659[ 50 650 55 647| 61 645"/>
                                                  <Edge fillStyle0="4" fillStyle1="5" edges="! 628 554[ 611 554 586 535| 585 534| 578 529| 577 528| 564 512[ 563 489 610 490[ 656 490 657 525| 651 542[ 643 554 628 554"/>
                                                  <Edge fillStyle0="4" fillStyle1="9" edges="! 486 599| 485 599| 478 604"/>
                                             </edges>
                                        </DOMShape>
                                   </elements>
                              </DOMFrame>
                              <DOMFrame index="1" keyMode="9728">
                                   <elements>
                                        <DOMSymbolInstance libraryItemName="Symbol 2025" centerPoint3DX="27.35" centerPoint3DY="21.9">
                                             <matrix>
                                                  <Matrix tx="0.0" ty="0.0"/>
                                             </matrix>
                                             <transformationPoint>
                                                  <Point/>
                                             </transformationPoint>
                                        </DOMSymbolInstance>
                                   </elements>
                              </DOMFrame>
                              <DOMFrame index="2" keyMode="9728">
                                   <elements>
                                        <DOMSymbolInstance libraryItemName="Symbol 2037" name="d" centerPoint3DX="69.7" centerPoint3DY="49.0">
                                             <matrix>
                                                  <Matrix tx="0.0" ty="0.0"/>
                                             </matrix>
                                             <transformationPoint>
                                                  <Point/>
                                             </transformationPoint>
                                        </DOMSymbolInstance>
                                   </elements>
                              </DOMFrame>
                              <DOMFrame index="3" keyMode="9728">
                                   <elements>
                                        <DOMShape isFloating="true">
                                             <fills>
                                                  <FillStyle index="1">
                                                       <SolidColor color="#53352b" alpha="1.0"/>
                                                  </FillStyle>
                                                  <FillStyle index="2">
                                                       <SolidColor color="#3f3838" alpha="1.0"/>
                                                  </FillStyle>
                                                  <FillStyle index="3">
                                                       <SolidColor color="#3e2520" alpha="1.0"/>
                                                  </FillStyle>
                                                  <FillStyle index="4">
                                                       <SolidColor color="#542f2c" alpha="1.0"/>
                                                  </FillStyle>
                                                  <FillStyle index="5">
                                                       <SolidColor color="#432823" alpha="1.0"/>
                                                  </FillStyle>
                                                  <FillStyle index="6">
                                                       <SolidColor color="#4f3028" alpha="1.0"/>
                                                  </FillStyle>
                                                  <FillStyle index="7">
                                                       <SolidColor color="#482d26" alpha="1.0"/>
                                                  </FillStyle>
                                                  <FillStyle index="8">
                                                       <SolidColor color="#603931" alpha="1.0"/>
                                                  </FillStyle>
                                                  <FillStyle index="9">
                                                       <SolidColor color="#6a4137" alpha="1.0"/>
                                                  </FillStyle>
                                                  <FillStyle index="10">
                                                       <SolidColor color="#473430" alpha="0.3019608"/>
                                                  </FillStyle>
                                                  <FillStyle index="11">
                                                       <SolidColor color="#a97601" alpha="1.0"/>
                                                  </FillStyle>
                                                  <FillStyle index="12">
                                                       <SolidColor color="#c18702" alpha="1.0"/>
                                                  </FillStyle>
                                                  <FillStyle index="13">
                                                       <SolidColor color="#f4ab02" alpha="1.0"/>
                                                  </FillStyle>
                                                  <FillStyle index="14">
                                                       <SolidColor color="#ffffff" alpha="1.0"/>
                                                  </FillStyle>
                                                  <FillStyle index="15">
                                                       <SolidColor color="#38221d" alpha="1.0"/>
                                                  </FillStyle>
                                             </fills>
                                             <strokes/>
                                             <edges>
                                                  <Edge fillStyle0="12" fillStyle1="13" edges="! 685 166| 657 162| 648 156| 654 146| 702 141| 714 147| 714 153| 708 163| 685 166"/>
                                                  <Edge fillStyle0="12" fillStyle1="13" edges="! 555 174| 555 160| 555 159| 550 154| 555 145| 586 144| 588 145| 611 144[ 645 144 645 164| 643 177"/>
                                                  <Edge fillStyle0="12" fillStyle1="11" edges="! 643 177| 688 178| 722 172| 726 178| 727 180| 727 195[ 741 282 752 296[ 747 303 747 331| 747 349[ 749 366 762 372[ 770 361 768 324[ 768 303 762 296| 762 295| 771 254[ 771 233 757 199| 748 181| 755 173| 762 159"/>
                                                  <Edge fillStyle0="12" fillStyle1="0" edges="! 762 159| 762 157[ 762 126 697 129| 611 133"/>
                                                  <Edge fillStyle0="12" fillStyle1="11" edges="! 611 133| 508 136| 432 136| 383 137| 369 138| 383 136| 340 135| 136 133[ 49 135 45 158| 44 158[ 25 158 25 174| 26 183"/>
                                                  <Edge fillStyle0="12" fillStyle1="13" edges="! 26 183| 29 179| 45 178| 46 187[ 46 199 37 199| 29 198"/>
                                                  <Edge fillStyle0="12" fillStyle1="11" edges="! 29 198[ 33 213 42 213| 56 195| 62 182| 91 186| 167 185| 169 195[ 176 211 192 211| 206 207| 220 210[ 234 210 242 198| 255 202[ 274 202 274 178| 282 177| 415 168| 426 171| 508 171| 555 174"/>
                                                  <Edge fillStyle0="13" fillStyle1="11" edges="! 555 174| 556 181[ 562 199 592 199[ 619 199 634 187| 643 177"/>
                                                  <Edge fillStyle0="5" fillStyle1="11" edges="! 713 187| 671 188| 665 188| 664 196| 662 215[ 651 229 606 229| 529 219[ 522 214 521 202| 523 191| 443 190| 337 190| 325 193| 281 193| 282 204[ 283 221 266 226| 196 233[ 163 233 153 214| 148 197| 116 198| 66 200| 66 204[ 67 241 57 320| 44 383[ 54 385 62 390"/>
                                                  <Edge fillStyle0="5" fillStyle1="12" edges="! 62 390| 83 389"/>
                                                  <Edge fillStyle0="5" fillStyle1="2" edges="! 83 389| 201 380| 334 380"/>
                                                  <Edge fillStyle0="5" fillStyle1="11" edges="! 334 380[ 359 364 396 358| 411 358[ 455 358 478 382"/>
                                                  <Edge fillStyle0="5" fillStyle1="12" edges="! 478 382| 480 382| 507 386"/>
                                                  <Edge fillStyle0="5" fillStyle1="13" edges="! 507 386| 562 388| 726 388"/>
                                                  <Edge fillStyle0="5" fillStyle1="11" edges="! 726 388| 726 382| 730 309| 713 191"/>
                                                  <Edge fillStyle0="5" fillStyle1="4" edges="! 713 191| 713 187"/>
                                                  <Edge fillStyle0="11" fillStyle1="4" edges="! 713 187| 714 187| 713 191"/>
                                                  <Edge fillStyle0="5" fillStyle1="7" edges="! 700 270| 696 271| 695 270| 694 274[ 694 286 686 298| 682 305| 678 305| 561 304| 438 304[ 407 305 404 317| 404 318| 371 316| 367 316| 313 311| 222 322| 228 324| 305 335| 305 336| 166 340| 133 344| 115 346[ 97 346 90 339| 99 321| 105 300[ 105 291 92 282| 85 279| 87 269| 87 265| 89 237[ 94 216 116 216| 119 216| 118 222[ 118 243 133 252[ 159 267 237 267| 295 258[ 319 249 322 233| 339 225[ 360 216 392 216| 485 228| 499 224| 498 234[ 498 241 510 252[ 525 264 543 264| 569 262| 609 264| 645 259| 649 248| 649 245| 661 241| 668 240[ 672 236 679 235[ 700 234 703 268"/>
                                                  <Edge fillStyle0="5" fillStyle1="6" edges="! 703 268| 703 276| 700 270"/>
                                                  <Edge fillStyle0="7" fillStyle1="6" edges="! 700 270| 703 268"/>
                                                  <Edge fillStyle0="12" fillStyle1="13" edges="! 744 187[ 760 200 760 222| 758 228| 754 231| 745 214| 738 196| 740 189| 744 187"/>
                                                  <Edge fillStyle0="11" fillStyle1="0" edges="! 784 387| 783 374| 770 187[ 768 167 762 159"/>
                                                  <Edge fillStyle0="13" fillStyle1="14" edges="! 598 151[ 615 151 615 162[ 615 174 599 174[ 580 174 580 163[ 580 151 598 151"/>
                                                  <Edge fillStyle0="12" fillStyle1="13" edges="! 370 142| 511 141| 522 151[ 522 162 514 162| 433 159| 318 165| 304 165| 297 169| 253 174| 246 183[ 236 192 219 192[ 199 192 194 180| 194 177| 186 177| 166 171| 165 170| 149 174| 117 174| 71 172| 62 168"/>
                                                  <Edge fillStyle0="12" fillStyle1="14" edges="! 62 168| 60 168| 58 161| 58 160"/>
                                                  <Edge fillStyle0="12" fillStyle1="13" edges="! 58 160[ 59 129 147 154| 166 156| 178 151"/>
                                                  <Edge fillStyle0="12" fillStyle1="14" edges="! 178 151[ 180 144 191 145[ 200 146 204 150"/>
                                                  <Edge fillStyle0="12" fillStyle1="13" edges="! 204 150| 218 147"/>
                                                  <Edge fillStyle0="12" fillStyle1="14" edges="! 218 147[ 222 141 230 141| 242 144"/>
                                                  <Edge fillStyle0="12" fillStyle1="13" edges="! 242 144| 264 141| 294 144| 351 143"/>
                                                  <Edge fillStyle0="12" fillStyle1="14" edges="! 351 143[ 354 140 360 140| 370 142"/>
                                                  <Edge fillStyle0="13" fillStyle1="14" edges="! 370 142| 379 150[ 369 160 361 160| 351 159[ 348 156 348 149[ 348 145 351 143"/>
                                                  <Edge fillStyle0="0" fillStyle1="11" edges="! 10 513| 11 505| 7 473| 7 470| 5 465[ -16 461 -16 423| -16 407[ -17 393 -2 387| -3 380| 0 319| 4 257| 10 196| 16 190| 18 186| 15 179[ 14 167 26 161| 28 156[ 45 121 85 133| 341 129| 414 129| 515 132| 611 133"/>
                                                  <Edge fillStyle0="7" fillStyle1="5" edges="! 443 340| 534 351| 658 351| 693 342| 684 328| 676 329[ 649 332 558 327| 450 327| 438 328| 440 340| 443 340"/>
                                                  <Edge fillStyle0="11" fillStyle1="12" edges="! 481 386| 478 382"/>
                                                  <Edge fillStyle0="13" fillStyle1="11" edges="! 481 386| 489 398| 496 418"/>
                                                  <Edge fillStyle0="13" fillStyle1="12" edges="! 496 418| 688 423| 736 422| 738 426[ 745 441 763 441[ 780 441 789 429| 790 428"/>
                                                  <Edge fillStyle0="13" fillStyle1="11" edges="! 790 428| 795 410| 794 400"/>
                                                  <Edge fillStyle0="13" fillStyle1="0" edges="! 794 400| 784 387"/>
                                                  <Edge fillStyle0="13" fillStyle1="11" edges="! 784 387[ 776 382 764 381[ 747 379 739 388| 734 388| 726 388"/>
                                                  <Edge fillStyle0="11" fillStyle1="12" edges="! 395 365| 408 364[ 470 364 479 400[ 479 412 467 412[ 461 412 445 404| 412 396[ 376 396 352 422[ 332 443 332 463| 334 470"/>
                                                  <Edge fillStyle0="11" fillStyle1="13" edges="! 334 470| 336 474"/>
                                                  <Edge fillStyle0="11" fillStyle1="12" edges="! 336 474| 338 478| 343 500[ 343 508 335 508[ 318 508 306 472| 298 435[ 298 428 307 418"/>
                                                  <Edge fillStyle0="11" fillStyle1="13" edges="! 307 418[ 316 387 351 372[ 384 358 395 365"/>
                                                  <Edge fillStyle0="12" fillStyle1="13" edges="! 395 365| 399 375[ 399 388 379 396[ 354 406 344 420[ 336 431 332 453[ 329 466 316 466[ 305 466 303 455| 303 444| 307 418"/>
                                                  <Edge fillStyle0="12" fillStyle1="13" edges="! 432 389[ 422 389 420 383| 420 377[ 420 366 433 366[ 442 366 444 378[ 444 389 432 389"/>
                                                  <Edge fillStyle0="1" fillStyle1="15" edges="! 428 484| 413 497| 416 514| 422 568[ 422 592 403 592[ 382 592 371 584| 363 572[ 363 564 376 527| 383 508[ 356 506 353 478| 349 457[ 349 424 382 417| 398 413[ 426 413 427 432| 436 461[ 436 473 428 484"/>
                                                  <Edge fillStyle0="14" fillStyle1="13" edges="! 483 442| 482 446| 482 450[ 483 454 489 454[ 494 454 495 451| 496 446| 496 443"/>
                                                  <Edge fillStyle0="14" fillStyle1="12" edges="! 496 443| 495 441| 483 442"/>
                                                  <Edge fillStyle0="13" fillStyle1="12" edges="! 483 442[ 477 444 477 451| 479 458| 488 464[ 497 464 499 451| 496 443"/>
                                                  <Edge fillStyle0="12" fillStyle1="11" edges="! 496 418| 499 444| 499 445| 525 447| 630 447| 728 440| 731 442[ 743 450 760 450[ 780 450 786 442| 790 428"/>
                                                  <Edge fillStyle0="11" fillStyle1="12" edges="! 473 468| 471 445[ 471 423 486 431[ 501 439 501 463| 495 486[ 487 505 476 505[ 464 505 464 491[ 464 482 473 468"/>
                                                  <Edge fillStyle0="1" fillStyle1="11" edges="! 506 486[ 506 500 498 513[ 487 530 467 533| 469 549| 472 555| 478 578| 480 584| 486 613| 479 623| 460 628| 415 626| 408 626| 350 630[ 322 630 315 623| 313 611[ 313 598 323 570| 333 535[ 312 529 304 499| 300 469| 246 469| 81 460| 81 465| 73 482| 66 490| 72 525| 76 599| 79 670| 256 675| 384 666| 484 666| 580 672| 705 665| 724 661| 724 659| 727 636| 723 564| 718 484| 715 476| 714 474| 652 474| 642 471| 540 471| 513 474| 506 479| 506 486"/>
                                                  <Edge fillStyle0="11" fillStyle1="1" edges="! 354 594| 373 516| 373 513| 373 510| 373 509| 348 490[ 343 482 343 461[ 343 403 405 402[ 466 401 466 457| 459 488| 441 507| 440 517[ 440 533 451 598| 407 596"/>
                                                  <Edge fillStyle0="11" fillStyle1="12" edges="! 407 596[ 420 600 420 607| 414 617| 388 619[ 342 619 335 610| 330 605| 329 600[ 329 591 339 591[ 346 590 348 595| 354 594"/>
                                                  <Edge fillStyle0="1" fillStyle1="12" edges="! 354 594| 377 593| 407 596"/>
                                                  <Edge fillStyle0="13" fillStyle1="14" edges="! 589 414| 586 408[ 607 392 630 394| 670 402| 673 405| 652 411| 599 414| 589 414"/>
                                                  <Edge fillStyle0="13" fillStyle1="12" edges="! 507 386| 481 386"/>
                                                  <Edge fillStyle0="13" fillStyle1="14" edges="! 762 417[ 748 418 748 406[ 748 393 761 397[ 774 400 774 407| 772 415| 762 417"/>
                                                  <Edge fillStyle0="0" fillStyle1="11" edges="! 794 400| 803 408| 805 423| 805 428| 801 459[ 795 472 780 476"/>
                                                  <Edge fillStyle0="0" fillStyle1="10" edges="! 780 476| 787 493| 793 571| 799 725[ 799 751 780 760[ 759 771 697 771| 621 771| 618 771| 448 774| 375 779| 322 783| 246 774| 132 774[ 49 793 11 759| 1 755[ -22 745 -22 732[ -22 720 -14 702| -15 701| -10 652| -3 595| -4 539[ -3 516 10 513"/>
                                                  <Edge fillStyle0="11" fillStyle1="10" edges="! 10 513| 10 517| 11 612| 10 630| 12 669| 10 672| 8 675| 5 681| 0 704| 3 717[ 10 730 30 730| 39 728| 41 726| 239 733| 437 732"/>
                                                  <Edge fillStyle0="11" fillStyle1="1" edges="! 437 732| 562 729"/>
                                                  <Edge fillStyle0="11" fillStyle1="10" edges="! 562 729| 564 729| 573 730| 658 730| 664 731| 673 732| 689 733| 706 733| 745 728| 757 725| 768 719| 769 718[ 785 708 786 693| 783 680| 784 669| 785 624| 781 492| 778 476| 780 476"/>
                                                  <Edge fillStyle0="11" fillStyle1="12" edges="! 741 510| 741 508| 740 505| 738 496[ 738 487 747 484| 754 482[ 768 480 769 495[ 780 505 780 528| 780 554| 775 568| 783 627| 780 650| 780 656[ 780 672 771 675| 760 681| 750 678| 749 676| 751 675| 753 671| 756 663| 755 662| 752 652| 744 612| 738 548| 740 519"/>
                                                  <Edge fillStyle0="11" fillStyle1="13" edges="! 740 519| 739 517| 741 510"/>
                                                  <Edge fillStyle0="12" fillStyle1="13" edges="! 741 510| 742 509[ 743 506 747 506| 756 505[ 772 506 772 526[ 772 553 757 553| 748 545| 744 535| 740 519"/>
                                                  <Edge fillStyle0="1" fillStyle1="8" edges="! 616 489[ 674 462 695 522[ 705 552 705 600| 699 628[ 685 648 639 648| 495 642| 494 642[ 508 635 508 623| 507 605| 507 604| 504 566| 503 557| 509 519[ 512 499 540 490| 616 489"/>
                                                  <Edge fillStyle0="14" fillStyle1="13" edges="! 218 147[ 213 151 213 161| 213 169[ 215 177 228 177[ 246 177 246 154| 242 144"/>
                                                  <Edge fillStyle0="14" fillStyle1="13" edges="! 178 151| 177 156| 180 162[ 184 169 191 169[ 205 169 205 156| 204 150"/>
                                                  <Edge fillStyle0="14" fillStyle1="13" edges="! 62 168| 72 169[ 87 166 87 156| 86 150| 84 148| 65 150[ 58 154 58 160"/>
                                                  <Edge fillStyle0="12" fillStyle1="11" edges="! 18 236[ 12 250 12 274| 9 338[ 4 369 25 369[ 42 369 42 344| 39 294| 43 242[ 43 219 35 218"/>
                                                  <Edge fillStyle0="12" fillStyle1="13" edges="! 35 218| 37 226| 34 244| 30 258| 36 280[ 36 294 25 297[ 15 292 15 276| 18 236"/>
                                                  <Edge fillStyle0="11" fillStyle1="13" edges="! 18 236| 19 216| 35 218"/>
                                                  <Edge fillStyle0="11" fillStyle1="13" edges="! 29 198| 24 189| 26 183"/>
                                                  <Edge fillStyle0="6" fillStyle1="5" edges="! 150 247| 142 239| 140 242| 150 247"/>
                                                  <Edge fillStyle0="13" fillStyle1="14" edges="! 100 411[ 100 424 84 424| 51 418| 39 407[ 39 396 65 396[ 100 396 100 411"/>
                                                  <Edge fillStyle0="11" fillStyle1="12" edges="! 328 385| 316 395[ 297 414 294 437| 275 439| 235 445| 91 445| 11 431[ 0 428 0 422[ 0 411 5 404[ 8 399 14 399"/>
                                                  <Edge fillStyle0="11" fillStyle1="13" edges="! 14 399[ 19 394 31 393| 39 393"/>
                                                  <Edge fillStyle0="11" fillStyle1="12" edges="! 39 393| 62 390"/>
                                                  <Edge fillStyle0="13" fillStyle1="12" edges="! 14 399[ 9 403 9 409| 10 419[ 15 426 35 426[ 288 426 288 401[ 288 386 258 387| 98 393| 39 393"/>
                                                  <Edge fillStyle0="13" fillStyle1="14" edges="! 150 417| 138 420| 126 417| 124 407[ 124 392 139 396[ 153 400 153 408| 150 417"/>
                                                  <Edge fillStyle0="2" fillStyle1="12" edges="! 83 389| 114 388| 328 385"/>
                                                  <Edge fillStyle0="2" fillStyle1="11" edges="! 328 385| 334 380"/>
                                                  <Edge fillStyle0="3" fillStyle1="7" edges="! 360 264| 375 262| 370 262| 360 264"/>
                                                  <Edge fillStyle0="13" fillStyle1="14" edges="! 316 423[ 326 424 326 434[ 326 445 316 445[ 307 445 306 438| 306 433[ 306 422 316 423"/>
                                                  <Edge fillStyle0="13" fillStyle1="14" edges="! 316 414| 316 408[ 316 400 343 379[ 370 357 370 382[ 339 419 326 419[ 317 419 316 414"/>
                                                  <Edge fillStyle0="13" fillStyle1="12" edges="! 334 470[ 331 466 324 467[ 311 468 311 479[ 311 491 323 491| 332 486| 336 477| 336 474"/>
                                                  <Edge fillStyle0="11" fillStyle1="1" edges="! 312 538| 314 543| 314 541| 312 538"/>
                                                  <Edge fillStyle0="12" fillStyle1="13" edges="! 344 567| 338 565| 337 560| 345 551[ 352 547 352 557[ 352 564 344 567"/>
                                                  <Edge fillStyle0="11" fillStyle1="12" edges="! 333 572[ 333 537 348 534[ 363 532 363 552[ 363 572 342 590[ 333 579 333 572"/>
                                                  <Edge fillStyle0="8" fillStyle1="1" edges="! 312 565| 297 564| 290 547| 288 544| 288 525[ 288 475 191 478[ 93 481 93 536| 98 577| 105 593| 105 600| 109 626[ 120 649 160 645| 310 645| 307 637[ 307 630 310 627| 308 619| 308 592| 312 565"/>
                                                  <Edge fillStyle0="8" fillStyle1="9" edges="! 252 518[ 259 524 259 535[ 259 561 219 561| 180 559| 204 579[ 204 587 191 594| 153 603[ 139 603 134 593| 132 583| 133 569[ 122 564 123 548| 116 539| 115 528[ 115 502 131 501| 137 502| 138 502[ 150 491 193 494[ 252 497 252 515| 252 518"/>
                                                  <Edge fillStyle0="11" fillStyle1="12" edges="! 19 569| 18 556[ 18 540 21 532| 21 525| 27 530| 33 531[ 46 531 48 515| 50 537[ 57 551 57 577[ 58 663 39 663| 38 663[ 31 661 26 630| 20 576"/>
                                                  <Edge fillStyle0="11" fillStyle1="13" edges="! 20 576| 19 570| 19 569"/>
                                                  <Edge fillStyle0="12" fillStyle1="13" edges="! 19 569| 19 567| 21 563| 21 562[ 23 558 28 557| 31 556| 34 556[ 48 556 48 570| 42 580| 33 583| 28 583| 20 576"/>
                                                  <Edge fillStyle0="8" fillStyle1="9" edges="! 672 549| 672 553[ 672 571 655 571| 644 568| 641 569| 627 579| 557 582[ 541 582 533 564| 528 542| 529 536| 529 534[ 529 496 601 496[ 673 495 673 542| 672 549"/>
                                                  <Edge fillStyle0="11" fillStyle1="12" edges="! 463 612[ 453 612 454 596[ 454 581 463 588| 471 600[ 471 612 463 612"/>
                                                  <Edge fillStyle0="10" fillStyle1="1" edges="! 562 729| 480 733| 437 732"/>
                                             </edges>
                                        </DOMShape>
                                   </elements>
                              </DOMFrame>
                         </frames>
                    </DOMLayer>
               </layers>
          </DOMTimeline>
     </timeline>
</DOMSymbolItem>
