<DOMSymbolItem xmlns="http://ns.adobe.com/xfl/2008/" xmlns:xsi="http://www.w3.org/2001/XMLSchema-instance" name="Symbol 1386" lastModified="1681431985" linkageIdentifier="emptyz" linkageExportForAS="true">
     <timeline>
          <DOMTimeline name="Symbol 1386">
               <layers>
                    <DOMLayer name="Layer 1" color="#c87e50" current="true" isSelected="true">
                         <frames>
                              <DOMFrame index="0" duration="1" keyMode="9728">
                                   <elements/>
                              </DOMFrame>
                         </frames>
                    </DOMLayer>
               </layers>
          </DOMTimeline>
     </timeline>
</DOMSymbolItem>
