<DOMSymbolItem xmlns="http://ns.adobe.com/xfl/2008/" xmlns:xsi="http://www.w3.org/2001/XMLSchema-instance" name="Symbol 1808" lastModified="1681431985">
     <timeline>
          <DOMTimeline name="Symbol 1808">
               <layers>
                    <DOMLayer name="Layer 1" color="#e9d722" current="true" isSelected="true">
                         <frames>
                              <DOMFrame index="0" keyMode="9728">
                                   <elements>
                                        <DOMShape isFloating="true">
                                             <fills>
                                                  <FillStyle index="1">
                                                       <SolidColor color="#000000" alpha="1.0"/>
                                                  </FillStyle>
                                                  <FillStyle index="2">
                                                       <SolidColor color="#912b2b" alpha="0.4"/>
                                                  </FillStyle>
                                                  <FillStyle index="3">
                                                       <SolidColor color="#cd5c5c" alpha="0.4"/>
                                                  </FillStyle>
                                                  <FillStyle index="4">
                                                       <SolidColor color="#ffffff" alpha="1.0"/>
                                                  </FillStyle>
                                             </fills>
                                             <strokes/>
                                             <edges>
                                                  <Edge fillStyle0="2" fillStyle1="1" edges="! 90 647| 83 705[ 82 745 107 770[ 180 840 519 840[ 968 840 1078 766[ 1115 741 1115 706[ 1108 671 1108 660[ 1108 507 1003 339[ 937 234 847 176"/>
                                                  <Edge fillStyle0="2" fillStyle1="3" edges="! 847 176[ 862 239 851 311[ 851 412 757 529[ 633 684 428 698| 205 698[ 137 695 90 647"/>
                                                  <Edge fillStyle0="1" fillStyle1="3" edges="! 90 647| 90 642[ 90 515 212 336[ 360 120 556 101[ 724 96 847 176"/>
                                                  <Edge fillStyle0="0" fillStyle1="1" edges="! 1086 302[ 1118 359 1157 475[ 1199 602 1199 660[ 1199 672 1210 723[ 1213 777 1172 816[ 1048 936 520 936[ 152 936 44 848[ 7 818 0 775| 0 716[ 0 506 103 321[ 206 135 450 41[ 693 -53 858 66[ 1022 184 1086 302"/>
                                                  <Edge fillStyle0="3" fillStyle1="4" edges="! 493 327[ 402 414 364 413| 309 413[ 275 391 275 374[ 275 280 430 199[ 492 167 536 166[ 584 165 584 205[ 584 241 493 327"/>
                                                  <Edge fillStyle0="3" fillStyle1="4" edges="! 223 457[ 241 446 265 483| 261 501| 255 506| 237 511| 221 508| 211 501[ 209 503 209 483[ 209 466 223 457"/>
                                             </edges>
                                        </DOMShape>
                                   </elements>
                              </DOMFrame>
                         </frames>
                    </DOMLayer>
               </layers>
          </DOMTimeline>
     </timeline>
</DOMSymbolItem>
