<DOMSymbolItem xmlns="http://ns.adobe.com/xfl/2008/" xmlns:xsi="http://www.w3.org/2001/XMLSchema-instance" name="Symbol 1539" lastModified="1681431985" symbolType="graphic">
     <timeline>
          <DOMTimeline name="Symbol 1539" currentFrame="0">
               <layers>
                    <DOMLayer name="Layer 1">
                         <frames>
                              <DOMFrame index="0" motionTweenScale="false" keyMode="8192">
                                   <elements>
                                        <DOMShape isFloating="true">
                                             <fills>
                                                  <FillStyle index="1">
                                                       <SolidColor color="#000000" alpha="1.0"/>
                                                  </FillStyle>
                                                  <FillStyle index="2">
                                                       <SolidColor color="#cc9999" alpha="1.0"/>
                                                  </FillStyle>
                                             </fills>
                                             <strokes>
                                                  <StrokeStyle index="1">
                                                       <SolidStroke weight="2.0" scaleMode="normal">
                                                            <fill>
                                                                 <SolidColor color="#000000"/>
                                                            </fill>
                                                       </SolidStroke>
                                                  </StrokeStyle>
                                             </strokes>
                                             <edges>
                                                  <Edge fillStyle1="1" strokeStyle="1" edges="! 463 -33| 494 6| 514 39[ 525 55 537 107[ 548 156 548 181| 543 236[ 530 271 491 282[ 499 301 499 346[ 499 371 495 375[ 475 395 389 395[ 342 395 333 380| 333 369[ 312 382 292 382[ 218 382 176 326[ 148 289 148 265| 205 183[ 145 206 113 206[ 71 206 58 166| 54 126[ 54 66 137 13[ 216 -38 312 -43[ 332 -63 463 -33"/>
                                                  <Edge fillStyle0="2" fillStyle1="1" strokeStyle="0" edges="! 312 -26| 210 18[ 91 74 91 138[ 91 148 98 157[ 108 169 128 169| 201 147[ 258 125 270 125| 286 127| 288 129| 289 137| 268 155[ 268 183 230 225| 191 269[ 241 341 289 341[ 312 341 347 298| 352 292[ 376 240 391 216[ 399 223 399 233| 393 249| 432 244| 494 236[ 511 220 513 209| 512 181| 501 118[ 490 71 482 61| 468 27[ 460 7 441 0| 350 -14[ 320 -16 312 -26"/>
                                                  <Edge fillStyle0="2" fillStyle1="1" strokeStyle="0" edges="! 411 283| 366 342| 368 345| 369 358| 424 356| 463 353| 461 310[ 460 296 464 285| 457 285| 411 283"/>
                                             </edges>
                                        </DOMShape>
                                   </elements>
                              </DOMFrame>
                         </frames>
                    </DOMLayer>
               </layers>
          </DOMTimeline>
     </timeline>
</DOMSymbolItem>
