<DOMSymbolItem xmlns="http://ns.adobe.com/xfl/2008/" xmlns:xsi="http://www.w3.org/2001/XMLSchema-instance" name="Symbol 1452" lastModified="1681431985" symbolType="graphic">
     <timeline>
          <DOMTimeline name="Symbol 1452" currentFrame="0">
               <layers>
                    <DOMLayer name="Layer 1">
                         <frames>
                              <DOMFrame index="0" motionTweenScale="false" keyMode="8192">
                                   <elements>
                                        <DOMShape isFloating="true">
                                             <fills>
                                                  <FillStyle index="1">
                                                       <SolidColor color="#000000"/>
                                                  </FillStyle>
                                                  <FillStyle index="2">
                                                       <SolidColor color="#932323"/>
                                                  </FillStyle>
                                                  <FillStyle index="3">
                                                       <SolidColor color="#ffffff"/>
                                                  </FillStyle>
                                                  <FillStyle index="4">
                                                       <SolidColor color="#691717"/>
                                                  </FillStyle>
                                             </fills>
                                             <strokes/>
                                             <edges>
                                                  <Edge fillStyle0="1" edges="! 414 105[ 336 37 220 31[ 104 25 20 85[ -73 151 -78 269[ -82 348 -47 425[ 15 567 180 567[ 331 567 412 495[ 489 427 494 304[ 500 182 414 105"/>
                                                  <Edge fillStyle0="1" fillStyle1="2" edges="! 110 99[ 158 80 217 82[ 312 85 375 140[ 444 201 439 306| 435 342"/>
                                                  <Edge fillStyle0="1" fillStyle1="4" edges="! 435 342[ 427 387 403 420[ 339 510 182 510[ 115 510 70 480[ 167 472 210 425[ 238 394 240 351| 236 330"/>
                                                  <Edge fillStyle0="1" fillStyle1="2" edges="! 236 330| 235 330| 228 323| 219 319| 212 317"/>
                                                  <Edge fillStyle0="1" fillStyle1="4" edges="! 212 317| 17 296| -23 294| -23 271[ -19 182 56 127[ 81 109 110 99"/>
                                                  <Edge fillStyle0="2" fillStyle1="4" edges="! 110 99[ 97 119 95 146[ 93 202 155 270[ 181 298 212 317"/>
                                                  <Edge fillStyle0="1" fillStyle1="2" edges="! 228 186[ 169 188 166 241[ 164 294 216 294[ 257 294 276 266| 285 237[ 288 185 228 186"/>
                                                  <Edge fillStyle0="3" fillStyle1="2" edges="! 295 174| 337 187[ 356 187 359 163[ 360 145 326 123[ 287 98 255 127[ 260 155 295 174"/>
                                                  <Edge fillStyle0="3" fillStyle1="1" edges="! 234 214| 232 223[ 231 236 236 232| 246 237| 262 223[ 263 204 238 210| 234 214"/>
                                                  <Edge fillStyle0="3" fillStyle1="2" edges="! 371 190[ 352 189 351 212[ 350 228 369 231| 386 225| 390 210[ 391 190 371 190"/>
                                                  <Edge fillStyle0="1" fillStyle1="3" edges="! 51 350[ 50 386 88 386[ 116 386 125 373| 131 358| 130 340| 203 350| 163 408[ 134 430 25 430| 20 431| 16 425[ -14 379 -20 324| 53 333| 51 350"/>
                                                  <Edge fillStyle0="4" fillStyle1="2" edges="! 435 342[ 409 358 368 358[ 294 358 236 330"/>
                                             </edges>
                                        </DOMShape>
                                   </elements>
                              </DOMFrame>
                         </frames>
                    </DOMLayer>
               </layers>
          </DOMTimeline>
     </timeline>
</DOMSymbolItem>
