<DOMSymbolItem xmlns="http://ns.adobe.com/xfl/2008/" xmlns:xsi="http://www.w3.org/2001/XMLSchema-instance" name="Symbol 1459" lastModified="1681431985">
     <timeline>
          <DOMTimeline name="Symbol 1459">
               <layers>
                    <DOMLayer name="Layer 1" color="#8451eb" current="true" isSelected="true">
                         <frames>
                              <DOMFrame index="0" keyMode="9728">
                                   <elements>
                                        <DOMShape isFloating="true">
                                             <fills>
                                                  <FillStyle index="1">
                                                       <SolidColor color="#000000"/>
                                                  </FillStyle>
                                                  <FillStyle index="2">
                                                       <SolidColor color="#9f9393"/>
                                                  </FillStyle>
                                                  <FillStyle index="3">
                                                       <SolidColor color="#4f3e3e"/>
                                                  </FillStyle>
                                                  <FillStyle index="4">
                                                       <SolidColor color="#797171"/>
                                                  </FillStyle>
                                             </fills>
                                             <strokes/>
                                             <edges>
                                                  <Edge fillStyle1="1" edges="! 442 492[ 442 584 427 625[ 386 739 249 739[ 101 739 39 662[ 0 615 0 550[ 0 498 21 391[ 27 357 62 295[ 95 237 105 235| 110 229[ 103 219 103 209[ 103 185 109 176| 120 164[ 93 157 78 132[ 64 110 64 91[ 64 30 129 4[ 168 -11 204 30| 222 56[ 241 41 249 37| 318 39[ 352 58 352 84[ 352 111 334 135[ 318 156 292 165[ 306 181 306 205| 304 229| 363 265[ 401 309 411 340| 428 410| 442 492"/>
                                                  <Edge fillStyle0="2" fillStyle1="1" edges="! 307 79| 291 70| 271 70| 248 99[ 230 121 204 121| 201 121| 190 124[ 152 124 143 93| 141 58[ 141 43 151 43[ 162 42 171 67[ 168 79 185 87| 197 77| 190 67| 166 34[ 126 34 109 58[ 99 72 99 87[ 99 118 134 126[ 158 131 165 140| 247 140| 275 125[ 312 112 312 84| 307 79"/>
                                                  <Edge fillStyle0="3" fillStyle1="1" edges="! 243 173| 168 175[ 152 178 143 186[ 136 192 136 199| 139 205[ 159 194 181 194| 194 196| 221 193[ 239 193 253 206| 264 193| 265 188| 243 173"/>
                                                  <Edge fillStyle0="4" fillStyle1="1" edges="! 252 275| 241 265| 228 253| 188 249| 164 244[ 147 259 136 294| 134 301"/>
                                                  <Edge fillStyle0="4" fillStyle1="2" edges="! 134 301| 138 301| 155 288[ 164 274 214 274| 252 275"/>
                                                  <Edge fillStyle0="1" fillStyle1="2" edges="! 252 275[ 269 292 279 317| 288 360[ 291 390 297 403| 308 395| 309 382[ 309 332 298 286| 298 284| 331 308| 335 312"/>
                                                  <Edge fillStyle0="1" fillStyle1="4" edges="! 335 312[ 397 377 397 491[ 397 580 378 622| 377 625| 375 628| 352 660| 331 676| 329 677[ 302 692 264 694| 262 694| 260 694| 258 694| 256 694| 253 694| 250 694[ 129 694 76 633[ 42 595 42 548| 47 480"/>
                                                  <Edge fillStyle0="1" fillStyle1="2" edges="! 47 480| 48 473| 57 400| 87 331| 109 281| 117 275[ 106 311 106 364[ 106 370 117 376| 134 301"/>
                                                  <Edge fillStyle0="2" fillStyle1="4" edges="! 47 480| 48 487[ 68 619 181 646"/>
                                                  <Edge fillStyle0="2" fillStyle1="1" edges="! 181 646| 180 632[ 180 618 183 609[ 126 598 126 559[ 126 462 188 442| 186 438| 183 419[ 183 378 210 377[ 237 377 237 404| 234 437[ 256 439 277 457[ 300 476 300 489| 293 509[ 284 520 273 520[ 256 520 249 496[ 242 472 199 472[ 173 472 161 500[ 153 518 153 535[ 153 578 201 578| 227 563[ 242 547 258 547[ 286 547 286 574| 273 597[ 258 613 237 613| 235 613| 240 641| 237 652"/>
                                                  <Edge fillStyle0="2" fillStyle1="4" edges="! 237 652| 242 652[ 312 652 342 571| 358 486| 343 398| 328 331[ 328 317 335 312"/>
                                                  <Edge fillStyle0="1" fillStyle1="4" edges="! 181 646| 183 652[ 190 667 213 667[ 226 667 234 657| 237 652"/>
                                             </edges>
                                        </DOMShape>
                                   </elements>
                              </DOMFrame>
                         </frames>
                    </DOMLayer>
               </layers>
          </DOMTimeline>
     </timeline>
</DOMSymbolItem>
