<DOMSymbolItem xmlns="http://ns.adobe.com/xfl/2008/" xmlns:xsi="http://www.w3.org/2001/XMLSchema-instance" name="Symbol 1969" lastModified="1681431985" symbolType="graphic">
     <timeline>
          <DOMTimeline name="Symbol 1969" currentFrame="0">
               <layers>
                    <DOMLayer name="Layer 1">
                         <frames>
                              <DOMFrame index="0" motionTweenScale="false" keyMode="8192">
                                   <elements>
                                        <DOMShape isFloating="true">
                                             <fills>
                                                  <FillStyle index="1">
                                                       <SolidColor color="#6a6a6a" alpha="0.3019608"/>
                                                  </FillStyle>
                                             </fills>
                                             <strokes/>
                                             <edges>
                                                  <Edge fillStyle1="1" edges="! 882 368| 888 412[ 890 436 879 457[ 834 544 796 559[ 729 635 590 712| 486 737[ 228 751 60 659[ -61 595 -122 485| -149 402[ -169 321 -148 316| -146 316[ -137 295 -122 323[ -108 374 -84 416[ -28 516 66 574[ 221 668 446 630| 531 609[ 723 492 717 370[ 715 334 690 269[ 678 240 675 219| 669 217| 663 209[ 661 208 669 191[ 664 177 665 167| 676 175| 683 146[ 683 138 671 117[ 668 107 671 99| 664 93[ 656 77 671 73[ 683 71 705 81[ 742 88 783 128[ 821 165 844 207[ 870 251 872 275| 882 368"/>
                                                  <Edge fillStyle1="1" edges="! 480 491[ 321 528 196 449[ 124 402 90 342[ 74 316 61 278[ 44 234 41 213[ 41 198 62 141[ 68 116 90 96[ 117 69 133 99[ 147 213 159 232[ 174 259 204 284[ 248 324 292 312[ 343 300 347 258| 333 241| 311 209[ 299 187 311 150[ 326 100 380 86[ 472 64 568 134[ 634 182 654 219[ 681 267 653 348[ 618 458 480 491"/>
                                             </edges>
                                        </DOMShape>
                                   </elements>
                              </DOMFrame>
                         </frames>
                    </DOMLayer>
               </layers>
          </DOMTimeline>
     </timeline>
</DOMSymbolItem>
