<DOMSymbolItem xmlns="http://ns.adobe.com/xfl/2008/" xmlns:xsi="http://www.w3.org/2001/XMLSchema-instance" name="Symbol 2122" lastModified="1681431985" symbolType="graphic">
     <timeline>
          <DOMTimeline name="Symbol 2122" currentFrame="0">
               <layers>
                    <DOMLayer name="Layer 1">
                         <frames>
                              <DOMFrame index="0" motionTweenScale="false" keyMode="8192">
                                   <elements>
                                        <DOMShape isFloating="true">
                                             <fills>
                                                  <FillStyle index="1">
                                                       <SolidColor color="#410101" alpha="0.4"/>
                                                  </FillStyle>
                                             </fills>
                                             <strokes/>
                                             <edges>
                                                  <Edge fillStyle0="0" fillStyle1="0" strokeStyle="0" edges="! 0 0"/>
                                                  <Edge fillStyle0="0" fillStyle1="1" strokeStyle="0" edges="! 685 219| 676 222[ 668 222 665 216| 663 209[ 663 196 677 196[ 690 196 690 209| 685 219"/>
                                                  <Edge fillStyle0="0" fillStyle1="1" strokeStyle="0" edges="! 505 174[ 503 190 489 190[ 478 190 474 182| 472 174[ 472 161 489 161[ 505 161 505 174"/>
                                                  <Edge fillStyle0="0" fillStyle1="1" strokeStyle="0" edges="! 500 258[ 526 258 526 286[ 526 312 499 312[ 471 312 471 286[ 471 258 500 258"/>
                                                  <Edge fillStyle0="0" fillStyle1="1" strokeStyle="0" edges="! 298 148[ 330 152 330 180| 326 194[ 320 204 309 204[ 277 204 268 195[ 265 192 265 184[ 265 144 298 148"/>
                                                  <Edge fillStyle0="0" fillStyle1="1" strokeStyle="0" edges="! 76 225[ 68 225 65 218| 63 211[ 63 192 80 192[ 96 192 96 208[ 96 225 76 225"/>
                                                  <Edge fillStyle0="0" fillStyle1="1" strokeStyle="0" edges="! 227 289| 219 294[ 207 294 203 284| 201 276[ 201 261 216 264[ 231 268 231 279| 227 289"/>
                                             </edges>
                                        </DOMShape>
                                   </elements>
                              </DOMFrame>
                         </frames>
                    </DOMLayer>
                    <DOMLayer name="Layer 2">
                         <frames>
                              <DOMFrame index="0" motionTweenScale="false" keyMode="8192">
                                   <elements>
                                        <DOMShape isFloating="true">
                                             <fills>
                                                  <FillStyle index="1">
                                                       <SolidColor color="#201d1d" alpha="1.0"/>
                                                  </FillStyle>
                                                  <FillStyle index="2">
                                                       <SolidColor color="#990000" alpha="1.0"/>
                                                  </FillStyle>
                                                  <FillStyle index="3">
                                                       <SolidColor color="#690000" alpha="1.0"/>
                                                  </FillStyle>
                                             </fills>
                                             <strokes/>
                                             <edges>
                                                  <Edge fillStyle1="1" edges="! 6 139[ 0 133 0 124| 6 79| 3 35[ 3 5 65 5| 192 0| 385 5| 621 6| 711 6[ 744 3 753 36| 756 81| 755 116| 743 138"/>
                                                  <Edge fillStyle1="2" edges="! 743 138| 744 144| 744 222"/>
                                                  <Edge fillStyle1="3" edges="! 744 222| 744 321[ 745 345 721 345| 639 342| 400 342| 371 337| 232 352| 97 352| 72 354[ 12 354 0 331| 0 242"/>
                                                  <Edge fillStyle1="2" edges="! 0 242| 0 144| 6 139"/>
                                                  <Edge fillStyle0="1" fillStyle1="2" edges="! 6 139| 8 141| 51 142[ 101 178 214 142| 358 124| 497 133| 600 161[ 662 175 671 160[ 680 145 718 145[ 734 145 743 138"/>
                                                  <Edge fillStyle0="2" fillStyle1="3" edges="! 0 242[ 0 235 8 230[ 15 225 37 241[ 58 257 105 249| 173 242| 233 245| 283 239[ 292 230 342 224[ 391 218 455 223[ 520 227 547 242| 606 243| 661 242[ 684 254 708 252[ 731 249 734 235[ 736 220 739 220| 744 222"/>
                                             </edges>
                                        </DOMShape>
                                   </elements>
                              </DOMFrame>
                         </frames>
                    </DOMLayer>
               </layers>
          </DOMTimeline>
     </timeline>
</DOMSymbolItem>
