<DOMSymbolItem xmlns="http://ns.adobe.com/xfl/2008/" xmlns:xsi="http://www.w3.org/2001/XMLSchema-instance" name="Symbol 2145" lastModified="1681431985">
     <timeline>
          <DOMTimeline name="Symbol 2145">
               <layers>
                    <DOMLayer name="Layer 1" color="#b46d6f">
                         <frames>
                              <DOMFrame index="0" keyMode="9728">
                                   <elements/>
                              </DOMFrame>
                              <DOMFrame index="1" duration="2" keyMode="9728">
                                   <elements>
                                        <DOMSymbolInstance libraryItemName="Symbol 2141" name="p4" centerPoint3DX="35.45" centerPoint3DY="-10.95">
                                             <matrix>
                                                  <Matrix tx="26.7" ty="-16.9" a="0.2989501953125" d="2.40203857421875"/>
                                             </matrix>
                                             <transformationPoint>
                                                  <Point/>
                                             </transformationPoint>
                                        </DOMSymbolInstance>
                                   </elements>
                              </DOMFrame>
                              <DOMFrame index="3" duration="2" keyMode="9728">
                                   <elements>
                                        <DOMSymbolInstance libraryItemName="Symbol 2141" name="p4" centerPoint3DX="28.0" centerPoint3DY="-15.8">
                                             <matrix>
                                                  <Matrix tx="19.25" ty="-21.75" a="1.33465576171875" d="0.740966796875"/>
                                             </matrix>
                                             <transformationPoint>
                                                  <Point/>
                                             </transformationPoint>
                                        </DOMSymbolInstance>
                                   </elements>
                              </DOMFrame>
                              <DOMFrame index="5" duration="2" keyMode="9728">
                                   <elements>
                                        <DOMSymbolInstance libraryItemName="Symbol 2141" name="p4" centerPoint3DX="31.5" centerPoint3DY="-16.45">
                                             <matrix>
                                                  <Matrix tx="22.75" ty="-22.4" a="0.866668701171875" d="1.1800537109375"/>
                                             </matrix>
                                             <transformationPoint>
                                                  <Point/>
                                             </transformationPoint>
                                        </DOMSymbolInstance>
                                   </elements>
                              </DOMFrame>
                              <DOMFrame index="7" keyMode="9728">
                                   <elements>
                                        <DOMSymbolInstance libraryItemName="Symbol 2141" name="p4" centerPoint3DX="30.5" centerPoint3DY="-16.6">
                                             <matrix>
                                                  <Matrix tx="21.75" ty="-22.55"/>
                                             </matrix>
                                             <transformationPoint>
                                                  <Point/>
                                             </transformationPoint>
                                        </DOMSymbolInstance>
                                   </elements>
                              </DOMFrame>
                              <DOMFrame index="8" keyMode="9728">
                                   <elements>
                                        <DOMSymbolInstance libraryItemName="Symbol 2141" name="p4" centerPoint3DX="30.5" centerPoint3DY="-15.5">
                                             <matrix>
                                                  <Matrix tx="21.75" ty="-21.45"/>
                                             </matrix>
                                             <transformationPoint>
                                                  <Point/>
                                             </transformationPoint>
                                        </DOMSymbolInstance>
                                   </elements>
                              </DOMFrame>
                              <DOMFrame index="9" duration="2" keyMode="9728">
                                   <elements>
                                        <DOMSymbolInstance libraryItemName="Symbol 2141" name="p4" centerPoint3DX="31.55" centerPoint3DY="-14.5">
                                             <matrix>
                                                  <Matrix tx="22.8" ty="-20.45" a="0.8600006103515625" d="1.27960205078125"/>
                                             </matrix>
                                             <transformationPoint>
                                                  <Point/>
                                             </transformationPoint>
                                        </DOMSymbolInstance>
                                   </elements>
                              </DOMFrame>
                              <DOMFrame index="11" duration="2" keyMode="9728">
                                   <elements>
                                        <DOMSymbolInstance libraryItemName="Symbol 2141" name="p4" centerPoint3DX="31.55" centerPoint3DY="-13.9">
                                             <matrix>
                                                  <Matrix tx="22.8" ty="-19.85" a="0.8600006103515625" d="1.2052001953125"/>
                                             </matrix>
                                             <transformationPoint>
                                                  <Point/>
                                             </transformationPoint>
                                        </DOMSymbolInstance>
                                   </elements>
                              </DOMFrame>
                              <DOMFrame index="13" duration="2" keyMode="9728">
                                   <elements>
                                        <DOMSymbolInstance libraryItemName="Symbol 2141" name="p4" centerPoint3DX="33.15" centerPoint3DY="-1.2">
                                             <matrix>
                                                  <Matrix tx="24.4" ty="-7.15" a="0.5905303955078125" d="1.662353515625"/>
                                             </matrix>
                                             <transformationPoint>
                                                  <Point/>
                                             </transformationPoint>
                                        </DOMSymbolInstance>
                                   </elements>
                              </DOMFrame>
                              <DOMFrame index="15" duration="2" keyMode="9728">
                                   <elements>
                                        <DOMSymbolInstance libraryItemName="Symbol 2141" name="p4" centerPoint3DX="24.65" centerPoint3DY="23.9">
                                             <matrix>
                                                  <Matrix tx="15.9" ty="17.95" a="1.757659912109375" d="0.6305389404296875"/>
                                             </matrix>
                                             <transformationPoint>
                                                  <Point/>
                                             </transformationPoint>
                                        </DOMSymbolInstance>
                                   </elements>
                              </DOMFrame>
                              <DOMFrame index="17" duration="2" keyMode="9728">
                                   <elements>
                                        <DOMSymbolInstance libraryItemName="Symbol 2141" name="p4" centerPoint3DX="32.1" centerPoint3DY="22.5">
                                             <matrix>
                                                  <Matrix tx="23.35" ty="16.55" a="0.7332000732421875" d="1.265045166015625"/>
                                             </matrix>
                                             <transformationPoint>
                                                  <Point/>
                                             </transformationPoint>
                                        </DOMSymbolInstance>
                                   </elements>
                              </DOMFrame>
                              <DOMFrame index="19" duration="12" keyMode="9728">
                                   <elements>
                                        <DOMSymbolInstance libraryItemName="Symbol 2141" name="p4" centerPoint3DX="30.4" centerPoint3DY="22.8">
                                             <matrix>
                                                  <Matrix tx="21.65" ty="16.85" a="0.9099273681640625" d="1.1487274169921875"/>
                                             </matrix>
                                             <transformationPoint>
                                                  <Point/>
                                             </transformationPoint>
                                        </DOMSymbolInstance>
                                   </elements>
                              </DOMFrame>
                              <DOMFrame index="31" duration="2" keyMode="9728">
                                   <elements>
                                        <DOMSymbolInstance libraryItemName="Symbol 2141" name="p4" centerPoint3DX="30.2" centerPoint3DY="20.5">
                                             <matrix>
                                                  <Matrix tx="21.45" ty="14.55" a="0.7773590087890625" d="1.373199462890625"/>
                                             </matrix>
                                             <transformationPoint>
                                                  <Point/>
                                             </transformationPoint>
                                        </DOMSymbolInstance>
                                   </elements>
                              </DOMFrame>
                              <DOMFrame index="33" duration="8" keyMode="9728">
                                   <elements/>
                              </DOMFrame>
                         </frames>
                    </DOMLayer>
                    <DOMLayer name="Layer 2" color="#5e8aaf">
                         <frames>
                              <DOMFrame index="0" duration="2" keyMode="9728">
                                   <elements>
                                        <DOMSymbolInstance libraryItemName="Symbol 1637" name="p1" centerPoint3DX="23.1" centerPoint3DY="27.5">
                                             <matrix>
                                                  <Matrix tx="18.9" ty="23.25" a="0.904876708984375" d="0.904876708984375"/>
                                             </matrix>
                                             <transformationPoint>
                                                  <Point/>
                                             </transformationPoint>
                                        </DOMSymbolInstance>
                                   </elements>
                              </DOMFrame>
                              <DOMFrame index="2" duration="2" keyMode="9728">
                                   <elements>
                                        <DOMSymbolInstance libraryItemName="Symbol 1637" name="p1" centerPoint3DX="23.1" centerPoint3DY="28.25">
                                             <matrix>
                                                  <Matrix tx="18.9" ty="24.0" a="1.0008544921875" d="0.85467529296875"/>
                                             </matrix>
                                             <transformationPoint>
                                                  <Point/>
                                             </transformationPoint>
                                        </DOMSymbolInstance>
                                   </elements>
                              </DOMFrame>
                              <DOMFrame index="4" duration="2" keyMode="9728">
                                   <elements>
                                        <DOMSymbolInstance libraryItemName="Symbol 1637" name="p1" centerPoint3DX="24.45" centerPoint3DY="28.85">
                                             <matrix>
                                                  <Matrix tx="20.25" ty="24.6" a="0.8040008544921875" d="0.9776458740234375"/>
                                             </matrix>
                                             <transformationPoint>
                                                  <Point/>
                                             </transformationPoint>
                                        </DOMSymbolInstance>
                                   </elements>
                              </DOMFrame>
                              <DOMFrame index="6" duration="5" keyMode="9728">
                                   <elements>
                                        <DOMSymbolInstance libraryItemName="Symbol 1637" name="p1" centerPoint3DX="24.5" centerPoint3DY="29.65">
                                             <matrix>
                                                  <Matrix tx="20.3" ty="25.4" a="0.82415771484375" d="0.9189605712890625"/>
                                             </matrix>
                                             <transformationPoint>
                                                  <Point/>
                                             </transformationPoint>
                                        </DOMSymbolInstance>
                                   </elements>
                              </DOMFrame>
                              <DOMFrame index="11" duration="2" keyMode="9728">
                                   <elements>
                                        <DOMSymbolInstance libraryItemName="Symbol 1637" name="p1" centerPoint3DX="24.35" centerPoint3DY="30.0">
                                             <matrix>
                                                  <Matrix tx="20.15" ty="25.75" a="0.8751983642578125" d="0.89666748046875"/>
                                             </matrix>
                                             <transformationPoint>
                                                  <Point/>
                                             </transformationPoint>
                                        </DOMSymbolInstance>
                                   </elements>
                              </DOMFrame>
                              <DOMFrame index="13" duration="2" keyMode="9728">
                                   <elements>
                                        <DOMSymbolInstance libraryItemName="Symbol 1637" name="p1" centerPoint3DX="26.95" centerPoint3DY="22.1">
                                             <matrix>
                                                  <Matrix tx="22.75" ty="17.85" a="1.247222900390625" d="0.9415283203125"/>
                                             </matrix>
                                             <transformationPoint>
                                                  <Point/>
                                             </transformationPoint>
                                        </DOMSymbolInstance>
                                   </elements>
                              </DOMFrame>
                              <DOMFrame index="15" duration="2" keyMode="9728">
                                   <elements>
                                        <DOMSymbolInstance libraryItemName="Symbol 1637" name="p1" centerPoint3DX="26.9" centerPoint3DY="22.6">
                                             <matrix>
                                                  <Matrix tx="22.7" ty="18.35" a="1.293731689453125" d="0.9189605712890625"/>
                                             </matrix>
                                             <transformationPoint>
                                                  <Point/>
                                             </transformationPoint>
                                        </DOMSymbolInstance>
                                   </elements>
                              </DOMFrame>
                              <DOMFrame index="17" duration="2" keyMode="9728">
                                   <elements>
                                        <DOMSymbolInstance libraryItemName="Symbol 1637" name="p1" centerPoint3DX="27.0" centerPoint3DY="26.45">
                                             <matrix>
                                                  <Matrix tx="22.8" ty="22.2" a="1.349151611328125" d="0.896392822265625"/>
                                             </matrix>
                                             <transformationPoint>
                                                  <Point/>
                                             </transformationPoint>
                                        </DOMSymbolInstance>
                                   </elements>
                              </DOMFrame>
                              <DOMFrame index="19" duration="12" keyMode="9728">
                                   <elements>
                                        <DOMSymbolInstance libraryItemName="Symbol 1637" name="p1" centerPoint3DX="26.9" centerPoint3DY="26.05">
                                             <matrix>
                                                  <Matrix tx="22.7" ty="21.8" a="1.293731689453125" d="0.9189605712890625"/>
                                             </matrix>
                                             <transformationPoint>
                                                  <Point/>
                                             </transformationPoint>
                                        </DOMSymbolInstance>
                                   </elements>
                              </DOMFrame>
                              <DOMFrame index="31" duration="2" keyMode="9728">
                                   <elements>
                                        <DOMSymbolInstance libraryItemName="Symbol 1637" name="p1" centerPoint3DX="26.55" centerPoint3DY="24.5">
                                             <matrix>
                                                  <Matrix tx="22.35" ty="20.25" a="1.1204071044921875" d="1.0068206787109375"/>
                                             </matrix>
                                             <transformationPoint>
                                                  <Point/>
                                             </transformationPoint>
                                        </DOMSymbolInstance>
                                   </elements>
                              </DOMFrame>
                              <DOMFrame index="33" duration="2" keyMode="9728">
                                   <elements>
                                        <DOMSymbolInstance libraryItemName="Symbol 1637" name="p1" centerPoint3DX="22.55" centerPoint3DY="28.95">
                                             <matrix>
                                                  <Matrix tx="18.35" ty="24.7" a="1.0259857177734375" d="0.8093719482421875"/>
                                             </matrix>
                                             <transformationPoint>
                                                  <Point/>
                                             </transformationPoint>
                                        </DOMSymbolInstance>
                                   </elements>
                              </DOMFrame>
                              <DOMFrame index="35" duration="2" keyMode="9728">
                                   <elements>
                                        <DOMSymbolInstance libraryItemName="Symbol 1637" name="p1" centerPoint3DX="23.3" centerPoint3DY="26.6">
                                             <matrix>
                                                  <Matrix tx="19.1" ty="22.35" a="0.795196533203125" d="0.964874267578125"/>
                                             </matrix>
                                             <transformationPoint>
                                                  <Point/>
                                             </transformationPoint>
                                        </DOMSymbolInstance>
                                   </elements>
                              </DOMFrame>
                              <DOMFrame index="37" duration="3" keyMode="9728">
                                   <elements>
                                        <DOMSymbolInstance libraryItemName="Symbol 1637" name="p1" centerPoint3DX="23.1" centerPoint3DY="27.5">
                                             <matrix>
                                                  <Matrix tx="18.9" ty="23.25" a="0.904876708984375" d="0.904876708984375"/>
                                             </matrix>
                                             <transformationPoint>
                                                  <Point/>
                                             </transformationPoint>
                                        </DOMSymbolInstance>
                                   </elements>
                              </DOMFrame>
                              <DOMFrame index="40" keyMode="9728">
                                   <elements/>
                              </DOMFrame>
                         </frames>
                    </DOMLayer>
                    <DOMLayer name="Layer 3" color="#8b58c2">
                         <frames>
                              <DOMFrame index="0" duration="2" keyMode="9728">
                                   <elements>
                                        <DOMSymbolInstance libraryItemName="Symbol 1637" name="p3" centerPoint3DX="4.2" centerPoint3DY="27.1">
                                             <matrix>
                                                  <Matrix tx="0.0" ty="22.85" a="0.904876708984375" d="0.904876708984375"/>
                                             </matrix>
                                             <transformationPoint>
                                                  <Point/>
                                             </transformationPoint>
                                        </DOMSymbolInstance>
                                   </elements>
                              </DOMFrame>
                              <DOMFrame index="2" duration="2" keyMode="9728">
                                   <elements>
                                        <DOMSymbolInstance libraryItemName="Symbol 1637" name="p3" centerPoint3DX="2.2" centerPoint3DY="27.9">
                                             <matrix>
                                                  <Matrix tx="-2.0" ty="23.65" a="1.0008544921875" d="0.85467529296875"/>
                                             </matrix>
                                             <transformationPoint>
                                                  <Point/>
                                             </transformationPoint>
                                        </DOMSymbolInstance>
                                   </elements>
                              </DOMFrame>
                              <DOMFrame index="4" duration="2" keyMode="9728">
                                   <elements>
                                        <DOMSymbolInstance libraryItemName="Symbol 1637" name="p3" centerPoint3DX="7.6" centerPoint3DY="28.45">
                                             <matrix>
                                                  <Matrix tx="3.4" ty="24.2" a="0.8040008544921875" d="0.9776458740234375"/>
                                             </matrix>
                                             <transformationPoint>
                                                  <Point/>
                                             </transformationPoint>
                                        </DOMSymbolInstance>
                                   </elements>
                              </DOMFrame>
                              <DOMFrame index="6" duration="5" keyMode="9728">
                                   <elements>
                                        <DOMSymbolInstance libraryItemName="Symbol 1637" name="p3" centerPoint3DX="7.25" centerPoint3DY="29.3">
                                             <matrix>
                                                  <Matrix tx="3.05" ty="25.05" a="0.82415771484375" d="0.9189605712890625"/>
                                             </matrix>
                                             <transformationPoint>
                                                  <Point/>
                                             </transformationPoint>
                                        </DOMSymbolInstance>
                                   </elements>
                              </DOMFrame>
                              <DOMFrame index="11" duration="2" keyMode="9728">
                                   <elements>
                                        <DOMSymbolInstance libraryItemName="Symbol 1637" name="p3" centerPoint3DX="6.0" centerPoint3DY="29.65">
                                             <matrix>
                                                  <Matrix tx="1.8" ty="25.4" a="0.8751983642578125" d="0.89666748046875"/>
                                             </matrix>
                                             <transformationPoint>
                                                  <Point/>
                                             </transformationPoint>
                                        </DOMSymbolInstance>
                                   </elements>
                              </DOMFrame>
                              <DOMFrame index="13" duration="2" keyMode="9728">
                                   <elements>
                                        <DOMSymbolInstance libraryItemName="Symbol 1637" name="p3" centerPoint3DX="8.5" centerPoint3DY="34.4">
                                             <matrix>
                                                  <Matrix tx="4.3" ty="30.15" a="0.860015869140625" d="0.82470703125"/>
                                             </matrix>
                                             <transformationPoint>
                                                  <Point/>
                                             </transformationPoint>
                                        </DOMSymbolInstance>
                                   </elements>
                              </DOMFrame>
                              <DOMFrame index="15" duration="2" keyMode="9728">
                                   <elements>
                                        <DOMSymbolInstance libraryItemName="Symbol 1637" name="p3" centerPoint3DX="7.8" centerPoint3DY="34.6">
                                             <matrix>
                                                  <Matrix tx="3.6" ty="30.35" a="0.8920745849609375" d="0.8049468994140625"/>
                                             </matrix>
                                             <transformationPoint>
                                                  <Point/>
                                             </transformationPoint>
                                        </DOMSymbolInstance>
                                   </elements>
                              </DOMFrame>
                              <DOMFrame index="17" duration="2" keyMode="9728">
                                   <elements>
                                        <DOMSymbolInstance libraryItemName="Symbol 1637" name="p3" centerPoint3DX="7.1" centerPoint3DY="34.8">
                                             <matrix>
                                                  <Matrix tx="2.9" ty="30.55" a="0.9302978515625" d="0.785186767578125"/>
                                             </matrix>
                                             <transformationPoint>
                                                  <Point/>
                                             </transformationPoint>
                                        </DOMSymbolInstance>
                                   </elements>
                              </DOMFrame>
                              <DOMFrame index="19" duration="12" keyMode="9728">
                                   <elements>
                                        <DOMSymbolInstance libraryItemName="Symbol 1637" name="p3" centerPoint3DX="7.8" centerPoint3DY="34.6">
                                             <matrix>
                                                  <Matrix tx="3.6" ty="30.35" a="0.8920745849609375" d="0.8049468994140625"/>
                                             </matrix>
                                             <transformationPoint>
                                                  <Point/>
                                             </transformationPoint>
                                        </DOMSymbolInstance>
                                   </elements>
                              </DOMFrame>
                              <DOMFrame index="31" duration="2" keyMode="9728">
                                   <elements>
                                        <DOMSymbolInstance libraryItemName="Symbol 1637" name="p3" centerPoint3DX="10.0" centerPoint3DY="33.85">
                                             <matrix>
                                                  <Matrix tx="5.8" ty="29.6" a="0.7725677490234375" d="0.8819122314453125"/>
                                             </matrix>
                                             <transformationPoint>
                                                  <Point/>
                                             </transformationPoint>
                                        </DOMSymbolInstance>
                                   </elements>
                              </DOMFrame>
                              <DOMFrame index="33" duration="2" keyMode="9728">
                                   <elements>
                                        <DOMSymbolInstance libraryItemName="Symbol 1637" name="p3" centerPoint3DX="1.1" centerPoint3DY="28.6">
                                             <matrix>
                                                  <Matrix tx="-3.1" ty="24.35" a="1.0259857177734375" d="0.8093719482421875"/>
                                             </matrix>
                                             <transformationPoint>
                                                  <Point/>
                                             </transformationPoint>
                                        </DOMSymbolInstance>
                                   </elements>
                              </DOMFrame>
                              <DOMFrame index="35" duration="2" keyMode="9728">
                                   <elements>
                                        <DOMSymbolInstance libraryItemName="Symbol 1637" name="p3" centerPoint3DX="6.65" centerPoint3DY="26.15">
                                             <matrix>
                                                  <Matrix tx="2.45" ty="21.9" a="0.795196533203125" d="0.964874267578125"/>
                                             </matrix>
                                             <transformationPoint>
                                                  <Point/>
                                             </transformationPoint>
                                        </DOMSymbolInstance>
                                   </elements>
                              </DOMFrame>
                              <DOMFrame index="37" duration="3" keyMode="9728">
                                   <elements>
                                        <DOMSymbolInstance libraryItemName="Symbol 1637" name="p3" centerPoint3DX="4.2" centerPoint3DY="27.1">
                                             <matrix>
                                                  <Matrix tx="0.0" ty="22.85" a="0.904876708984375" d="0.904876708984375"/>
                                             </matrix>
                                             <transformationPoint>
                                                  <Point/>
                                             </transformationPoint>
                                        </DOMSymbolInstance>
                                   </elements>
                              </DOMFrame>
                              <DOMFrame index="40" keyMode="9728">
                                   <elements/>
                              </DOMFrame>
                         </frames>
                    </DOMLayer>
                    <DOMLayer name="Layer 4" color="#9488a1">
                         <frames>
                              <DOMFrame index="0" duration="2" keyMode="9728">
                                   <elements>
                                        <DOMSymbolInstance libraryItemName="Symbol 2137" name="p2" centerPoint3DX="14.75" centerPoint3DY="27.3">
                                             <matrix>
                                                  <Matrix tx="2.65" ty="16.35" a="0.904876708984375" d="0.904876708984375"/>
                                             </matrix>
                                             <transformationPoint>
                                                  <Point/>
                                             </transformationPoint>
                                        </DOMSymbolInstance>
                                   </elements>
                              </DOMFrame>
                              <DOMFrame index="2" duration="2" keyMode="9728">
                                   <elements>
                                        <DOMSymbolInstance libraryItemName="Symbol 2137" name="p2" centerPoint3DX="13.05" centerPoint3DY="28.45">
                                             <matrix>
                                                  <Matrix tx="0.95" ty="17.5" a="1.0008544921875" d="0.85467529296875"/>
                                             </matrix>
                                             <transformationPoint>
                                                  <Point/>
                                             </transformationPoint>
                                        </DOMSymbolInstance>
                                   </elements>
                              </DOMFrame>
                              <DOMFrame index="4" duration="2" keyMode="9728">
                                   <elements>
                                        <DOMSymbolInstance libraryItemName="Symbol 2137" name="p2" centerPoint3DX="17.9" centerPoint3DY="28.1">
                                             <matrix>
                                                  <Matrix tx="5.8" ty="17.15" a="0.8040008544921875" d="0.9776458740234375"/>
                                             </matrix>
                                             <transformationPoint>
                                                  <Point/>
                                             </transformationPoint>
                                        </DOMSymbolInstance>
                                   </elements>
                              </DOMFrame>
                              <DOMFrame index="6" duration="5" keyMode="9728">
                                   <elements>
                                        <DOMSymbolInstance libraryItemName="Symbol 2137" name="p2" centerPoint3DX="17.6" centerPoint3DY="29.35">
                                             <matrix>
                                                  <Matrix tx="5.5" ty="18.4" a="0.82415771484375" d="0.9189605712890625"/>
                                             </matrix>
                                             <transformationPoint>
                                                  <Point/>
                                             </transformationPoint>
                                        </DOMSymbolInstance>
                                   </elements>
                              </DOMFrame>
                              <DOMFrame index="11" duration="2" keyMode="9728">
                                   <elements>
                                        <DOMSymbolInstance libraryItemName="Symbol 2137" name="p2" centerPoint3DX="16.5" centerPoint3DY="29.85">
                                             <matrix>
                                                  <Matrix tx="4.4" ty="18.9" a="0.8751983642578125" d="0.89666748046875"/>
                                             </matrix>
                                             <transformationPoint>
                                                  <Point/>
                                             </transformationPoint>
                                        </DOMSymbolInstance>
                                   </elements>
                              </DOMFrame>
                              <DOMFrame index="13" duration="2" keyMode="9728">
                                   <elements>
                                        <DOMSymbolInstance libraryItemName="Symbol 2137" name="p2" centerPoint3DX="14.5" centerPoint3DY="30.95">
                                             <matrix>
                                                  <Matrix tx="2.4" ty="20.0" a="0.860015869140625" d="0.82470703125"/>
                                             </matrix>
                                             <transformationPoint>
                                                  <Point/>
                                             </transformationPoint>
                                        </DOMSymbolInstance>
                                   </elements>
                              </DOMFrame>
                              <DOMFrame index="15" duration="2" keyMode="9728">
                                   <elements>
                                        <DOMSymbolInstance libraryItemName="Symbol 2137" name="p2" centerPoint3DX="13.7" centerPoint3DY="31.4">
                                             <matrix>
                                                  <Matrix tx="1.6" ty="20.45" a="0.8920745849609375" d="0.8049468994140625"/>
                                             </matrix>
                                             <transformationPoint>
                                                  <Point/>
                                             </transformationPoint>
                                        </DOMSymbolInstance>
                                   </elements>
                              </DOMFrame>
                              <DOMFrame index="17" duration="2" keyMode="9728">
                                   <elements>
                                        <DOMSymbolInstance libraryItemName="Symbol 2137" name="p2" centerPoint3DX="12.95" centerPoint3DY="31.85">
                                             <matrix>
                                                  <Matrix tx="0.85" ty="20.9" a="0.9302978515625" d="0.785186767578125"/>
                                             </matrix>
                                             <transformationPoint>
                                                  <Point/>
                                             </transformationPoint>
                                        </DOMSymbolInstance>
                                   </elements>
                              </DOMFrame>
                              <DOMFrame index="19" duration="12" keyMode="9728">
                                   <elements>
                                        <DOMSymbolInstance libraryItemName="Symbol 2137" name="p2" centerPoint3DX="13.7" centerPoint3DY="31.4">
                                             <matrix>
                                                  <Matrix tx="1.6" ty="20.45" a="0.8920745849609375" d="0.8049468994140625"/>
                                             </matrix>
                                             <transformationPoint>
                                                  <Point/>
                                             </transformationPoint>
                                        </DOMSymbolInstance>
                                   </elements>
                              </DOMFrame>
                              <DOMFrame index="31" duration="2" keyMode="9728">
                                   <elements>
                                        <DOMSymbolInstance libraryItemName="Symbol 2137" name="p2" centerPoint3DX="16.2" centerPoint3DY="29.7">
                                             <matrix>
                                                  <Matrix tx="4.1" ty="18.75" a="0.7725677490234375" d="0.8819122314453125"/>
                                             </matrix>
                                             <transformationPoint>
                                                  <Point/>
                                             </transformationPoint>
                                        </DOMSymbolInstance>
                                   </elements>
                              </DOMFrame>
                              <DOMFrame index="33" duration="2" keyMode="9728">
                                   <elements>
                                        <DOMSymbolInstance libraryItemName="Symbol 2137" name="p2" centerPoint3DX="12.0" centerPoint3DY="29.45">
                                             <matrix>
                                                  <Matrix tx="-0.1" ty="18.5" a="1.0259857177734375" d="0.8093719482421875"/>
                                             </matrix>
                                             <transformationPoint>
                                                  <Point/>
                                             </transformationPoint>
                                        </DOMSymbolInstance>
                                   </elements>
                              </DOMFrame>
                              <DOMFrame index="35" duration="2" keyMode="9728">
                                   <elements>
                                        <DOMSymbolInstance libraryItemName="Symbol 2137" name="p2" centerPoint3DX="16.9" centerPoint3DY="25.95">
                                             <matrix>
                                                  <Matrix tx="4.8" ty="15.0" a="0.795196533203125" d="0.964874267578125"/>
                                             </matrix>
                                             <transformationPoint>
                                                  <Point/>
                                             </transformationPoint>
                                        </DOMSymbolInstance>
                                   </elements>
                              </DOMFrame>
                              <DOMFrame index="37" duration="3" keyMode="9728">
                                   <elements>
                                        <DOMSymbolInstance libraryItemName="Symbol 2137" name="p2" centerPoint3DX="14.75" centerPoint3DY="27.3">
                                             <matrix>
                                                  <Matrix tx="2.65" ty="16.35" a="0.904876708984375" d="0.904876708984375"/>
                                             </matrix>
                                             <transformationPoint>
                                                  <Point/>
                                             </transformationPoint>
                                        </DOMSymbolInstance>
                                   </elements>
                              </DOMFrame>
                              <DOMFrame index="40" keyMode="9728">
                                   <elements/>
                              </DOMFrame>
                         </frames>
                    </DOMLayer>
                    <DOMLayer name="Layer 5" color="#f7fda9">
                         <frames>
                              <DOMFrame index="0" duration="2" keyMode="9728">
                                   <elements>
                                        <DOMSymbolInstance libraryItemName="Symbol 1634" name="p0" centerPoint3DX="26.05" centerPoint3DY="19.7">
                                             <matrix>
                                                  <Matrix tx="9.25" ty="0.0" a="0.904876708984375" d="0.904876708984375"/>
                                             </matrix>
                                             <transformationPoint>
                                                  <Point/>
                                             </transformationPoint>
                                        </DOMSymbolInstance>
                                   </elements>
                              </DOMFrame>
                              <DOMFrame index="2" duration="2" keyMode="9728">
                                   <elements>
                                        <DOMSymbolInstance libraryItemName="Symbol 1634" name="p0" centerPoint3DX="25.0" centerPoint3DY="21.75">
                                             <matrix>
                                                  <Matrix tx="8.2" ty="2.05" a="1.0008544921875" d="0.85467529296875"/>
                                             </matrix>
                                             <transformationPoint>
                                                  <Point/>
                                             </transformationPoint>
                                        </DOMSymbolInstance>
                                   </elements>
                              </DOMFrame>
                              <DOMFrame index="4" duration="2" keyMode="9728">
                                   <elements>
                                        <DOMSymbolInstance libraryItemName="Symbol 2144" name="p0" centerPoint3DX="27.1" centerPoint3DY="17.0">
                                             <matrix>
                                                  <Matrix tx="10.35" ty="-3.1" a="0.8040008544921875" d="0.9776458740234375"/>
                                             </matrix>
                                             <transformationPoint>
                                                  <Point/>
                                             </transformationPoint>
                                        </DOMSymbolInstance>
                                   </elements>
                              </DOMFrame>
                              <DOMFrame index="6" duration="5" keyMode="9728">
                                   <elements>
                                        <DOMSymbolInstance libraryItemName="Symbol 2144" name="p0" centerPoint3DX="26.9" centerPoint3DY="19.5">
                                             <matrix>
                                                  <Matrix tx="10.15" ty="-0.6" a="0.82415771484375" d="0.9189605712890625"/>
                                             </matrix>
                                             <transformationPoint>
                                                  <Point/>
                                             </transformationPoint>
                                        </DOMSymbolInstance>
                                   </elements>
                              </DOMFrame>
                              <DOMFrame index="11" duration="2" keyMode="9728">
                                   <elements>
                                        <DOMSymbolInstance libraryItemName="Symbol 2144" name="p0" centerPoint3DX="26.05" centerPoint3DY="20.45">
                                             <matrix>
                                                  <Matrix tx="9.3" ty="0.35" a="0.8751983642578125" d="0.89666748046875"/>
                                             </matrix>
                                             <transformationPoint>
                                                  <Point/>
                                             </transformationPoint>
                                        </DOMSymbolInstance>
                                   </elements>
                              </DOMFrame>
                              <DOMFrame index="13" duration="2" keyMode="9728">
                                   <elements>
                                        <DOMSymbolInstance libraryItemName="Symbol 2144" name="p0" centerPoint3DX="27.4" centerPoint3DY="18.55">
                                             <matrix>
                                                  <Matrix tx="10.65" ty="-1.55" a="0.794525146484375" d="0.9415283203125"/>
                                             </matrix>
                                             <transformationPoint>
                                                  <Point/>
                                             </transformationPoint>
                                        </DOMSymbolInstance>
                                   </elements>
                              </DOMFrame>
                              <DOMFrame index="15" duration="2" keyMode="9728">
                                   <elements>
                                        <DOMSymbolInstance libraryItemName="Symbol 2144" name="p0" centerPoint3DX="26.9" centerPoint3DY="19.5">
                                             <matrix>
                                                  <Matrix tx="10.15" ty="-0.6" a="0.82415771484375" d="0.9189605712890625"/>
                                             </matrix>
                                             <transformationPoint>
                                                  <Point/>
                                             </transformationPoint>
                                        </DOMSymbolInstance>
                                   </elements>
                              </DOMFrame>
                              <DOMFrame index="17" duration="2" keyMode="9728">
                                   <elements>
                                        <DOMSymbolInstance libraryItemName="Symbol 1644" name="p0" centerPoint3DX="26.45" centerPoint3DY="19.65">
                                             <matrix>
                                                  <Matrix tx="9.7" ty="0.35" a="0.8594512939453125" d="0.896392822265625"/>
                                             </matrix>
                                             <transformationPoint>
                                                  <Point/>
                                             </transformationPoint>
                                        </DOMSymbolInstance>
                                   </elements>
                              </DOMFrame>
                              <DOMFrame index="19" duration="12" keyMode="9728">
                                   <elements>
                                        <DOMSymbolInstance libraryItemName="Symbol 1644" name="p0" centerPoint3DX="26.9" centerPoint3DY="18.7">
                                             <matrix>
                                                  <Matrix tx="10.15" ty="-0.6" a="0.82415771484375" d="0.9189605712890625"/>
                                             </matrix>
                                             <transformationPoint>
                                                  <Point/>
                                             </transformationPoint>
                                        </DOMSymbolInstance>
                                   </elements>
                              </DOMFrame>
                              <DOMFrame index="31" duration="2" keyMode="9728">
                                   <elements>
                                        <DOMSymbolInstance libraryItemName="Symbol 1644" name="p0" centerPoint3DX="28.25" centerPoint3DY="15.0">
                                             <matrix>
                                                  <Matrix tx="11.5" ty="-4.3" a="0.7137451171875" d="1.0068206787109375"/>
                                             </matrix>
                                             <transformationPoint>
                                                  <Point/>
                                             </transformationPoint>
                                        </DOMSymbolInstance>
                                   </elements>
                              </DOMFrame>
                              <DOMFrame index="33" duration="2" keyMode="9728">
                                   <elements>
                                        <DOMSymbolInstance libraryItemName="Symbol 1634" name="p0" centerPoint3DX="24.15" centerPoint3DY="23.6">
                                             <matrix>
                                                  <Matrix tx="7.35" ty="3.9" a="1.0259857177734375" d="0.8093719482421875"/>
                                             </matrix>
                                             <transformationPoint>
                                                  <Point/>
                                             </transformationPoint>
                                        </DOMSymbolInstance>
                                   </elements>
                              </DOMFrame>
                              <DOMFrame index="35" duration="2" keyMode="9728">
                                   <elements>
                                        <DOMSymbolInstance libraryItemName="Symbol 1634" name="p0" centerPoint3DX="27.4" centerPoint3DY="17.25">
                                             <matrix>
                                                  <Matrix tx="10.6" ty="-2.45" a="0.795196533203125" d="0.964874267578125"/>
                                             </matrix>
                                             <transformationPoint>
                                                  <Point/>
                                             </transformationPoint>
                                        </DOMSymbolInstance>
                                   </elements>
                              </DOMFrame>
                              <DOMFrame index="37" duration="3" keyMode="9728">
                                   <elements>
                                        <DOMSymbolInstance libraryItemName="Symbol 1634" name="p0" centerPoint3DX="26.05" centerPoint3DY="19.7">
                                             <matrix>
                                                  <Matrix tx="9.25" ty="0.0" a="0.904876708984375" d="0.904876708984375"/>
                                             </matrix>
                                             <transformationPoint>
                                                  <Point/>
                                             </transformationPoint>
                                        </DOMSymbolInstance>
                                   </elements>
                              </DOMFrame>
                              <DOMFrame index="40" keyMode="9728">
                                   <elements/>
                              </DOMFrame>
                         </frames>
                    </DOMLayer>
                    <DOMLayer name="Layer 6" color="#408db9" current="true" isSelected="true">
                         <frames>
                              <DOMFrame index="0" duration="2" keyMode="9728">
                                   <elements>
                                        <DOMSymbolInstance libraryItemName="Symbol 336" centerPoint3DX="33.25" centerPoint3DY="36.05">
                                             <matrix>
                                                  <Matrix tx="24.95" ty="32.75" a="1.74249267578125" d="1.23529052734375"/>
                                             </matrix>
                                             <transformationPoint>
                                                  <Point/>
                                             </transformationPoint>
                                        </DOMSymbolInstance>
                                   </elements>
                              </DOMFrame>
                              <DOMFrame index="2" duration="2" keyMode="9728">
                                   <elements>
                                        <DOMSymbolInstance libraryItemName="Symbol 336" centerPoint3DX="33.9" centerPoint3DY="36.3">
                                             <matrix>
                                                  <Matrix tx="25.6" ty="33.0" a="1.92730712890625" d="1.166748046875"/>
                                             </matrix>
                                             <transformationPoint>
                                                  <Point/>
                                             </transformationPoint>
                                        </DOMSymbolInstance>
                                   </elements>
                              </DOMFrame>
                              <DOMFrame index="4" duration="2" keyMode="9728">
                                   <elements>
                                        <DOMSymbolInstance libraryItemName="Symbol 336" centerPoint3DX="32.55" centerPoint3DY="35.6">
                                             <matrix>
                                                  <Matrix tx="24.25" ty="32.3" a="1.548248291015625" d="1.334625244140625"/>
                                             </matrix>
                                             <transformationPoint>
                                                  <Point/>
                                             </transformationPoint>
                                        </DOMSymbolInstance>
                                   </elements>
                              </DOMFrame>
                              <DOMFrame index="6" duration="5" keyMode="9728">
                                   <elements>
                                        <DOMSymbolInstance libraryItemName="Symbol 336" centerPoint3DX="32.7" centerPoint3DY="35.95">
                                             <matrix>
                                                  <Matrix tx="24.4" ty="32.65" a="1.5870819091796875" d="1.2545166015625"/>
                                             </matrix>
                                             <transformationPoint>
                                                  <Point/>
                                             </transformationPoint>
                                        </DOMSymbolInstance>
                                   </elements>
                              </DOMFrame>
                              <DOMFrame index="11" duration="2" keyMode="9728">
                                   <elements>
                                        <DOMSymbolInstance libraryItemName="Symbol 336" centerPoint3DX="32.8" centerPoint3DY="36.1">
                                             <matrix>
                                                  <Matrix tx="24.5" ty="32.8" a="1.685333251953125" d="1.22406005859375"/>
                                             </matrix>
                                             <transformationPoint>
                                                  <Point/>
                                             </transformationPoint>
                                        </DOMSymbolInstance>
                                   </elements>
                              </DOMFrame>
                              <DOMFrame index="13" duration="2" keyMode="9728">
                                   <elements>
                                        <DOMSymbolInstance libraryItemName="Symbol 336" centerPoint3DX="32.65" centerPoint3DY="35.8">
                                             <matrix>
                                                  <Matrix tx="24.35" ty="32.5" a="1.530029296875" d="1.2853240966796875"/>
                                             </matrix>
                                             <transformationPoint>
                                                  <Point/>
                                             </transformationPoint>
                                        </DOMSymbolInstance>
                                   </elements>
                              </DOMFrame>
                              <DOMFrame index="15" duration="2" keyMode="9728">
                                   <elements>
                                        <DOMSymbolInstance libraryItemName="Symbol 336" centerPoint3DX="32.7" centerPoint3DY="35.95">
                                             <matrix>
                                                  <Matrix tx="24.4" ty="32.65" a="1.5870819091796875" d="1.2545166015625"/>
                                             </matrix>
                                             <transformationPoint>
                                                  <Point/>
                                             </transformationPoint>
                                        </DOMSymbolInstance>
                                   </elements>
                              </DOMFrame>
                              <DOMFrame index="17" duration="2" keyMode="9728">
                                   <elements>
                                        <DOMSymbolInstance libraryItemName="Symbol 336" centerPoint3DX="32.9" centerPoint3DY="36.1">
                                             <matrix>
                                                  <Matrix tx="24.6" ty="32.8" a="1.655059814453125" d="1.22369384765625"/>
                                             </matrix>
                                             <transformationPoint>
                                                  <Point/>
                                             </transformationPoint>
                                        </DOMSymbolInstance>
                                   </elements>
                              </DOMFrame>
                              <DOMFrame index="19" duration="12" keyMode="9728">
                                   <elements>
                                        <DOMSymbolInstance libraryItemName="Symbol 336" centerPoint3DX="32.7" centerPoint3DY="35.95">
                                             <matrix>
                                                  <Matrix tx="24.4" ty="32.65" a="1.5870819091796875" d="1.2545166015625"/>
                                             </matrix>
                                             <transformationPoint>
                                                  <Point/>
                                             </transformationPoint>
                                        </DOMSymbolInstance>
                                   </elements>
                              </DOMFrame>
                              <DOMFrame index="31" duration="2" keyMode="9728">
                                   <elements>
                                        <DOMSymbolInstance libraryItemName="Symbol 336" centerPoint3DX="32.1" centerPoint3DY="35.4">
                                             <matrix>
                                                  <Matrix tx="23.8" ty="32.1" a="1.37445068359375" d="1.37445068359375"/>
                                             </matrix>
                                             <transformationPoint>
                                                  <Point/>
                                             </transformationPoint>
                                        </DOMSymbolInstance>
                                   </elements>
                              </DOMFrame>
                              <DOMFrame index="33" duration="2" keyMode="9728">
                                   <elements>
                                        <DOMSymbolInstance libraryItemName="Symbol 336" centerPoint3DX="33.5" centerPoint3DY="36.5">
                                             <matrix>
                                                  <Matrix tx="25.2" ty="33.2" a="1.9756927490234375" d="1.1049041748046875"/>
                                             </matrix>
                                             <transformationPoint>
                                                  <Point/>
                                             </transformationPoint>
                                        </DOMSymbolInstance>
                                   </elements>
                              </DOMFrame>
                              <DOMFrame index="35" duration="2" keyMode="9728">
                                   <elements>
                                        <DOMSymbolInstance libraryItemName="Symbol 336" centerPoint3DX="32.65" centerPoint3DY="35.75">
                                             <matrix>
                                                  <Matrix tx="24.35" ty="32.45" a="1.5312957763671875" d="1.3171844482421875"/>
                                             </matrix>
                                             <transformationPoint>
                                                  <Point/>
                                             </transformationPoint>
                                        </DOMSymbolInstance>
                                   </elements>
                              </DOMFrame>
                              <DOMFrame index="37" duration="3" keyMode="9728">
                                   <elements>
                                        <DOMSymbolInstance libraryItemName="Symbol 336" centerPoint3DX="33.25" centerPoint3DY="36.05">
                                             <matrix>
                                                  <Matrix tx="24.95" ty="32.75" a="1.74249267578125" d="1.23529052734375"/>
                                             </matrix>
                                             <transformationPoint>
                                                  <Point/>
                                             </transformationPoint>
                                        </DOMSymbolInstance>
                                   </elements>
                              </DOMFrame>
                              <DOMFrame index="40" keyMode="9728">
                                   <elements/>
                              </DOMFrame>
                         </frames>
                    </DOMLayer>
               </layers>
          </DOMTimeline>
     </timeline>
</DOMSymbolItem>
