<DOMSymbolItem xmlns="http://ns.adobe.com/xfl/2008/" xmlns:xsi="http://www.w3.org/2001/XMLSchema-instance" name="Symbol 2158" lastModified="1681431985">
     <timeline>
          <DOMTimeline name="Symbol 2158">
               <layers>
                    <DOMLayer name="Script Layer" color="#a293ef">
                         <frames>
                              <DOMFrame index="0" keyMode="9728">
                                   <Actionscript>
                                        <script>stop();
</script>
                                   </Actionscript>
                                   <elements/>
                              </DOMFrame>
                         </frames>
                    </DOMLayer>
                    <DOMLayer name="Layer 2" color="#78a0c2">
                         <frames>
                              <DOMFrame index="0" duration="40" keyMode="9728">
                                   <elements/>
                              </DOMFrame>
                              <DOMFrame index="40" keyMode="9728">
                                   <elements>
                                        <DOMSymbolInstance libraryItemName="Symbol 2151" centerPoint3DX="58.8" centerPoint3DY="47.1">
                                             <matrix>
                                                  <Matrix tx="38.45" ty="29.15" a="0.7889404296875" d="0.8018951416015625"/>
                                             </matrix>
                                             <transformationPoint>
                                                  <Point/>
                                             </transformationPoint>
                                        </DOMSymbolInstance>
                                   </elements>
                              </DOMFrame>
                              <DOMFrame index="41" duration="4" keyMode="9728">
                                   <elements/>
                              </DOMFrame>
                         </frames>
                    </DOMLayer>
                    <DOMLayer name="Layer 3" color="#f9f958">
                         <frames>
                              <DOMFrame index="0" duration="40" keyMode="9728">
                                   <elements/>
                              </DOMFrame>
                              <DOMFrame index="40" keyMode="9728">
                                   <elements>
                                        <DOMSymbolInstance libraryItemName="Symbol 2151" centerPoint3DX="24.65" centerPoint3DY="46.45">
                                             <matrix>
                                                  <Matrix tx="4.3" ty="28.5" a="0.7889404296875" d="0.8018951416015625"/>
                                             </matrix>
                                             <transformationPoint>
                                                  <Point/>
                                             </transformationPoint>
                                        </DOMSymbolInstance>
                                   </elements>
                              </DOMFrame>
                              <DOMFrame index="41" duration="4" keyMode="9728">
                                   <elements/>
                              </DOMFrame>
                         </frames>
                    </DOMLayer>
                    <DOMLayer name="Layer 4" color="#ee9e14">
                         <frames>
                              <DOMFrame index="0" duration="40" keyMode="9728">
                                   <elements/>
                              </DOMFrame>
                              <DOMFrame index="40" keyMode="9728">
                                   <elements>
                                        <DOMSymbolInstance libraryItemName="Symbol 2151" centerPoint3DX="-9.35" centerPoint3DY="45.7">
                                             <matrix>
                                                  <Matrix tx="-29.7" ty="27.75" a="0.7889404296875" d="0.8018951416015625"/>
                                             </matrix>
                                             <transformationPoint>
                                                  <Point/>
                                             </transformationPoint>
                                        </DOMSymbolInstance>
                                   </elements>
                              </DOMFrame>
                              <DOMFrame index="41" duration="4" keyMode="9728">
                                   <elements/>
                              </DOMFrame>
                         </frames>
                    </DOMLayer>
                    <DOMLayer name="Layer 5" color="#7bdf7d">
                         <frames>
                              <DOMFrame index="0" duration="40" keyMode="9728">
                                   <elements/>
                              </DOMFrame>
                              <DOMFrame index="40" keyMode="9728">
                                   <elements>
                                        <DOMSymbolInstance libraryItemName="Symbol 1637" centerPoint3DX="33.1" centerPoint3DY="27.95">
                                             <matrix>
                                                  <Matrix tx="28.9" ty="23.7" a="1.073089599609375" d="1.0906982421875"/>
                                             </matrix>
                                             <transformationPoint>
                                                  <Point/>
                                             </transformationPoint>
                                        </DOMSymbolInstance>
                                   </elements>
                              </DOMFrame>
                              <DOMFrame index="41" duration="4" keyMode="9728">
                                   <elements/>
                              </DOMFrame>
                         </frames>
                    </DOMLayer>
                    <DOMLayer name="Layer 6" color="#5bfbbb">
                         <frames>
                              <DOMFrame index="0" keyMode="9728">
                                   <elements>
                                        <DOMSymbolInstance libraryItemName="Symbol 2084" centerPoint3DX="10.0" centerPoint3DY="-5.5">
                                             <matrix>
                                                  <Matrix tx="-13.95" ty="-33.35" a="1.3524627685546875" d="1.4324188232421875"/>
                                             </matrix>
                                             <transformationPoint>
                                                  <Point/>
                                             </transformationPoint>
                                        </DOMSymbolInstance>
                                   </elements>
                              </DOMFrame>
                              <DOMFrame index="1" duration="29" keyMode="9728">
                                   <elements/>
                              </DOMFrame>
                              <DOMFrame index="30" keyMode="9728">
                                   <elements>
                                        <DOMSymbolInstance libraryItemName="Symbol 2084" centerPoint3DX="10.0" centerPoint3DY="-5.5">
                                             <matrix>
                                                  <Matrix tx="-13.95" ty="-33.35" a="1.3524627685546875" d="1.4324188232421875"/>
                                             </matrix>
                                             <transformationPoint>
                                                  <Point/>
                                             </transformationPoint>
                                        </DOMSymbolInstance>
                                   </elements>
                              </DOMFrame>
                              <DOMFrame index="31" duration="14" keyMode="9728">
                                   <elements/>
                              </DOMFrame>
                         </frames>
                    </DOMLayer>
                    <DOMLayer name="Layer 7" color="#7dc96f">
                         <frames>
                              <DOMFrame index="0" duration="40" keyMode="9728">
                                   <elements/>
                              </DOMFrame>
                              <DOMFrame index="40" keyMode="9728">
                                   <elements>
                                        <DOMSymbolInstance libraryItemName="Symbol 1637" centerPoint3DX="6.15" centerPoint3DY="27.7">
                                             <matrix>
                                                  <Matrix tx="1.95" ty="23.45" a="1.073089599609375" d="1.0906982421875"/>
                                             </matrix>
                                             <transformationPoint>
                                                  <Point/>
                                             </transformationPoint>
                                        </DOMSymbolInstance>
                                   </elements>
                              </DOMFrame>
                              <DOMFrame index="41" duration="4" keyMode="9728">
                                   <elements/>
                              </DOMFrame>
                         </frames>
                    </DOMLayer>
                    <DOMLayer name="Layer 8" color="#f29f48">
                         <frames>
                              <DOMFrame index="0" keyMode="9728">
                                   <elements>
                                        <DOMSymbolInstance libraryItemName="Symbol 2080" centerPoint3DX="47.65" centerPoint3DY="-7.65">
                                             <matrix>
                                                  <Matrix tx="43.25" ty="-20.5" a="1.3524627685546875" d="1.4324188232421875"/>
                                             </matrix>
                                             <transformationPoint>
                                                  <Point/>
                                             </transformationPoint>
                                        </DOMSymbolInstance>
                                   </elements>
                              </DOMFrame>
                              <DOMFrame index="1" duration="29" keyMode="9728">
                                   <elements/>
                              </DOMFrame>
                              <DOMFrame index="30" keyMode="9728">
                                   <elements>
                                        <DOMSymbolInstance libraryItemName="Symbol 2080" centerPoint3DX="47.65" centerPoint3DY="-7.65">
                                             <matrix>
                                                  <Matrix tx="43.25" ty="-20.5" a="1.3524627685546875" d="1.4324188232421875"/>
                                             </matrix>
                                             <transformationPoint>
                                                  <Point/>
                                             </transformationPoint>
                                        </DOMSymbolInstance>
                                   </elements>
                              </DOMFrame>
                              <DOMFrame index="31" duration="14" keyMode="9728">
                                   <elements/>
                              </DOMFrame>
                         </frames>
                    </DOMLayer>
                    <DOMLayer name="Layer 9" color="#bedce1">
                         <frames>
                              <DOMFrame index="0" duration="40" keyMode="9728">
                                   <elements/>
                              </DOMFrame>
                              <DOMFrame index="40" keyMode="9728">
                                   <elements>
                                        <DOMSymbolInstance libraryItemName="Symbol 2137" centerPoint3DX="-14.45" centerPoint3DY="6.75">
                                             <matrix>
                                                  <Matrix tx="-26.55" ty="-4.2" a="1.073089599609375" d="1.0906982421875"/>
                                             </matrix>
                                             <transformationPoint>
                                                  <Point/>
                                             </transformationPoint>
                                        </DOMSymbolInstance>
                                   </elements>
                              </DOMFrame>
                              <DOMFrame index="41" duration="4" keyMode="9728">
                                   <elements/>
                              </DOMFrame>
                         </frames>
                    </DOMLayer>
                    <DOMLayer name="Layer 10" color="#ac85df">
                         <frames>
                              <DOMFrame index="0" keyMode="9728">
                                   <elements>
                                        <DOMSymbolInstance libraryItemName="Symbol 2077" centerPoint3DX="2.1" centerPoint3DY="-0.3">
                                             <matrix>
                                                  <Matrix tx="-2.8" ty="-4.95" a="1.3524627685546875" d="1.4324188232421875"/>
                                             </matrix>
                                             <transformationPoint>
                                                  <Point/>
                                             </transformationPoint>
                                        </DOMSymbolInstance>
                                   </elements>
                              </DOMFrame>
                              <DOMFrame index="1" duration="29" keyMode="9728">
                                   <elements/>
                              </DOMFrame>
                              <DOMFrame index="30" keyMode="9728">
                                   <elements>
                                        <DOMSymbolInstance libraryItemName="Symbol 2077" centerPoint3DX="2.1" centerPoint3DY="-0.3">
                                             <matrix>
                                                  <Matrix tx="-2.8" ty="-4.95" a="1.3524627685546875" d="1.4324188232421875"/>
                                             </matrix>
                                             <transformationPoint>
                                                  <Point/>
                                             </transformationPoint>
                                        </DOMSymbolInstance>
                                   </elements>
                              </DOMFrame>
                              <DOMFrame index="31" duration="14" keyMode="9728">
                                   <elements/>
                              </DOMFrame>
                         </frames>
                    </DOMLayer>
                    <DOMLayer name="Layer 11" color="#c810d9">
                         <frames>
                              <DOMFrame index="0" duration="40" keyMode="9728">
                                   <elements/>
                              </DOMFrame>
                              <DOMFrame index="40" keyMode="9728">
                                   <elements>
                                        <DOMSymbolInstance libraryItemName="Symbol 1644" centerPoint3DX="18.7" centerPoint3DY="10.15">
                                             <matrix>
                                                  <Matrix tx="1.95" ty="-9.15" a="1.073089599609375" d="1.0906982421875"/>
                                             </matrix>
                                             <transformationPoint>
                                                  <Point/>
                                             </transformationPoint>
                                        </DOMSymbolInstance>
                                   </elements>
                              </DOMFrame>
                              <DOMFrame index="41" duration="4" keyMode="9728">
                                   <elements/>
                              </DOMFrame>
                         </frames>
                    </DOMLayer>
                    <DOMLayer name="Layer 12" color="#14a7f4">
                         <frames>
                              <DOMFrame index="0" keyMode="9728">
                                   <elements>
                                        <DOMSymbolInstance libraryItemName="Symbol 2075" centerPoint3DX="17.0" centerPoint3DY="0.2">
                                             <matrix>
                                                  <Matrix tx="12.1" ty="-4.45" a="1.3524627685546875" d="1.4324188232421875"/>
                                             </matrix>
                                             <transformationPoint>
                                                  <Point/>
                                             </transformationPoint>
                                        </DOMSymbolInstance>
                                   </elements>
                              </DOMFrame>
                              <DOMFrame index="1" duration="29" keyMode="9728">
                                   <elements/>
                              </DOMFrame>
                              <DOMFrame index="30" keyMode="9728">
                                   <elements>
                                        <DOMSymbolInstance libraryItemName="Symbol 2075" centerPoint3DX="17.0" centerPoint3DY="0.2">
                                             <matrix>
                                                  <Matrix tx="12.1" ty="-4.45" a="1.3524627685546875" d="1.4324188232421875"/>
                                             </matrix>
                                             <transformationPoint>
                                                  <Point/>
                                             </transformationPoint>
                                        </DOMSymbolInstance>
                                   </elements>
                              </DOMFrame>
                              <DOMFrame index="31" duration="14" keyMode="9728">
                                   <elements/>
                              </DOMFrame>
                         </frames>
                    </DOMLayer>
                    <DOMLayer name="Layer 13" color="#d6ee96">
                         <frames>
                              <DOMFrame index="0" duration="38" keyMode="9728">
                                   <elements/>
                              </DOMFrame>
                              <DOMFrame index="38" keyMode="9728">
                                   <elements>
                                        <DOMSymbolInstance libraryItemName="Symbol 1813" name="d" centerPoint3DX="98.05" centerPoint3DY="105.0">
                                             <matrix>
                                                  <Matrix tx="18.05" ty="25.0" a="0.9012298583984375" d="0.8425445556640625" b="0.03070068359375" c="0.0"/>
                                             </matrix>
                                             <transformationPoint>
                                                  <Point/>
                                             </transformationPoint>
                                        </DOMSymbolInstance>
                                   </elements>
                              </DOMFrame>
                              <DOMFrame index="39" keyMode="9728">
                                   <elements/>
                              </DOMFrame>
                              <DOMFrame index="40" keyMode="9728">
                                   <elements>
                                        <DOMSymbolInstance libraryItemName="Symbol 336" centerPoint3DX="28.85" centerPoint3DY="33.6">
                                             <matrix>
                                                  <Matrix tx="20.55" ty="30.3" a="2.066436767578125" d="1.488983154296875"/>
                                             </matrix>
                                             <transformationPoint>
                                                  <Point/>
                                             </transformationPoint>
                                        </DOMSymbolInstance>
                                   </elements>
                              </DOMFrame>
                              <DOMFrame index="41" duration="4" keyMode="9728">
                                   <elements/>
                              </DOMFrame>
                         </frames>
                    </DOMLayer>
                    <DOMLayer name="Layer 14" color="#9cd3c9">
                         <frames>
                              <DOMFrame index="0" keyMode="9728">
                                   <elements>
                                        <DOMSymbolInstance libraryItemName="Symbol 2073" centerPoint3DX="32.65" centerPoint3DY="-0.3">
                                             <matrix>
                                                  <Matrix tx="27.75" ty="-4.95" a="1.3524627685546875" d="1.4324188232421875"/>
                                             </matrix>
                                             <transformationPoint>
                                                  <Point/>
                                             </transformationPoint>
                                        </DOMSymbolInstance>
                                   </elements>
                              </DOMFrame>
                              <DOMFrame index="1" duration="29" keyMode="9728">
                                   <elements/>
                              </DOMFrame>
                              <DOMFrame index="30" keyMode="9728">
                                   <elements>
                                        <DOMSymbolInstance libraryItemName="Symbol 2073" centerPoint3DX="32.65" centerPoint3DY="-0.3">
                                             <matrix>
                                                  <Matrix tx="27.75" ty="-4.95" a="1.3524627685546875" d="1.4324188232421875"/>
                                             </matrix>
                                             <transformationPoint>
                                                  <Point/>
                                             </transformationPoint>
                                        </DOMSymbolInstance>
                                   </elements>
                              </DOMFrame>
                              <DOMFrame index="31" duration="14" keyMode="9728">
                                   <elements/>
                              </DOMFrame>
                         </frames>
                    </DOMLayer>
                    <DOMLayer name="Layer 15" color="#6addca" current="true" isSelected="true">
                         <frames>
                              <DOMFrame index="0" keyMode="9728">
                                   <elements>
                                        <DOMSymbolInstance libraryItemName="Symbol 2071" symbolType="graphic" loop="loop">
                                             <matrix>
                                                  <Matrix tx="-16.65" ty="-33.35" a="1.5" d="1.4333343505859375"/>
                                             </matrix>
                                             <transformationPoint>
                                                  <Point/>
                                             </transformationPoint>
                                        </DOMSymbolInstance>
                                   </elements>
                              </DOMFrame>
                              <DOMFrame index="1" keyMode="9728">
                                   <elements>
                                        <DOMSymbolInstance libraryItemName="Symbol 2096" name="d" centerPoint3DX="13.65" centerPoint3DY="8.05">
                                             <matrix>
                                                  <Matrix tx="-13.95" ty="-33.35" a="1.3524627685546875" d="1.4324188232421875"/>
                                             </matrix>
                                             <transformationPoint>
                                                  <Point/>
                                             </transformationPoint>
                                        </DOMSymbolInstance>
                                   </elements>
                              </DOMFrame>
                              <DOMFrame index="2" keyMode="9728">
                                   <elements>
                                        <DOMSymbolInstance libraryItemName="Symbol 2098" name="d" centerPoint3DX="15.25" centerPoint3DY="-2.8">
                                             <matrix>
                                                  <Matrix tx="-13.95" ty="-33.35" a="1.3524627685546875" d="1.4324188232421875"/>
                                             </matrix>
                                             <transformationPoint>
                                                  <Point/>
                                             </transformationPoint>
                                        </DOMSymbolInstance>
                                   </elements>
                              </DOMFrame>
                              <DOMFrame index="3" keyMode="9728">
                                   <elements>
                                        <DOMSymbolInstance libraryItemName="Symbol 2101" name="d" centerPoint3DX="15.25" centerPoint3DY="-2.8">
                                             <matrix>
                                                  <Matrix tx="-13.95" ty="-33.35" a="1.3524627685546875" d="1.4324188232421875"/>
                                             </matrix>
                                             <transformationPoint>
                                                  <Point/>
                                             </transformationPoint>
                                        </DOMSymbolInstance>
                                   </elements>
                              </DOMFrame>
                              <DOMFrame index="4" duration="2" keyMode="9728">
                                   <elements>
                                        <DOMSymbolInstance libraryItemName="Symbol 2102" name="d" centerPoint3DX="15.25" centerPoint3DY="-2.8">
                                             <matrix>
                                                  <Matrix tx="-13.95" ty="-33.35" a="1.3524627685546875" d="1.4324188232421875"/>
                                             </matrix>
                                             <transformationPoint>
                                                  <Point/>
                                             </transformationPoint>
                                        </DOMSymbolInstance>
                                   </elements>
                              </DOMFrame>
                              <DOMFrame index="6" keyMode="9728">
                                   <elements>
                                        <DOMSymbolInstance libraryItemName="Symbol 2105" name="d" centerPoint3DX="15.25" centerPoint3DY="-2.8">
                                             <matrix>
                                                  <Matrix tx="-13.95" ty="-33.35" a="1.3524627685546875" d="1.4324188232421875"/>
                                             </matrix>
                                             <transformationPoint>
                                                  <Point/>
                                             </transformationPoint>
                                        </DOMSymbolInstance>
                                   </elements>
                              </DOMFrame>
                              <DOMFrame index="7" keyMode="9728">
                                   <elements>
                                        <DOMSymbolInstance libraryItemName="Symbol 2106" name="d" centerPoint3DX="15.25" centerPoint3DY="-2.8">
                                             <matrix>
                                                  <Matrix tx="-13.95" ty="-33.35" a="1.3524627685546875" d="1.4324188232421875"/>
                                             </matrix>
                                             <transformationPoint>
                                                  <Point/>
                                             </transformationPoint>
                                        </DOMSymbolInstance>
                                   </elements>
                              </DOMFrame>
                              <DOMFrame index="8" keyMode="9728">
                                   <elements>
                                        <DOMSymbolInstance libraryItemName="Symbol 2109" name="d" centerPoint3DX="15.25" centerPoint3DY="-2.8">
                                             <matrix>
                                                  <Matrix tx="-13.95" ty="-33.35" a="1.3524627685546875" d="1.4324188232421875"/>
                                             </matrix>
                                             <transformationPoint>
                                                  <Point/>
                                             </transformationPoint>
                                        </DOMSymbolInstance>
                                   </elements>
                              </DOMFrame>
                              <DOMFrame index="9" duration="3" keyMode="9728">
                                   <elements>
                                        <DOMSymbolInstance libraryItemName="Symbol 2112" name="d" centerPoint3DX="15.25" centerPoint3DY="-2.8">
                                             <matrix>
                                                  <Matrix tx="-13.95" ty="-33.35" a="1.3524627685546875" d="1.4324188232421875"/>
                                             </matrix>
                                             <transformationPoint>
                                                  <Point/>
                                             </transformationPoint>
                                        </DOMSymbolInstance>
                                   </elements>
                              </DOMFrame>
                              <DOMFrame index="12" duration="4" keyMode="9728">
                                   <elements>
                                        <DOMSymbolInstance libraryItemName="Symbol 2113" name="d" centerPoint3DX="15.25" centerPoint3DY="-2.8">
                                             <matrix>
                                                  <Matrix tx="-13.95" ty="-33.35" a="1.3524627685546875" d="1.4324188232421875"/>
                                             </matrix>
                                             <transformationPoint>
                                                  <Point/>
                                             </transformationPoint>
                                        </DOMSymbolInstance>
                                   </elements>
                              </DOMFrame>
                              <DOMFrame index="16" duration="6" keyMode="9728">
                                   <elements>
                                        <DOMSymbolInstance libraryItemName="Symbol 2114" name="d" centerPoint3DX="15.25" centerPoint3DY="-2.8">
                                             <matrix>
                                                  <Matrix tx="-13.95" ty="-33.35" a="1.3524627685546875" d="1.4324188232421875"/>
                                             </matrix>
                                             <transformationPoint>
                                                  <Point/>
                                             </transformationPoint>
                                        </DOMSymbolInstance>
                                   </elements>
                              </DOMFrame>
                              <DOMFrame index="22" duration="7" keyMode="9728">
                                   <elements>
                                        <DOMSymbolInstance libraryItemName="Symbol 2115" name="d" centerPoint3DX="15.25" centerPoint3DY="-2.8">
                                             <matrix>
                                                  <Matrix tx="-13.95" ty="-33.35" a="1.3524627685546875" d="1.4324188232421875"/>
                                             </matrix>
                                             <transformationPoint>
                                                  <Point/>
                                             </transformationPoint>
                                        </DOMSymbolInstance>
                                   </elements>
                              </DOMFrame>
                              <DOMFrame index="29" keyMode="9728">
                                   <elements>
                                        <DOMSymbolInstance libraryItemName="Symbol 2119" name="d" centerPoint3DX="160.25" centerPoint3DY="84.05">
                                             <matrix>
                                                  <Matrix tx="-13.2" ty="-11.85"/>
                                             </matrix>
                                             <transformationPoint>
                                                  <Point/>
                                             </transformationPoint>
                                        </DOMSymbolInstance>
                                   </elements>
                              </DOMFrame>
                              <DOMFrame index="30" keyMode="9728">
                                   <elements>
                                        <DOMShape isFloating="true">
                                             <fills>
                                                  <FillStyle index="1">
                                                       <SolidColor color="#312d2d"/>
                                                  </FillStyle>
                                             </fills>
                                             <strokes/>
                                             <edges>
                                                  <Edge fillStyle1="1" edges="! 212 -55| 209 56| 206 94| 206 -78| 212 -55"/>
                                             </edges>
                                        </DOMShape>
                                   </elements>
                              </DOMFrame>
                              <DOMFrame index="31" keyMode="9728">
                                   <elements>
                                        <DOMSymbolInstance libraryItemName="Symbol 2127" centerPoint3DX="18.1" centerPoint3DY="-0.35">
                                             <matrix>
                                                  <Matrix tx="-16.0" ty="-36.75"/>
                                             </matrix>
                                             <transformationPoint>
                                                  <Point/>
                                             </transformationPoint>
                                        </DOMSymbolInstance>
                                   </elements>
                              </DOMFrame>
                              <DOMFrame index="32" keyMode="9728">
                                   <elements>
                                        <DOMSymbolInstance libraryItemName="Symbol 2130" name="d" centerPoint3DX="75.95" centerPoint3DY="73.35">
                                             <matrix>
                                                  <Matrix tx="-16.0" ty="-36.75"/>
                                             </matrix>
                                             <transformationPoint>
                                                  <Point/>
                                             </transformationPoint>
                                        </DOMSymbolInstance>
                                   </elements>
                              </DOMFrame>
                              <DOMFrame index="33" keyMode="9728">
                                   <elements>
                                        <DOMSymbolInstance libraryItemName="Symbol 2133" centerPoint3DX="157.45" centerPoint3DY="59.15">
                                             <matrix>
                                                  <Matrix tx="-16.0" ty="-36.75"/>
                                             </matrix>
                                             <transformationPoint>
                                                  <Point/>
                                             </transformationPoint>
                                        </DOMSymbolInstance>
                                   </elements>
                              </DOMFrame>
                              <DOMFrame index="34" keyMode="9728">
                                   <elements>
                                        <DOMShape isFloating="true">
                                             <fills>
                                                  <FillStyle index="1">
                                                       <SolidColor color="#473430" alpha="0.3019608"/>
                                                  </FillStyle>
                                                  <FillStyle index="2">
                                                       <SolidColor color="#4b4545" alpha="1.0"/>
                                                  </FillStyle>
                                                  <FillStyle index="3">
                                                       <SolidColor color="#312d2d" alpha="1.0"/>
                                                  </FillStyle>
                                                  <FillStyle index="4">
                                                       <SolidColor color="#585252" alpha="1.0"/>
                                                  </FillStyle>
                                                  <FillStyle index="5">
                                                       <SolidColor color="#adadad" alpha="1.0"/>
                                                  </FillStyle>
                                                  <FillStyle index="6">
                                                       <SolidColor color="#919191" alpha="1.0"/>
                                                  </FillStyle>
                                                  <FillStyle index="7">
                                                       <SolidColor color="#727272" alpha="1.0"/>
                                                  </FillStyle>
                                             </fills>
                                             <strokes/>
                                             <edges>
                                                  <Edge fillStyle1="3" edges="! -173 136| -177 132| -182 121[ -182 109 -170 105[ -165 86 -135 77| -137 69[ -137 45 -119 48[ -104 51 -102 70| -97 70| -96 37[ -91 17 -66 8| -64 7[ -57 1 -45 1| -45 7[ -40 11 -40 22| -42 51| -41 67| -15 55| 7 53[ 41 16 71 25| 87 9| 123 -20| 129 -18| 131 -11| 106 25| 95 39| 109 55[ 118 80 126 93[ 146 125 171 125| 177 124[ 178 114 199 99| 200 99[ 197 81 201 69| 200 66| 177 68| 153 64[ 199 23 226 79[ 248 69 285 69| 301 70| 302 64[ 311 14 321 5[ 329 8 329 17| 326 73[ 361 79 379 97| 398 93[ 461 82 475 118[ 478 138 490 167| 512 162| 524 146[ 524 130 569 119| 607 119[ 620 122 627 134| 631 142| 633 143| 639 147| 648 138[ 661 127 672 127[ 683 127 694 135| 707 141[ 699 114 702 100[ 707 70 728 64[ 729 23 739 -13| 749 62| 766 66[ 772 39 811 23| 811 21[ 811 3 823 -5[ 834 1 836 15| 838 14| 873 6| 872 -4| 873 -17| 871 -47[ 871 -67 901 -72[ 931 -76 931 -48| 922 -5| 920 2| 927 3| 936 0| 936 61| 932 81| 916 214[ 922 203 936 195| 942 197| 944 205| 937 236| 931 252| 952 276| 952 277| 959 267"/>
                                                  <Edge fillStyle1="2" edges="! 959 267| 967 258"/>
                                                  <Edge fillStyle1="3" edges="! 967 258| 986 241"/>
                                                  <Edge fillStyle1="2" edges="! 986 241| 988 238| 996 231| 1004 224| 1005 224"/>
                                                  <Edge fillStyle1="3" edges="! 1005 224| 1020 204"/>
                                                  <Edge fillStyle1="2" edges="! 1020 204| 1027 178| 1027 175"/>
                                                  <Edge fillStyle1="3" edges="! 1027 175| 1027 165[ 1020 156 1020 135[ 1020 127 1028 126| 1028 121[ 1030 95 1049 82| 1070 105[ 1084 119 1084 129| 1078 144| 1078 157| 1075 198| 1052 247| 982 324[ 992 349 993 375| 994 474[ 1006 479 1024 491[ 1088 536 1088 587[ 1088 660 1018 679"/>
                                                  <Edge fillStyle1="1" edges="! 1018 679| 1024 698[ 1024 718 1031 772[ 1031 820 957 842[ 873 868 672 868| 579 862| 550 857[ 546 870 530 881[ 503 897 460 901| 310 902[ 290 897 264 877| 242 855| 242 853| 239 853| 225 849| 148 847| 104 845| 90 851| 52 857| -16 862| -104 862| -235 854[ -261 854 -270 825| -273 797[ -273 782 -260 750| -243 700| -238 687"/>
                                                  <Edge fillStyle1="3" edges="! -238 687| -240 689[ -252 702 -269 702[ -311 702 -311 677[ -311 646 -271 646[ -232 646 -231 669"/>
                                                  <Edge fillStyle1="1" edges="! -231 669| -224 656| -219 645"/>
                                                  <Edge fillStyle1="3" edges="! -219 645[ -262 643 -280 613[ -290 596 -290 573| -286 562[ -309 572 -325 590| -335 590| -335 599| -336 601[ -373 645 -418 654| -417 663"/>
                                                  <Edge fillStyle1="2" edges="! -417 663| -415 667| -422 667"/>
                                                  <Edge fillStyle1="4" edges="! -422 667| -445 667| -449 663"/>
                                                  <Edge fillStyle1="2" edges="! -449 663| -454 661"/>
                                                  <Edge fillStyle1="3" edges="! -454 661[ -459 667 -470 670| -492 675[ -511 675 -519 668| -526 670| -676 681[ -697 681 -705 670| -709 662| -720 663| -722 663| -723 664| -761 666| -790 662[ -800 656 -790 646| -788 644[ -766 622 -723 622| -706 622| -706 617| -705 616| -705 590| -697 553| -695 550[ -689 539 -679 539| -669 540| -669 541| -643 539| -596 542| -586 544| -533 543| -510 544[ -496 554 -490 590| -489 606| -457 604| -452 590| -443 574| -430 590| -427 599| -400 592| -395 590| -384 582"/>
                                                  <Edge fillStyle1="2" edges="! -384 582| -373 573"/>
                                                  <Edge fillStyle1="4" edges="! -373 573| -373 572| -367 567| -360 559"/>
                                                  <Edge fillStyle1="3" edges="! -360 559| -347 544| -346 544"/>
                                                  <Edge fillStyle1="4" edges="! -346 544| -335 532| -333 528"/>
                                                  <Edge fillStyle1="3" edges="! -333 528| -318 513"/>
                                                  <Edge fillStyle1="4" edges="! -318 513| -299 502| -297 502| -294 502"/>
                                                  <Edge fillStyle1="3" edges="! -294 502| -250 492[ -260 481 -260 471| -253 451[ -244 436 -230 432| -229 432"/>
                                                  <Edge fillStyle1="2" edges="! -229 432| -230 387| -230 385| -219 348| -218 347"/>
                                                  <Edge fillStyle1="3" edges="! -218 347| -193 311| -158 268| -158 263"/>
                                                  <Edge fillStyle1="2" edges="! -158 263| -158 262| -160 240"/>
                                                  <Edge fillStyle1="4" edges="! -160 240| -160 238| -164 204| -166 188| -167 172| -168 166| -168 164| -169 150| -171 150"/>
                                                  <Edge fillStyle1="2" edges="! -171 150| -173 150| -173 141"/>
                                                  <Edge fillStyle1="4" edges="! -173 141| -173 136"/>
                                                  <Edge fillStyle0="3" fillStyle1="4" edges="! -173 136| -142 143"/>
                                                  <Edge fillStyle0="3" fillStyle1="2" edges="! -142 143| -138 143| -121 137| -121 141| -113 239| -113 249[ -91 241 -91 277[ -91 288 -132 331[ -164 364 -181 373| -182 382| -166 632| -159 669| -122 661"/>
                                                  <Edge fillStyle0="3" fillStyle1="7" edges="! -122 661| -135 660| -148 522| -153 473| -135 491"/>
                                                  <Edge fillStyle0="3" fillStyle1="6" edges="! -135 491| -127 494"/>
                                                  <Edge fillStyle0="3" fillStyle1="5" edges="! -127 494| -109 496[ -49 496 -1 539"/>
                                                  <Edge fillStyle0="3" fillStyle1="6" edges="! -1 539[ 24 559 46 592| 63 617"/>
                                                  <Edge fillStyle0="3" fillStyle1="7" edges="! 63 617| 85 656| 94 671| 59 671"/>
                                                  <Edge fillStyle0="3" fillStyle1="2" edges="! 59 671[ 67 675 67 682[ 67 695 53 698| -22 702| -153 693| -152 697| -150 706[ -150 718 -159 725"/>
                                                  <Edge fillStyle0="3" fillStyle1="1" edges="! -159 725| -86 733| 288 731| 353 726| 418 724| 491 725| 566 730| 678 730| 691 727| 836 726| 949 713| 965 707[ 987 705 993 683| 1018 679"/>
                                                  <Edge fillStyle0="6" fillStyle1="0" edges="! 818 -48| 819 -49| 818 -49| 818 -48"/>
                                                  <Edge fillStyle0="2" fillStyle1="3" edges="! 1020 204[ 1024 211 1041 211| 1065 204| 1072 189[ 1072 166 1047 169| 1044 171| 1042 170[ 1032 171 1027 175"/>
                                                  <Edge fillStyle0="2" fillStyle1="3" edges="! 959 267| 953 276| 954 283[ 959 292 968 292[ 1007 292 1007 270| 1007 265| 1028 255| 1042 238[ 1042 219 1013 222| 1005 224"/>
                                                  <Edge fillStyle0="3" fillStyle1="2" edges="! 870 49| 877 23| 879 23| 884 28| 887 27| 898 36| 917 10| 918 9| 915 34| 897 108[ 878 172 878 203[ 878 223 919 271| 920 274| 921 273| 925 279[ 972 332 972 401| 966 476[ 960 482 960 499| 963 505| 962 515| 957 555| 950 595[ 948 600 938 600[ 927 600 923 541| 922 526"/>
                                                  <Edge fillStyle0="3" fillStyle1="7" edges="! 922 526| 922 649| 923 657"/>
                                                  <Edge fillStyle0="3" fillStyle1="2" edges="! 923 657| 931 660| 931 662[ 931 672 939 678[ 924 691 830 695| 719 696| 729 684"/>
                                                  <Edge fillStyle0="3" fillStyle1="4" edges="! 729 684| 739 669"/>
                                                  <Edge fillStyle0="3" fillStyle1="7" edges="! 739 669| 754 643"/>
                                                  <Edge fillStyle0="3" fillStyle1="6" edges="! 754 643| 775 601"/>
                                                  <Edge fillStyle0="3" fillStyle1="5" edges="! 775 601| 792 563| 790 534[ 803 527 816 522"/>
                                                  <Edge fillStyle0="3" fillStyle1="6" edges="! 816 522[ 878 494 908 470"/>
                                                  <Edge fillStyle0="3" fillStyle1="7" edges="! 908 470| 922 459| 922 512"/>
                                                  <Edge fillStyle0="3" fillStyle1="2" edges="! 922 512| 926 455[ 939 441 939 429[ 939 403 931 378| 931 366[ 931 353 919 333"/>
                                                  <Edge fillStyle0="3" fillStyle1="4" edges="! 919 333| 889 296| 886 293[ 855 259 845 238"/>
                                                  <Edge fillStyle0="3" fillStyle1="2" edges="! 845 238| 843 234"/>
                                                  <Edge fillStyle0="3" fillStyle1="7" edges="! 843 234| 780 214[ 789 199 794 177"/>
                                                  <Edge fillStyle0="3" fillStyle1="6" edges="! 794 177| 798 159"/>
                                                  <Edge fillStyle0="3" fillStyle1="5" edges="! 798 159| 798 155| 801 64| 801 50| 820 42| 823 45| 824 45"/>
                                                  <Edge fillStyle0="3" fillStyle1="6" edges="! 824 45| 832 41| 834 38| 851 32"/>
                                                  <Edge fillStyle0="3" fillStyle1="7" edges="! 851 32| 873 24| 870 49"/>
                                                  <Edge fillStyle0="2" fillStyle1="7" edges="! 870 49| 870 50| 870 52| 867 61| 866 64| 865 66[ 846 182 844 234| 843 234"/>
                                                  <Edge fillStyle0="7" fillStyle1="6" edges="! 851 32| 857 47| 850 120[ 837 189 813 189[ 801 189 794 177"/>
                                                  <Edge fillStyle0="6" fillStyle1="5" edges="! 824 45| 828 86[ 828 159 799 159| 798 159"/>
                                                  <Edge fillStyle0="4" fillStyle1="2" edges="! 919 333| 936 358[ 950 345 950 331| 910 281[ 873 237 878 210[ 858 112 845 238"/>
                                                  <Edge fillStyle0="2" fillStyle1="3" edges="! 986 241| 985 246| 986 254| 980 255| 967 258"/>
                                                  <Edge fillStyle0="6" fillStyle1="3" edges="! 904 327| 896 316| 894 314| 847 252| 846 252| 844 252| 822 253| 791 245| 787 243| 756 239| 745 243| 468 243| 375 240| 365 253"/>
                                                  <Edge fillStyle0="6" fillStyle1="5" edges="! 365 253| 390 253[ 695 251 774 261[ 832 267 832 296[ 832 330 755 344| 627 345| 521 355| 411 363| 252 363| 234 363"/>
                                                  <Edge fillStyle0="6" fillStyle1="3" edges="! 234 363| 225 373"/>
                                                  <Edge fillStyle0="6" fillStyle1="7" edges="! 225 373| 576 373[ 809 372 875 351[ 896 343 904 327"/>
                                                  <Edge fillStyle0="3" fillStyle1="7" edges="! 904 327[ 920 349 925 375| 749 387| 288 389| 262 384| 230 386| 223 377| 225 373"/>
                                                  <Edge fillStyle0="6" fillStyle1="7" edges="! 905 441| 905 440[ 895 422 858 422| 793 423"/>
                                                  <Edge fillStyle0="6" fillStyle1="5" edges="! 793 423[ 816 435 816 480| 816 498"/>
                                                  <Edge fillStyle0="6" fillStyle1="3" edges="! 816 498| 850 480| 901 446| 905 441"/>
                                                  <Edge fillStyle0="7" fillStyle1="3" edges="! 905 441[ 914 429 915 404| 917 393| 749 406| 265 405| 254 404| 248 405| 245 406| 242 411| 250 424"/>
                                                  <Edge fillStyle0="7" fillStyle1="6" edges="! 250 424| 282 420| 333 415| 487 413| 586 406| 743 422| 749 424"/>
                                                  <Edge fillStyle0="7" fillStyle1="5" edges="! 749 424| 751 424| 752 424| 756 425| 793 423"/>
                                                  <Edge fillStyle0="0" fillStyle1="3" edges="! 1128 693| 1115 696[ 1105 696 1099 688| 1096 679[ 1096 666 1113 666[ 1130 666 1130 680| 1128 693"/>
                                                  <Edge fillStyle0="0" fillStyle1="3" edges="! 1001 629[ 1038 618 1038 592[ 1038 560 1000 533| 993 529| 990 596"/>
                                                  <Edge fillStyle0="0" fillStyle1="1" edges="! 990 596| 994 612| 1001 629"/>
                                                  <Edge fillStyle0="3" fillStyle1="1" edges="! 1001 629| 990 631| 988 619| 990 596"/>
                                                  <Edge fillStyle0="7" fillStyle1="2" edges="! 922 526| 922 512"/>
                                                  <Edge fillStyle0="7" fillStyle1="6" edges="! 908 470| 906 508| 909 531[ 909 582 901 597[ 874 644 770 644| 754 643"/>
                                                  <Edge fillStyle0="5" fillStyle1="6" edges="! 775 601[ 804 592 814 548| 816 522"/>
                                                  <Edge fillStyle0="7" fillStyle1="2" edges="! 809 668| 838 668| 894 666| 923 667| 923 665| 923 657"/>
                                                  <Edge fillStyle0="2" fillStyle1="3" edges="! 688 199| 722 199| 722 205| 723 213[ 727 220 742 220[ 761 220 761 163| 760 133| 740 135| 733 175| 729 181| 728 181| 707 191| 688 199"/>
                                                  <Edge fillStyle0="2" fillStyle1="3" edges="! 611 176| 606 174| 588 169[ 580 169 565 192| 601 195| 660 198| 631 188| 611 176"/>
                                                  <Edge fillStyle0="0" fillStyle1="3" edges="! 419 126| 394 152| 393 177[ 395 196 413 196| 472 185| 474 180| 465 162| 456 127| 419 126"/>
                                                  <Edge fillStyle0="3" fillStyle1="6" edges="! 639 455| 611 451| 609 452| 586 447| 440 439| 358 443| 354 443"/>
                                                  <Edge fillStyle0="3" fillStyle1="7" edges="! 354 443| 343 444| 250 449| 253 442"/>
                                                  <Edge fillStyle0="3" fillStyle1="6" edges="! 253 442| 253 440| 250 424"/>
                                                  <Edge fillStyle0="7" fillStyle1="5" edges="! 704 546| 707 497| 704 469| 704 462| 695 461"/>
                                                  <Edge fillStyle0="7" fillStyle1="6" edges="! 695 461| 639 455"/>
                                                  <Edge fillStyle0="7" fillStyle1="3" edges="! 639 455[ 656 462 673 479[ 681 497 683 540| 684 556| 686 555| 687 553| 688 554| 704 546"/>
                                                  <Edge fillStyle0="5" fillStyle1="3" edges="! 704 546| 778 516| 816 498"/>
                                                  <Edge fillStyle0="5" fillStyle1="6" edges="! 749 424| 748 424[ 709 435 695 461"/>
                                                  <Edge fillStyle0="3" fillStyle1="6" edges="! 212 247| 289 242| 304 242| 310 252"/>
                                                  <Edge fillStyle0="3" fillStyle1="5" edges="! 310 252| 316 260[ 291 275 262 296[ 209 336 193 361"/>
                                                  <Edge fillStyle0="3" fillStyle1="6" edges="! 193 361| 188 371| 181 373"/>
                                                  <Edge fillStyle0="3" fillStyle1="7" edges="! 181 373| 155 387| 151 391| 101 392| -158 381[ -154 366 -138 349"/>
                                                  <Edge fillStyle0="3" fillStyle1="6" edges="! -138 349| -120 333[ -81 303 -81 283| -81 257"/>
                                                  <Edge fillStyle0="3" fillStyle1="7" edges="! -81 257| -81 255| -79 255"/>
                                                  <Edge fillStyle0="3" fillStyle1="6" edges="! -79 255| -38 254| -31 254| 16 245| 28 251| 48 251"/>
                                                  <Edge fillStyle0="3" fillStyle1="5" edges="! 48 251| 184 250| 211 247| 212 247"/>
                                                  <Edge fillStyle0="6" fillStyle1="5" edges="! 212 247| 258 252| 310 252"/>
                                                  <Edge fillStyle0="2" fillStyle1="3" edges="! -4 200[ 2 219 11 219| 25 213| 27 191| 23 143| 22 137| 15 119| 3 92| -6 82| -8 80| -18 85"/>
                                                  <Edge fillStyle0="2" fillStyle1="7" edges="! -18 85| -18 88| -17 93| -17 98| -17 107| -16 112| -4 198| -4 200"/>
                                                  <Edge fillStyle0="3" fillStyle1="7" edges="! -4 200| 1 217| -14 218| -60 228| -83 230[ -88 186 -101 151| -101 126"/>
                                                  <Edge fillStyle0="3" fillStyle1="5" edges="! -101 126| -82 117| -76 114| -75 114| -66 113"/>
                                                  <Edge fillStyle0="3" fillStyle1="6" edges="! -66 113| -58 108| -55 106| -51 106| -39 101| -36 97"/>
                                                  <Edge fillStyle0="3" fillStyle1="7" edges="! -36 97| -34 94| -18 85"/>
                                                  <Edge fillStyle0="0" fillStyle1="3" edges="! 40 12| 45 22| 41 23| 36 13| 40 12"/>
                                                  <Edge fillStyle0="3" fillStyle1="2" edges="! 58 201| 91 197| 148 196| 181 210| 109 215| 109 218| 49 217| 45 209[ 48 201 58 201"/>
                                                  <Edge fillStyle0="6" fillStyle1="7" edges="! 63 574| 63 560[ 65 530 72 505| 77 458| 76 451| 126 448"/>
                                                  <Edge fillStyle0="6" fillStyle1="3" edges="! 126 448| 122 420"/>
                                                  <Edge fillStyle0="6" fillStyle1="7" edges="! 122 420| 114 419| 54 426[ 40 418 18 413"/>
                                                  <Edge fillStyle0="6" fillStyle1="3" edges="! 18 413| -17 413| -86 411| -105 410"/>
                                                  <Edge fillStyle0="6" fillStyle1="7" edges="! -105 410[ -126 418 -126 437| -125 441| -131 454"/>
                                                  <Edge fillStyle0="6" fillStyle1="3" edges="! -131 454| -117 464"/>
                                                  <Edge fillStyle0="6" fillStyle1="5" edges="! -117 464[ -99 427 -61 419| -12 424[ 10 436 10 450| 8 496"/>
                                                  <Edge fillStyle0="6" fillStyle1="3" edges="! 8 496[ 25 511 32 534| 63 574"/>
                                                  <Edge fillStyle0="7" fillStyle1="3" edges="! 63 574| 76 592| 99 589| 109 496[ 105 474 115 465| 130 457| 126 448"/>
                                                  <Edge fillStyle0="7" fillStyle1="6" edges="! 158 424| 188 427| 207 427"/>
                                                  <Edge fillStyle0="7" fillStyle1="3" edges="! 207 427| 203 419| 201 412| 197 410| 175 410[ 165 416 158 424"/>
                                                  <Edge fillStyle0="6" fillStyle1="3" edges="! 158 424[ 150 434 147 447"/>
                                                  <Edge fillStyle0="6" fillStyle1="7" edges="! 147 447| 203 444"/>
                                                  <Edge fillStyle0="6" fillStyle1="3" edges="! 203 444| 208 432| 207 427"/>
                                                  <Edge fillStyle0="3" fillStyle1="7" edges="! 18 413| 123 412| 122 414| 122 420"/>
                                                  <Edge fillStyle0="3" fillStyle1="7" edges="! 203 444| 201 450| 146 453| 147 447"/>
                                                  <Edge fillStyle0="5" fillStyle1="3" edges="! 365 253| 300 307| 234 363"/>
                                                  <Edge fillStyle0="7" fillStyle1="6" edges="! 354 443| 320 443| 302 442| 297 442| 298 441| 253 442"/>
                                                  <Edge fillStyle0="7" fillStyle1="3" edges="! 97 621| 96 618| 95 619| 97 621"/>
                                                  <Edge fillStyle0="5" fillStyle1="3" edges="! 754 604| 757 601[ 771 589 770 557| 771 541| 733 556| 708 568"/>
                                                  <Edge fillStyle0="5" fillStyle1="6" edges="! 708 568[ 726 603 754 604"/>
                                                  <Edge fillStyle0="3" fillStyle1="6" edges="! 754 604| 726 633"/>
                                                  <Edge fillStyle0="3" fillStyle1="7" edges="! 726 633| 716 643| 693 669"/>
                                                  <Edge fillStyle0="3" fillStyle1="2" edges="! 693 669[ 676 688 676 692| 678 696| 663 696| 684 666| 686 665"/>
                                                  <Edge fillStyle0="3" fillStyle1="7" edges="! 686 665| 686 659[ 696 627 697 578| 699 575| 704 571"/>
                                                  <Edge fillStyle0="3" fillStyle1="6" edges="! 704 571| 708 568"/>
                                                  <Edge fillStyle0="6" fillStyle1="7" edges="! 704 571[ 704 600 707 608[ 712 625 726 633"/>
                                                  <Edge fillStyle0="2" fillStyle1="7" edges="! 693 669| 686 669| 686 665"/>
                                                  <Edge fillStyle0="4" fillStyle1="7" edges="! 809 668| 808 668| 801 668| 739 669"/>
                                                  <Edge fillStyle0="4" fillStyle1="2" edges="! 729 684| 737 685| 753 681[ 756 675 811 670| 809 668"/>
                                                  <Edge fillStyle0="2" fillStyle1="4" edges="! -171 150| -173 141"/>
                                                  <Edge fillStyle0="2" fillStyle1="4" edges="! -142 143[ -137 180 -137 223| -139 266| -141 267| -150 269[ -155 269 -160 240"/>
                                                  <Edge fillStyle0="5" fillStyle1="7" edges="! -101 126| -100 133[ -97 168 -86 184"/>
                                                  <Edge fillStyle0="5" fillStyle1="6" edges="! -86 184[ -73 179 -66 113"/>
                                                  <Edge fillStyle0="7" fillStyle1="6" edges="! -36 97| -38 153[ -41 195 -69 195[ -80 195 -86 184"/>
                                                  <Edge fillStyle0="3" fillStyle1="0" edges="! -249 239| -249 250| -239 239| -249 239"/>
                                                  <Edge fillStyle0="2" fillStyle1="4" edges="! -182 307| -170 296[ -120 259 -120 280[ -120 286 -154 321[ -193 367 -206 428| -208 430| -219 401| -220 371[ -220 353 -208 334"/>
                                                  <Edge fillStyle0="2" fillStyle1="3" edges="! -208 334| -218 347"/>
                                                  <Edge fillStyle0="2" fillStyle1="3" edges="! -229 432| -222 434| -217 440| -228 458| -226 467| -222 486| -220 486| -220 498| -218 533| -218 547"/>
                                                  <Edge fillStyle0="2" fillStyle1="0" edges="! -218 547| -213 546| -207 573[ -203 586 -204 609"/>
                                                  <Edge fillStyle0="2" fillStyle1="1" edges="! -204 609| -206 629"/>
                                                  <Edge fillStyle0="2" fillStyle1="3" edges="! -206 629| -202 633[ -202 642 -209 644"/>
                                                  <Edge fillStyle0="2" fillStyle1="1" edges="! -209 644| -215 673[ -211 711 -159 725"/>
                                                  <Edge fillStyle0="0" fillStyle1="3" edges="! -228 473| -229 460| -237 480| -227 482| -228 473"/>
                                                  <Edge fillStyle0="7" fillStyle1="6" edges="! -81 257| -79 255"/>
                                                  <Edge fillStyle0="5" fillStyle1="6" edges="! 48 251| -42 271[ -75 280 -75 304[ -75 332 -35 341| 193 361"/>
                                                  <Edge fillStyle0="3" fillStyle1="4" edges="! -208 334| -192 320| -186 311| -182 307"/>
                                                  <Edge fillStyle0="3" fillStyle1="2" edges="! -182 307| -150 274| -158 263"/>
                                                  <Edge fillStyle0="3" fillStyle1="7" edges="! -131 454[ -144 443 -144 426| -143 417| -141 414| -133 408| -105 410"/>
                                                  <Edge fillStyle0="3" fillStyle1="5" edges="! 8 496[ -19 476 -68 473| -117 464"/>
                                                  <Edge fillStyle0="7" fillStyle1="6" edges="! 181 373| -89 373[ -131 370 -138 349"/>
                                                  <Edge fillStyle0="4" fillStyle1="3" edges="! -473 610[ -489 610 -489 632| -489 634| -488 634| -459 640| -457 631| -461 617| -467 611| -473 610"/>
                                                  <Edge fillStyle0="4" fillStyle1="3" edges="! -573 564| -576 564| -580 562| -596 560| -651 557[ -662 557 -671 567| -673 566[ -680 566 -683 575| -685 590| -685 600| -687 614| -687 615[ -682 619 -681 629| -680 637"/>
                                                  <Edge fillStyle0="4" fillStyle1="2" edges="! -680 637| -654 643| -609 637| -596 633| -578 624[ -551 608 -551 590[ -551 573 -573 564"/>
                                                  <Edge fillStyle0="3" fillStyle1="2" edges="! -573 564| -549 562[ -527 562 -525 590| -525 596[ -525 614 -533 626| -535 639| -681 651| -680 637"/>
                                                  <Edge fillStyle0="2" fillStyle1="3" edges="! -452 636[ -450 647 -441 647| -432 643| -428 631"/>
                                                  <Edge fillStyle0="2" fillStyle1="4" edges="! -428 631[ -432 638 -443 638| -452 636"/>
                                                  <Edge fillStyle0="3" fillStyle1="4" edges="! -452 636| -452 633| -452 630| -452 627| -452 626[ -452 607 -441 607[ -428 607 -428 631"/>
                                                  <Edge fillStyle0="4" fillStyle1="2" edges="! -422 667| -445 662| -449 663"/>
                                                  <Edge fillStyle0="2" fillStyle1="3" edges="! -417 663| -454 661"/>
                                                  <Edge fillStyle0="5" fillStyle1="6" edges="! -130 567| -123 577[ -105 598 -67 598[ -20 598 -1 539"/>
                                                  <Edge fillStyle0="7" fillStyle1="5" edges="! -130 567| -130 566| -130 545| -132 533"/>
                                                  <Edge fillStyle0="7" fillStyle1="6" edges="! -132 533| -135 491"/>
                                                  <Edge fillStyle0="7" fillStyle1="6" edges="! 63 617[ 47 647 -42 647[ -115 647 -128 608| -130 567"/>
                                                  <Edge fillStyle0="7" fillStyle1="2" edges="! -122 661| -102 664| -66 670| 59 671"/>
                                                  <Edge fillStyle0="4" fillStyle1="3" edges="! -236 537[ -231 532 -231 519[ -231 504 -240 498| -249 496[ -268 496 -268 520| -268 523| -268 524"/>
                                                  <Edge fillStyle0="4" fillStyle1="2" edges="! -268 524[ -263 539 -249 540| -246 540| -236 537"/>
                                                  <Edge fillStyle0="3" fillStyle1="2" edges="! -236 537[ -240 542 -249 542[ -266 542 -268 524"/>
                                                  <Edge fillStyle0="0" fillStyle1="3" edges="! -218 547| -230 547| -253 552| -253 555| -257 565| -262 574[ -262 589 -232 610| -211 626"/>
                                                  <Edge fillStyle0="0" fillStyle1="1" edges="! -211 626| -204 609"/>
                                                  <Edge fillStyle0="4" fillStyle1="3" edges="! -280 533| -280 528| -280 527[ -280 512 -288 505| -291 503| -294 502"/>
                                                  <Edge fillStyle0="2" fillStyle1="4" edges="! -280 533| -289 536| -294 536| -305 553"/>
                                                  <Edge fillStyle0="2" fillStyle1="3" edges="! -305 553| -300 553[ -282 553 -280 533"/>
                                                  <Edge fillStyle0="4" fillStyle1="3" edges="! -346 544| -348 554| -348 565[ -353 560 -360 559"/>
                                                  <Edge fillStyle0="4" fillStyle1="3" edges="! -318 513| -320 527| -320 529| -329 527| -333 528"/>
                                                  <Edge fillStyle0="3" fillStyle1="4" edges="! -305 553| -309 552| -309 554| -309 557"/>
                                                  <Edge fillStyle0="3" fillStyle1="2" edges="! -309 557[ -309 567 -314 573| -330 582| -333 582"/>
                                                  <Edge fillStyle0="3" fillStyle1="4" edges="! -333 582| -335 582| -339 581| -338 585"/>
                                                  <Edge fillStyle0="3" fillStyle1="2" edges="! -338 585| -338 590[ -338 603 -347 612[ -355 620 -360 620| -368 619| -370 624[ -376 632 -383 632[ -399 632 -399 612[ -399 592 -384 591| -384 590| -384 582"/>
                                                  <Edge fillStyle0="2" fillStyle1="4" edges="! -338 585| -342 590| -383 617| -389 615| -393 613| -382 590| -373 573"/>
                                                  <Edge fillStyle0="2" fillStyle1="4" edges="! -309 557| -333 581| -333 582"/>
                                                  <Edge fillStyle0="3" fillStyle1="1" edges="! -238 687[ -231 678 -231 670| -231 669"/>
                                                  <Edge fillStyle0="1" fillStyle1="3" edges="! -211 626| -206 629"/>
                                                  <Edge fillStyle0="1" fillStyle1="3" edges="! -209 644| -215 645| -219 645"/>
                                                  <Edge fillStyle0="5" fillStyle1="6" edges="! -127 494| -132 533"/>
                                             </edges>
                                        </DOMShape>
                                   </elements>
                              </DOMFrame>
                              <DOMFrame index="35" keyMode="9728">
                                   <elements>
                                        <DOMSymbolInstance libraryItemName="Symbol 2138" name="d" centerPoint3DX="14.6" centerPoint3DY="22.4">
                                             <matrix>
                                                  <Matrix tx="-5.25" ty="3.65"/>
                                             </matrix>
                                             <transformationPoint>
                                                  <Point/>
                                             </transformationPoint>
                                        </DOMSymbolInstance>
                                   </elements>
                              </DOMFrame>
                              <DOMFrame index="36" keyMode="9728">
                                   <elements>
                                        <DOMSymbolInstance libraryItemName="Symbol 2145" name="d" centerPoint3DX="18.15" centerPoint3DY="34.95">
                                             <matrix>
                                                  <Matrix tx="-5.25" ty="3.65"/>
                                             </matrix>
                                             <transformationPoint>
                                                  <Point/>
                                             </transformationPoint>
                                        </DOMSymbolInstance>
                                   </elements>
                              </DOMFrame>
                              <DOMFrame index="37" keyMode="9728">
                                   <elements>
                                        <DOMSymbolInstance libraryItemName="Symbol 2146" name="d" centerPoint3DX="19.2" centerPoint3DY="34.15">
                                             <matrix>
                                                  <Matrix tx="-5.25" ty="3.65"/>
                                             </matrix>
                                             <transformationPoint>
                                                  <Point/>
                                             </transformationPoint>
                                        </DOMSymbolInstance>
                                   </elements>
                              </DOMFrame>
                              <DOMFrame index="38" keyMode="9728">
                                   <elements>
                                        <DOMSymbolInstance libraryItemName="Symbol 2147" centerPoint3DX="43.95" centerPoint3DY="40.3">
                                             <matrix>
                                                  <Matrix tx="7.55" ty="0.65" a="0.5342559814453125" d="0.982391357421875"/>
                                             </matrix>
                                             <transformationPoint>
                                                  <Point/>
                                             </transformationPoint>
                                             <color>
                                                  <Color redMultiplier="0.0" greenMultiplier="0.0" blueMultiplier="0.0" redOffset="153"/>
                                             </color>
                                        </DOMSymbolInstance>
                                   </elements>
                              </DOMFrame>
                              <DOMFrame index="39" keyMode="9728">
                                   <elements>
                                        <DOMSymbolInstance libraryItemName="Symbol 2148" name="d" centerPoint3DX="24.4" centerPoint3DY="98.05">
                                             <matrix>
                                                  <Matrix tx="-5.0" ty="0.0"/>
                                             </matrix>
                                             <transformationPoint>
                                                  <Point/>
                                             </transformationPoint>
                                        </DOMSymbolInstance>
                                   </elements>
                              </DOMFrame>
                              <DOMFrame index="40" keyMode="9728">
                                   <elements>
                                        <DOMSymbolInstance libraryItemName="Symbol 2137" centerPoint3DX="-2.25" centerPoint3DY="17.15">
                                             <matrix>
                                                  <Matrix tx="-14.35" ty="6.2" a="0.2493438720703125" d="0.944793701171875" b="0.3014678955078125" c="0.187774658203125"/>
                                             </matrix>
                                             <transformationPoint>
                                                  <Point/>
                                             </transformationPoint>
                                             <color>
                                                  <Color redMultiplier="0.0" greenMultiplier="0.0" blueMultiplier="0.0"/>
                                             </color>
                                        </DOMSymbolInstance>
                                   </elements>
                              </DOMFrame>
                              <DOMFrame index="41" keyMode="9728">
                                   <elements>
                                        <DOMSymbolInstance libraryItemName="Symbol 2154" name="d" centerPoint3DX="16.75" centerPoint3DY="30.5">
                                             <matrix>
                                                  <Matrix tx="-29.7" ty="-9.15" a="1.1858978271484375" d="1.20538330078125"/>
                                             </matrix>
                                             <transformationPoint>
                                                  <Point/>
                                             </transformationPoint>
                                        </DOMSymbolInstance>
                                   </elements>
                              </DOMFrame>
                              <DOMFrame index="42" keyMode="9728">
                                   <elements>
                                        <DOMSymbolInstance libraryItemName="Symbol 2155" name="d" centerPoint3DX="13.55" centerPoint3DY="20.65">
                                             <matrix>
                                                  <Matrix tx="-29.7" ty="-9.15" a="1.1858978271484375" d="1.20538330078125"/>
                                             </matrix>
                                             <transformationPoint>
                                                  <Point/>
                                             </transformationPoint>
                                        </DOMSymbolInstance>
                                   </elements>
                              </DOMFrame>
                              <DOMFrame index="43" keyMode="9728">
                                   <elements>
                                        <DOMSymbolInstance libraryItemName="Symbol 2156" name="d" centerPoint3DX="13.25" centerPoint3DY="20.65">
                                             <matrix>
                                                  <Matrix tx="-29.7" ty="-9.15" a="1.1858978271484375" d="1.20538330078125"/>
                                             </matrix>
                                             <transformationPoint>
                                                  <Point/>
                                             </transformationPoint>
                                        </DOMSymbolInstance>
                                   </elements>
                              </DOMFrame>
                              <DOMFrame index="44" keyMode="9728">
                                   <elements>
                                        <DOMSymbolInstance libraryItemName="Symbol 2157" name="d" centerPoint3DX="13.55" centerPoint3DY="20.65">
                                             <matrix>
                                                  <Matrix tx="-29.7" ty="-9.15" a="1.1858978271484375" d="1.20538330078125"/>
                                             </matrix>
                                             <transformationPoint>
                                                  <Point/>
                                             </transformationPoint>
                                        </DOMSymbolInstance>
                                   </elements>
                              </DOMFrame>
                         </frames>
                    </DOMLayer>
               </layers>
          </DOMTimeline>
     </timeline>
</DOMSymbolItem>
