<DOMSymbolItem xmlns="http://ns.adobe.com/xfl/2008/" xmlns:xsi="http://www.w3.org/2001/XMLSchema-instance" name="Symbol 1544" lastModified="1681431985" symbolType="graphic">
     <timeline>
          <DOMTimeline name="Symbol 1544" currentFrame="0">
               <layers>
                    <DOMLayer name="Layer 1">
                         <frames>
                              <DOMFrame index="0" motionTweenScale="false" keyMode="8192">
                                   <elements>
                                        <DOMShape isFloating="true">
                                             <fills>
                                                  <FillStyle index="1">
                                                       <SolidColor color="#000000" alpha="1.0"/>
                                                  </FillStyle>
                                                  <FillStyle index="2">
                                                       <SolidColor color="#cc9999" alpha="1.0"/>
                                                  </FillStyle>
                                             </fills>
                                             <strokes>
                                                  <StrokeStyle index="1">
                                                       <SolidStroke weight="2.0" scaleMode="normal">
                                                            <fill>
                                                                 <SolidColor color="#000000"/>
                                                            </fill>
                                                       </SolidStroke>
                                                  </StrokeStyle>
                                             </strokes>
                                             <edges>
                                                  <Edge fillStyle1="1" strokeStyle="1" edges="! 436 -69| 496 -26| 533 16[ 544 28 572 98[ 600 169 600 184[ 600 213 585 235| 553 262[ 575 296 575 343[ 575 398 443 398| 409 395| 403 398| 277 411[ 230 411 204 394[ 185 383 185 373[ 185 294 217 234[ 185 248 145 248[ 98 248 86 221| 80 193[ 80 116 109 69[ 129 35 172 7[ 185 -14 240 -37| 248 -40[ 264 -52 301 -63| 436 -69"/>
                                                  <Edge fillStyle0="2" fillStyle1="1" strokeStyle="0" edges="! 299 -20| 248 1| 219 21| 217 22| 203 35[ 128 108 128 158[ 128 210 144 210[ 185 210 222 175| 222 157[ 222 71 278 27| 280 35| 269 91[ 256 149 256 185| 262 206| 268 225| 263 236| 263 237| 263 250| 240 351[ 240 370 349 370| 372 361[ 372 300 385 274| 356 274[ 328 274 316 263| 308 249[ 308 240 337 240| 454 242[ 472 242 472 254[ 472 268 411 273| 414 319| 413 354| 412 360| 430 356| 430 359| 441 359| 496 356| 528 346| 519 296| 520 292| 521 261| 520 238[ 560 229 560 207[ 560 168 517 81[ 457 -36 376 -36| 305 -23| 299 -20"/>
                                             </edges>
                                        </DOMShape>
                                   </elements>
                              </DOMFrame>
                         </frames>
                    </DOMLayer>
               </layers>
          </DOMTimeline>
     </timeline>
</DOMSymbolItem>
