<DOMSymbolItem xmlns="http://ns.adobe.com/xfl/2008/" xmlns:xsi="http://www.w3.org/2001/XMLSchema-instance" name="Symbol 1564" lastModified="1681431985">
     <timeline>
          <DOMTimeline name="Symbol 1564">
               <layers>
                    <DOMLayer name="Layer 1" color="#1698e4">
                         <frames>
                              <DOMFrame index="0" keyMode="9728">
                                   <elements>
                                        <DOMShape isFloating="true">
                                             <fills>
                                                  <FillStyle index="1">
                                                       <SolidColor color="#000000" alpha="1.0"/>
                                                  </FillStyle>
                                                  <FillStyle index="2">
                                                       <SolidColor color="#3d5966" alpha="1.0"/>
                                                  </FillStyle>
                                             </fills>
                                             <strokes>
                                                  <StrokeStyle index="1">
                                                       <SolidStroke weight="2.0" scaleMode="normal">
                                                            <fill>
                                                                 <SolidColor color="#000000"/>
                                                            </fill>
                                                       </SolidStroke>
                                                  </StrokeStyle>
                                             </strokes>
                                             <edges>
                                                  <Edge fillStyle0="2" fillStyle1="1" edges="! 304 -52| 260 -29| 234 -8| 233 -6| 220 8[ 155 86 155 140[ 155 195 169 195[ 222 195 265 116[ 308 37 325 37[ 338 37 338 52[ 312 145 270 191| 273 238| 253 347[ 253 367 348 367[ 379 367 382 304[ 383 284 389 270| 363 264| 342 255[ 352 238 389 240| 416 244| 430 241| 470 234| 493 227[ 533 217 533 192[ 533 150 495 57[ 443 -69 372 -69| 310 -55| 304 -52"/>
                                                  <Edge fillStyle0="0" fillStyle1="1" strokeStyle="1" edges="! 253 -70| 260 -73| 306 -98[ 370 -123 424 -104| 477 -58| 509 -13[ 519 0 543 75| 568 168[ 568 199 555 222[ 545 242 527 251[ 546 288 546 338[ 546 397 430 397| 401 394| 395 397[ 360 411 285 411[ 244 411 221 393[ 205 381 205 370[ 205 286 233 221[ 205 236 170 236[ 129 236 118 207| 113 177[ 113 94 138 44[ 156 7 193 -23[ 205 -45 253 -70"/>
                                                  <Edge fillStyle0="2" fillStyle1="1" strokeStyle="0" edges="! 485 260| 480 260| 463 268| 419 280| 419 355| 429 355| 477 352| 505 342[ 495 286 495 267| 495 260| 485 260"/>
                                             </edges>
                                        </DOMShape>
                                   </elements>
                              </DOMFrame>
                              <DOMFrame index="1" keyMode="9728">
                                   <elements>
                                        <DOMShape isFloating="true">
                                             <fills>
                                                  <FillStyle index="1">
                                                       <SolidColor color="#000000" alpha="1.0"/>
                                                  </FillStyle>
                                                  <FillStyle index="2">
                                                       <SolidColor color="#3d5966" alpha="1.0"/>
                                                  </FillStyle>
                                             </fills>
                                             <strokes>
                                                  <StrokeStyle index="1">
                                                       <SolidStroke weight="2.0" scaleMode="normal">
                                                            <fill>
                                                                 <SolidColor color="#000000"/>
                                                            </fill>
                                                       </SolidStroke>
                                                  </StrokeStyle>
                                             </strokes>
                                             <edges>
                                                  <Edge fillStyle0="2" fillStyle1="1" edges="! 310 -3| 305 0[ 278 10 258 20| 231 39| 229 41| 216 53[ 149 122 149 170[ 149 219 164 219[ 218 219 263 149[ 309 79 325 79[ 340 79 340 92[ 312 175 269 216| 272 258| 251 355[ 251 372 350 372[ 382 372 385 316| 393 286| 367 281| 344 273[ 354 258 393 259| 421 263| 437 260| 478 254| 501 248[ 544 239 544 217[ 544 179 504 97[ 450 -15 376 -15| 310 -3"/>
                                                  <Edge fillStyle0="0" fillStyle1="1" strokeStyle="1" edges="! 485 -6| 519 34| 555 113[ 581 180 581 195[ 581 223 567 243[ 556 261 538 269[ 557 302 557 347[ 557 399 437 399| 406 396| 399 399| 284 411[ 241 411 217 395[ 201 385 201 375[ 201 300 229 242[ 201 256 165 256[ 121 256 109 230| 105 203[ 105 130 131 85[ 150 52 188 26[ 201 6 251 -16| 258 -19[ 273 -30 307 -41| 429 -46[ 462 -29 485 -6"/>
                                                  <Edge fillStyle0="2" fillStyle1="1" strokeStyle="0" edges="! 471 284| 425 295| 425 362| 436 362| 485 359| 514 350[ 504 300 504 283| 504 277| 494 277| 488 277| 471 284"/>
                                             </edges>
                                        </DOMShape>
                                   </elements>
                              </DOMFrame>
                              <DOMFrame index="2" duration="2" keyMode="9728">
                                   <elements>
                                        <DOMShape isFloating="true">
                                             <fills>
                                                  <FillStyle index="1">
                                                       <SolidColor color="#000000" alpha="1.0"/>
                                                  </FillStyle>
                                                  <FillStyle index="2">
                                                       <SolidColor color="#3d5966" alpha="1.0"/>
                                                  </FillStyle>
                                             </fills>
                                             <strokes>
                                                  <StrokeStyle index="1">
                                                       <SolidStroke weight="2.0" scaleMode="normal">
                                                            <fill>
                                                                 <SolidColor color="#000000"/>
                                                            </fill>
                                                       </SolidStroke>
                                                  </StrokeStyle>
                                             </strokes>
                                             <edges>
                                                  <Edge fillStyle1="1" strokeStyle="1" edges="! 463 -33| 494 6| 514 39[ 525 55 537 107[ 548 156 548 181| 543 236[ 530 271 491 282[ 499 301 499 346[ 499 371 495 375[ 475 395 389 395[ 342 395 333 380| 333 369[ 312 382 292 382[ 218 382 176 326[ 148 289 148 265| 205 183[ 145 206 113 206[ 71 206 58 166| 54 126[ 54 66 137 13[ 216 -38 312 -43[ 332 -63 463 -33"/>
                                                  <Edge fillStyle0="2" fillStyle1="1" strokeStyle="0" edges="! 312 -26| 210 18[ 91 74 91 138[ 91 148 98 157[ 108 169 128 169| 201 147[ 258 125 270 125| 286 127| 288 129| 289 137| 268 155[ 268 183 230 225| 191 269[ 241 341 289 341[ 312 341 347 298| 352 292[ 376 240 391 216[ 399 223 399 233| 393 249| 432 244| 494 236[ 511 220 513 209| 512 181| 501 118[ 490 71 482 61| 468 27[ 460 7 441 0| 350 -14[ 320 -16 312 -26"/>
                                                  <Edge fillStyle0="2" fillStyle1="1" strokeStyle="0" edges="! 457 285| 411 283| 366 342| 368 345| 369 358| 424 356| 463 353| 461 310[ 460 296 464 285| 457 285"/>
                                             </edges>
                                        </DOMShape>
                                   </elements>
                              </DOMFrame>
                              <DOMFrame index="4" duration="2" keyMode="9728">
                                   <elements>
                                        <DOMShape isFloating="true">
                                             <fills>
                                                  <FillStyle index="1">
                                                       <SolidColor color="#000000" alpha="1.0"/>
                                                  </FillStyle>
                                                  <FillStyle index="2">
                                                       <SolidColor color="#3d5966" alpha="1.0"/>
                                                  </FillStyle>
                                             </fills>
                                             <strokes>
                                                  <StrokeStyle index="1">
                                                       <SolidStroke weight="2.0" scaleMode="normal">
                                                            <fill>
                                                                 <SolidColor color="#000000"/>
                                                            </fill>
                                                       </SolidStroke>
                                                  </StrokeStyle>
                                             </strokes>
                                             <edges>
                                                  <Edge fillStyle1="1" strokeStyle="1" edges="! 354 -45[ 397 -51 437 -45[ 508 -34 540 8| 568 40[ 559 82 559 144| 567 200| 575 225| 571 226| 568 230| 555 241[ 510 334 461 334| 459 334[ 454 407 367 407| 297 397| 294 399[ 280 399 277 389| 276 378[ 276 342 304 292[ 280 291 262 271[ 248 265 241 244| 240 239[ 230 219 230 207[ 230 185 240 166| 260 136| 178 137[ 117 137 98 103| 91 67[ 91 11 127 -11[ 173 -39 292 -40| 354 -45"/>
                                                  <Edge fillStyle0="2" fillStyle1="1" strokeStyle="0" edges="! 313 -21[ 275 -6 209 7[ 131 22 131 64| 143 95[ 243 89 279 98| 299 61| 308 42[ 317 50 317 60| 317 65| 317 69| 317 70[ 313 97 289 142| 284 152| 284 154| 282 157[ 274 165 271 179[ 268 188 268 200[ 268 211 274 221[ 282 234 298 237| 309 243| 329 253| 329 250[ 329 234 364 198| 377 186| 380 175[ 386 154 393 150[ 401 158 401 172| 398 186| 398 194| 363 247| 393 268[ 437 296 461 296[ 478 296 531 226| 534 222| 532 219| 545 206| 545 203| 537 171| 529 143[ 529 132 532 130| 532 127| 527 58[ 509 6 406 -13| 354 -22| 313 -21"/>
                                                  <Edge fillStyle0="2" fillStyle1="1" strokeStyle="0" edges="! 435 332[ 399 324 367 296| 366 295[ 355 293 347 284| 316 362| 366 367[ 423 367 431 342| 435 332"/>
                                             </edges>
                                        </DOMShape>
                                   </elements>
                              </DOMFrame>
                              <DOMFrame index="6" duration="2" keyMode="9728">
                                   <elements>
                                        <DOMShape isFloating="true">
                                             <fills>
                                                  <FillStyle index="1">
                                                       <SolidColor color="#000000" alpha="1.0"/>
                                                  </FillStyle>
                                                  <FillStyle index="2">
                                                       <SolidColor color="#cc9999" alpha="1.0"/>
                                                  </FillStyle>
                                                  <FillStyle index="3">
                                                       <SolidColor color="#3d5966" alpha="1.0"/>
                                                  </FillStyle>
                                             </fills>
                                             <strokes>
                                                  <StrokeStyle index="1">
                                                       <SolidStroke weight="2.0" scaleMode="normal">
                                                            <fill>
                                                                 <SolidColor color="#000000"/>
                                                            </fill>
                                                       </SolidStroke>
                                                  </StrokeStyle>
                                             </strokes>
                                             <edges>
                                                  <Edge fillStyle0="3" fillStyle1="1" edges="! 432 -46[ 363 -46 300 -22| 245 4[ 193 12 176 26[ 164 36 164 55[ 164 62 175 73[ 187 84 196 84| 279 74| 374 64[ 392 64 401 72| 406 81[ 406 89 322 106| 280 114| 275 135| 274 140[ 284 142 284 176[ 284 197 296 217[ 317 250 361 250[ 396 250 417 236| 429 241| 430 243| 475 284| 521 327| 570 298| 622 255| 564 210[ 514 169 514 152| 525 75[ 525 59 507 29| 490 4| 469 -17[ 446 -46 432 -46"/>
                                                  <Edge fillStyle0="0" fillStyle1="1" strokeStyle="1" edges="! 569 144| 610 186[ 668 235 668 248[ 595 372 518 372[ 491 372 444 319| 410 275| 397 279| 385 319[ 372 356 372 370[ 372 384 358 390| 288 398[ 234 398 215 382| 209 370| 205 372[ 184 372 184 354[ 184 337 233 254| 253 224[ 241 218 234 196| 227 165[ 227 141 240 120| 213 122[ 160 122 139 91[ 128 75 128 56[ 128 14 149 -4[ 180 -30 291 -58| 376 -79[ 447 -91 472 -65| 518 -12[ 547 -5 555 40| 557 53| 563 87"/>
                                                  <Edge fillStyle0="0" fillStyle1="0" strokeStyle="1" edges="! 563 87| 569 144"/>
                                                  <Edge fillStyle0="1" fillStyle1="2" strokeStyle="1" edges="! 569 144| 566 141"/>
                                                  <Edge fillStyle0="1" fillStyle1="2" strokeStyle="0" edges="! 566 141| 571 146"/>
                                                  <Edge fillStyle0="1" fillStyle1="0" strokeStyle="0" edges="! 571 146[ 590 169 578 156"/>
                                                  <Edge fillStyle0="1" fillStyle1="2" strokeStyle="0" edges="! 578 156[ 552 130 554 118| 558 83| 561 87"/>
                                                  <Edge fillStyle0="1" fillStyle1="0" strokeStyle="0" edges="! 561 87[ 562 81 563 87"/>
                                                  <Edge fillStyle0="0" fillStyle1="2" strokeStyle="0" edges="! 561 87| 559 101[ 559 126 568 142| 569 144"/>
                                                  <Edge fillStyle0="0" fillStyle1="2" strokeStyle="0" edges="! 571 146| 578 156"/>
                                                  <Edge fillStyle0="3" fillStyle1="1" strokeStyle="0" edges="! 365 284| 331 285[ 299 285 277 256| 247 311| 226 347| 232 346| 286 354| 339 351| 361 294| 365 284"/>
                                             </edges>
                                        </DOMShape>
                                   </elements>
                              </DOMFrame>
                              <DOMFrame index="8" duration="3" keyMode="9728">
                                   <elements>
                                        <DOMShape isFloating="true">
                                             <fills>
                                                  <FillStyle index="1">
                                                       <SolidColor color="#000000" alpha="1.0"/>
                                                  </FillStyle>
                                                  <FillStyle index="2">
                                                       <SolidColor color="#3d5966" alpha="1.0"/>
                                                  </FillStyle>
                                             </fills>
                                             <strokes>
                                                  <StrokeStyle index="1">
                                                       <SolidStroke weight="2.0" scaleMode="normal">
                                                            <fill>
                                                                 <SolidColor color="#000000"/>
                                                            </fill>
                                                       </SolidStroke>
                                                  </StrokeStyle>
                                             </strokes>
                                             <edges>
                                                  <Edge fillStyle0="1" strokeStyle="1" edges="! 528 74| 520 52| 512 51[ 470 2 396 2| 269 10| 121 0[ 44 2 44 68[ 44 105 67 117[ 100 136 184 144| 181 146[ 134 194 134 239[ 134 252 162 273| 165 275| 159 280[ 120 323 120 358[ 120 390 284 390[ 329 390 351 350| 364 299| 372 298| 381 297[ 383 371 404 385[ 426 401 546 401[ 656 401 656 364[ 656 320 589 242| 553 208| 555 197| 566 198| 558 182| 548 123| 528 74"/>
                                                  <Edge fillStyle0="2" fillStyle1="1" strokeStyle="0" edges="! 523 208| 497 132[ 471 40 411 40| 265 49| 214 43| 146 37[ 113 37 101 53| 95 69[ 95 102 241 108[ 386 113 386 132[ 386 150 347 150| 228 148| 207 182[ 185 213 185 225[ 185 268 293 268| 383 274| 383 273| 387 272[ 391 269 398 269[ 409 269 422 315[ 435 361 461 361| 526 358| 595 353| 553 283| 520 228[ 520 214 523 208"/>
                                                  <Edge fillStyle0="2" fillStyle1="1" strokeStyle="0" edges="! 166 344| 297 350| 303 305| 304 303| 258 303[ 220 303 191 290| 181 306[ 166 332 166 344"/>
                                             </edges>
                                        </DOMShape>
                                   </elements>
                              </DOMFrame>
                              <DOMFrame index="11" keyMode="9728">
                                   <elements>
                                        <DOMShape isFloating="true">
                                             <fills>
                                                  <FillStyle index="1">
                                                       <SolidColor color="#000000" alpha="1.0"/>
                                                  </FillStyle>
                                                  <FillStyle index="2">
                                                       <SolidColor color="#3d5966" alpha="1.0"/>
                                                  </FillStyle>
                                             </fills>
                                             <strokes>
                                                  <StrokeStyle index="1">
                                                       <SolidStroke weight="2.0" scaleMode="normal">
                                                            <fill>
                                                                 <SolidColor color="#000000"/>
                                                            </fill>
                                                       </SolidStroke>
                                                  </StrokeStyle>
                                             </strokes>
                                             <edges>
                                                  <Edge fillStyle1="1" strokeStyle="1" edges="! 306 -98[ 370 -123 424 -104| 477 -58| 509 -13[ 519 0 543 75| 568 168[ 568 199 555 222[ 545 242 527 251[ 546 288 546 338[ 546 397 430 397| 401 394| 395 397[ 360 411 285 411[ 244 411 221 393[ 205 381 205 370[ 205 286 233 221[ 205 236 170 236[ 129 236 118 207| 113 177[ 113 94 138 44[ 156 7 193 -23[ 205 -45 253 -70| 260 -73| 306 -98"/>
                                                  <Edge fillStyle0="2" fillStyle1="1" strokeStyle="0" edges="! 304 -52| 260 -29| 234 -8| 233 -6| 220 8[ 155 86 155 140[ 155 195 169 195[ 205 195 237 158| 237 139[ 237 46 286 -1| 288 7| 278 68[ 267 130 267 169| 272 191| 277 212| 273 223| 273 224| 273 238| 253 347[ 253 367 348 367| 368 358[ 368 292 380 264| 354 264[ 330 264 319 252[ 312 245 312 237[ 312 228 338 228| 440 230[ 456 230 456 243[ 456 258 402 263| 405 313| 404 350| 403 357| 419 352| 419 355| 429 355| 477 352| 505 342| 497 288| 498 283| 499 250| 498 226[ 533 216 533 192[ 533 150 495 57[ 443 -69 372 -69| 310 -55| 304 -52"/>
                                             </edges>
                                        </DOMShape>
                                   </elements>
                              </DOMFrame>
                              <DOMFrame index="12" keyMode="9728">
                                   <elements>
                                        <DOMShape isFloating="true">
                                             <fills>
                                                  <FillStyle index="1">
                                                       <SolidColor color="#000000" alpha="1.0"/>
                                                  </FillStyle>
                                                  <FillStyle index="2">
                                                       <SolidColor color="#3d5966" alpha="1.0"/>
                                                  </FillStyle>
                                             </fills>
                                             <strokes>
                                                  <StrokeStyle index="1">
                                                       <SolidStroke weight="2.0" scaleMode="normal">
                                                            <fill>
                                                                 <SolidColor color="#000000"/>
                                                            </fill>
                                                       </SolidStroke>
                                                  </StrokeStyle>
                                             </strokes>
                                             <edges>
                                                  <Edge fillStyle0="2" fillStyle1="1" edges="! 299 -20| 248 1| 219 21| 217 22| 203 35[ 128 108 128 158[ 128 210 144 210[ 185 210 222 175| 222 157[ 222 71 278 27| 280 35| 269 91[ 256 149 256 185| 262 206| 268 225| 263 236| 263 237| 263 250| 240 351[ 240 370 349 370| 372 361[ 372 300 385 274| 356 274[ 328 274 316 263| 308 249[ 308 240 337 240| 454 242[ 472 242 472 254[ 472 268 411 273| 414 319| 413 354| 412 360| 430 356| 430 359| 441 359| 496 356| 528 346| 519 296| 520 292| 521 261| 520 238[ 560 229 560 207[ 560 168 517 81[ 457 -36 376 -36| 305 -23| 299 -20"/>
                                                  <Edge fillStyle0="0" fillStyle1="1" strokeStyle="1" edges="! 436 -69| 496 -26| 533 16[ 544 28 572 98[ 600 169 600 184[ 600 213 585 235| 553 262[ 575 296 575 343[ 575 398 443 398| 409 395| 403 398| 277 411[ 230 411 204 394[ 185 383 185 373[ 185 294 217 234[ 185 248 145 248[ 98 248 86 221| 80 193[ 80 116 109 69[ 129 35 172 7[ 185 -14 240 -37| 248 -40[ 264 -52 301 -63| 436 -69"/>
                                             </edges>
                                        </DOMShape>
                                   </elements>
                              </DOMFrame>
                              <DOMFrame index="13" duration="2" keyMode="9728">
                                   <elements>
                                        <DOMShape isFloating="true">
                                             <fills>
                                                  <FillStyle index="1">
                                                       <SolidColor color="#000000" alpha="1.0"/>
                                                  </FillStyle>
                                                  <FillStyle index="2">
                                                       <SolidColor color="#3d5966" alpha="1.0"/>
                                                  </FillStyle>
                                             </fills>
                                             <strokes>
                                                  <StrokeStyle index="1">
                                                       <SolidStroke weight="2.0" scaleMode="normal">
                                                            <fill>
                                                                 <SolidColor color="#000000"/>
                                                            </fill>
                                                       </SolidStroke>
                                                  </StrokeStyle>
                                             </strokes>
                                             <edges>
                                                  <Edge fillStyle0="2" fillStyle1="1" edges="! 312 -26| 210 18[ 91 74 91 138[ 91 148 98 157[ 108 169 128 169| 201 147| 202 147[ 216 147 232 136| 240 133| 240 129| 270 90| 285 65| 274 109| 270 125| 271 127| 267 148| 270 158| 269 158| 265 167| 266 169| 264 175[ 265 224 318 244[ 372 264 372 290| 364 350| 369 350| 369 358| 424 356| 463 353| 461 310[ 460 296 464 285| 465 283| 461 281| 459 273| 473 265| 490 251[ 512 230 512 216| 512 213| 513 209| 512 181| 501 118[ 490 71 482 61| 468 27[ 460 7 441 0| 350 -14[ 320 -16 312 -26"/>
                                                  <Edge fillStyle0="0" fillStyle1="1" strokeStyle="1" edges="! 463 -33| 494 6| 514 39[ 525 55 537 107[ 548 156 548 181| 543 236[ 530 271 491 282[ 499 301 499 346[ 499 371 495 375[ 475 395 389 395[ 342 395 333 380| 333 375| 331 370[ 311 382 292 382[ 218 382 176 326[ 148 289 148 265| 205 183[ 145 206 113 206[ 71 206 58 166| 54 126[ 54 66 137 13[ 216 -38 312 -43[ 332 -63 463 -33"/>
                                                  <Edge fillStyle0="2" fillStyle1="1" strokeStyle="0" edges="! 230 225| 191 269[ 241 341 289 341| 300 339[ 304 318 327 291| 280 264[ 245 243 233 222| 230 225"/>
                                             </edges>
                                        </DOMShape>
                                   </elements>
                              </DOMFrame>
                              <DOMFrame index="15" duration="2" keyMode="9728">
                                   <elements>
                                        <DOMShape isFloating="true">
                                             <fills>
                                                  <FillStyle index="1">
                                                       <SolidColor color="#000000" alpha="1.0"/>
                                                  </FillStyle>
                                                  <FillStyle index="2">
                                                       <SolidColor color="#3d5966" alpha="1.0"/>
                                                  </FillStyle>
                                             </fills>
                                             <strokes>
                                                  <StrokeStyle index="1">
                                                       <SolidStroke weight="2.0" scaleMode="normal">
                                                            <fill>
                                                                 <SolidColor color="#000000"/>
                                                            </fill>
                                                       </SolidStroke>
                                                  </StrokeStyle>
                                             </strokes>
                                             <edges>
                                                  <Edge fillStyle0="2" fillStyle1="1" edges="! 313 -21[ 275 -6 209 7[ 131 22 131 64| 143 95[ 238 89 275 97| 280 96| 284 88| 313 89| 313 90| 316 89| 327 89| 376 88[ 386 91 386 99[ 386 113 294 134| 289 142| 284 152| 284 154| 282 157[ 274 165 271 179[ 268 188 268 200[ 268 211 274 221[ 282 234 298 237| 299 237| 307 246[ 324 265 352 267| 334 308| 337 311| 316 362| 366 367[ 407 367 423 354[ 435 348 443 329| 452 302| 453 296| 455 296| 463 276| 488 221| 513 165| 532 127| 527 58[ 509 6 406 -13| 354 -22| 313 -21"/>
                                                  <Edge fillStyle0="0" fillStyle1="1" strokeStyle="1" edges="! 224 137| 178 137[ 117 137 98 103| 91 67[ 91 11 127 -11[ 173 -39 292 -40| 354 -45[ 397 -51 437 -45[ 508 -34 540 8| 556 25| 556 27| 559 50| 559 51[ 554 87 559 131| 562 168| 575 190| 577 197| 578 207| 574 225| 571 226| 568 230| 555 241[ 511 332 463 334| 458 344[ 448 407 367 407| 297 397| 294 399[ 280 399 277 389| 276 378[ 276 342 304 292[ 280 291 262 271[ 248 265 241 244| 240 239[ 230 219 230 207[ 230 185 240 166| 256 142"/>
                                                  <Edge fillStyle0="0" fillStyle1="1" strokeStyle="0" edges="! 256 142| 243 144[ 229 144 224 137"/>
                                                  <Edge fillStyle0="2" fillStyle1="1" strokeStyle="0" edges="! 536 168| 507 238| 490 276| 531 226| 534 222| 532 219| 545 206| 545 203| 537 171| 536 168"/>
                                             </edges>
                                        </DOMShape>
                                   </elements>
                              </DOMFrame>
                              <DOMFrame index="17" duration="2" keyMode="9728">
                                   <elements>
                                        <DOMShape isFloating="true">
                                             <fills>
                                                  <FillStyle index="1">
                                                       <SolidColor color="#000000" alpha="1.0"/>
                                                  </FillStyle>
                                                  <FillStyle index="2">
                                                       <SolidColor color="#3d5966" alpha="1.0"/>
                                                  </FillStyle>
                                             </fills>
                                             <strokes>
                                                  <StrokeStyle index="1">
                                                       <SolidStroke weight="2.0" scaleMode="normal">
                                                            <fill>
                                                                 <SolidColor color="#000000"/>
                                                            </fill>
                                                       </SolidStroke>
                                                  </StrokeStyle>
                                             </strokes>
                                             <edges>
                                                  <Edge fillStyle1="1" strokeStyle="1" edges="! 204 122[ 158 119 139 91[ 128 75 128 56[ 128 14 149 -4[ 180 -30 291 -58| 376 -79[ 447 -91 472 -65| 518 -12| 527 -8| 530 5| 534 25| 548 61[ 562 108 562 139| 561 154[ 613 180 610 186[ 668 235 668 248[ 595 372 518 372[ 491 372 444 319| 410 275| 397 279| 385 319[ 372 356 372 370[ 372 384 358 390| 288 398[ 234 398 215 382| 213 378| 208 378[ 195 378 191 369[ 184 364 184 354[ 184 346 196 321| 226 266| 233 254| 253 225| 253 224[ 241 218 234 196| 227 165[ 227 148 234 133"/>
                                                  <Edge fillStyle1="1" strokeStyle="0" edges="! 234 133| 216 128| 204 122"/>
                                                  <Edge fillStyle0="2" fillStyle1="1" strokeStyle="0" edges="! 432 -46[ 363 -46 300 -22| 245 4[ 193 12 176 26[ 164 36 164 55[ 164 62 175 73[ 187 84 196 84| 230 81| 261 85[ 268 85 289 71| 287 75| 304 68[ 408 31 408 70| 343 104| 264 132[ 258 147 258 163| 259 168| 258 178| 261 201[ 269 221 292 222| 260 272| 256 279| 255 286| 231 327| 232 336| 228 344| 227 347| 232 346| 286 354| 339 351| 360 297| 363 294[ 382 279 389 258| 354 252| 345 234[ 370 218 414 223| 420 224[ 429 219 444 217| 474 208[ 497 207 511 191[ 512 178 520 161| 527 139| 525 134| 527 135| 529 109| 521 59| 519 53| 507 29| 490 4| 469 -17[ 446 -46 432 -46"/>
                                                  <Edge fillStyle0="2" fillStyle1="1" strokeStyle="0" edges="! 520 228[ 492 256 456 264| 475 284| 521 327| 570 298| 622 255| 564 210| 545 194| 520 228"/>
                                             </edges>
                                        </DOMShape>
                                   </elements>
                              </DOMFrame>
                              <DOMFrame index="19" duration="3" keyMode="9728">
                                   <elements>
                                        <DOMShape isFloating="true">
                                             <fills>
                                                  <FillStyle index="1">
                                                       <SolidColor color="#000000" alpha="1.0"/>
                                                  </FillStyle>
                                                  <FillStyle index="2">
                                                       <SolidColor color="#3d5966" alpha="1.0"/>
                                                  </FillStyle>
                                             </fills>
                                             <strokes>
                                                  <StrokeStyle index="1">
                                                       <SolidStroke weight="2.0" scaleMode="normal">
                                                            <fill>
                                                                 <SolidColor color="#000000"/>
                                                            </fill>
                                                       </SolidStroke>
                                                  </StrokeStyle>
                                             </strokes>
                                             <edges>
                                                  <Edge fillStyle0="1" strokeStyle="1" edges="! 560 198| 568 198| 566 197| 565 196| 557 188[ 540 124 496 68| 482 52| 483 39| 478 24| 478 23[ 444 2 396 2| 269 10| 121 0[ 44 2 44 68[ 44 105 67 117[ 93 132 152 140"/>
                                                  <Edge fillStyle0="1" strokeStyle="0" edges="! 152 140[ 153 148 163 152| 173 155"/>
                                                  <Edge fillStyle0="1" strokeStyle="1" edges="! 173 155[ 134 198 134 239[ 134 252 162 273| 165 275| 159 280[ 120 323 120 358[ 120 390 284 390[ 329 390 351 350| 364 299| 372 298| 381 297[ 383 371 404 385[ 426 401 546 401[ 656 401 656 364[ 656 320 589 242| 564 217"/>
                                                  <Edge fillStyle0="1" strokeStyle="0" edges="! 564 217| 560 198"/>
                                                  <Edge fillStyle0="1" fillStyle1="2" strokeStyle="0" edges="! 449 51| 528 184| 529 213[ 529 225 521 231| 553 283| 595 353| 526 358| 461 361[ 435 361 422 315| 416 294[ 458 290 481 272| 477 269| 350 266| 332 267| 257 258[ 227 258 227 272[ 227 290 313 292| 303 308| 302 313| 297 350| 166 344[ 166 332 181 306| 186 298| 191 290| 194 292| 195 289| 198 276[ 227 276 227 259| 211 242[ 189 239 183 225| 181 204[ 181 181 201 159| 248 160| 345 154| 355 143| 334 139| 271 133| 266 133[ 187 133 138 110[ 106 95 99 79| 95 69| 98 62[ 99 53 104 50[ 117 37 146 37| 214 43| 232 46| 241 46| 297 50| 299 47| 411 40[ 432 40 449 51"/>
                                             </edges>
                                        </DOMShape>
                                   </elements>
                              </DOMFrame>
                         </frames>
                    </DOMLayer>
                    <DOMLayer name="Layer 2" color="#ab0de3" current="true" isSelected="true">
                         <frames>
                              <DOMFrame index="0" duration="22" keyMode="9728">
                                   <elements>
                                        <DOMSymbolInstance libraryItemName="Symbol 1536" symbolType="graphic" loop="loop">
                                             <matrix>
                                                  <Matrix tx="0.0" ty="0.0"/>
                                             </matrix>
                                             <transformationPoint>
                                                  <Point/>
                                             </transformationPoint>
                                        </DOMSymbolInstance>
                                   </elements>
                              </DOMFrame>
                         </frames>
                    </DOMLayer>
               </layers>
          </DOMTimeline>
     </timeline>
</DOMSymbolItem>
