<DOMSymbolItem xmlns="http://ns.adobe.com/xfl/2008/" xmlns:xsi="http://www.w3.org/2001/XMLSchema-instance" name="Symbol 1680" lastModified="1681431985" symbolType="graphic">
     <timeline>
          <DOMTimeline name="Symbol 1680" currentFrame="0">
               <layers>
                    <DOMLayer name="Layer 1">
                         <frames>
                              <DOMFrame index="0" motionTweenScale="false" keyMode="8192">
                                   <elements>
                                        <DOMShape isFloating="true">
                                             <fills>
                                                  <FillStyle index="1">
                                                       <SolidColor color="#666666" alpha="0.8"/>
                                                  </FillStyle>
                                             </fills>
                                             <strokes/>
                                             <edges>
                                                  <Edge fillStyle1="1" edges="! 328 -309[ 374 -306 423 -272[ 457 -249 484 -218| 525 -135| 528 -137| 558 -156| 584 -175[ 602 -185 635 -186| 703 -186[ 780 -183 840 -137[ 874 -111 886 -86| 895 -71| 913 -24| 949 -28[ 1022 -28 1052 80[ 1068 138 1068 200| 1060 278| 1049 355[ 1045 400 1009 453[ 973 505 951 505| 947 505| 939 516[ 937 546 910 598[ 879 657 848 675[ 777 715 741 727[ 634 762 462 762| 399 760| 391 760[ 384 760 381 756| 378 755| 374 746[ 374 742 380 740[ 384 732 403 721| 439 698| 445 688| 419 695| 332 708[ 247 708 157 686| 101 669| 110 678| 140 701[ 164 718 164 721[ 164 731 155 734[ 148 743 107 743[ 78 743 -63 701[ -101 689 -138 662| -196 619[ -226 596 -264 531[ -302 465 -302 433[ -302 400 -284 344[ -264 282 -234 266| -236 263| -263 199[ -281 154 -281 90[ -281 24 -272 -8[ -260 -55 -217 -109[ -136 -210 -31 -177[ 4 -167 30 -143[ 38 -189 74 -231[ 137 -302 256 -309| 328 -309"/>
                                                  <Edge fillStyle1="1" edges="! 936 489| 938 486| 938 485| 939 476| 922 432[ 923 452 929 459[ 936 469 936 486| 936 489"/>
                                             </edges>
                                        </DOMShape>
                                   </elements>
                              </DOMFrame>
                         </frames>
                    </DOMLayer>
               </layers>
          </DOMTimeline>
     </timeline>
</DOMSymbolItem>
