<DOMSymbolItem xmlns="http://ns.adobe.com/xfl/2008/" xmlns:xsi="http://www.w3.org/2001/XMLSchema-instance" name="Symbol 1677" lastModified="1681431985" symbolType="graphic">
     <timeline>
          <DOMTimeline name="Symbol 1677" currentFrame="0">
               <layers>
                    <DOMLayer name="Layer 1">
                         <frames>
                              <DOMFrame index="0" motionTweenScale="false" keyMode="8192">
                                   <elements>
                                        <DOMShape isFloating="true">
                                             <fills>
                                                  <FillStyle index="1">
                                                       <SolidColor color="#666666" alpha="0.8"/>
                                                  </FillStyle>
                                             </fills>
                                             <strokes/>
                                             <edges>
                                                  <Edge fillStyle1="1" edges="! 249 -167[ 304 -167 340 -148| 388 -113| 462 -66| 466 -67| 483 -63| 498 -60| 546 -77| 631 -94[ 710 -94 750 -72| 804 -26| 836 19[ 852 48 870 63[ 877 69 905 80[ 934 91 947 100[ 963 111 977 146[ 996 193 996 234[ 996 317 948 391[ 899 464 899 476| 905 523[ 905 576 859 636[ 800 712 704 730| 653 731[ 609 725 544 748| 459 773| 354 761| 280 748| 163 742[ 78 738 -1 705[ -41 689 -132 635[ -212 587 -212 485[ -212 414 -185 352| -158 285| -182 252[ -207 219 -207 187[ -207 138 -169 80[ -119 4 -34 3[ 30 2 53 -29| 79 -81| 128 -129[ 182 -167 249 -167"/>
                                             </edges>
                                        </DOMShape>
                                   </elements>
                              </DOMFrame>
                         </frames>
                    </DOMLayer>
               </layers>
          </DOMTimeline>
     </timeline>
</DOMSymbolItem>
