<DOMSymbolItem xmlns="http://ns.adobe.com/xfl/2008/" xmlns:xsi="http://www.w3.org/2001/XMLSchema-instance" name="Symbol 2265" lastModified="1681431985">
     <timeline>
          <DOMTimeline name="Symbol 2265">
               <layers>
                    <DOMLayer name="Layer 1" color="#356de9" current="true" isSelected="true">
                         <frames>
                              <DOMFrame index="0" keyMode="9728">
                                   <elements>
                                        <DOMShape isFloating="true">
                                             <fills>
                                                  <FillStyle index="1">
                                                       <SolidColor color="#000000"/>
                                                  </FillStyle>
                                                  <FillStyle index="2">
                                                       <SolidColor color="#797979"/>
                                                  </FillStyle>
                                                  <FillStyle index="3">
                                                       <SolidColor color="#666666"/>
                                                  </FillStyle>
                                                  <FillStyle index="4">
                                                       <SolidColor color="#990000"/>
                                                  </FillStyle>
                                             </fills>
                                             <strokes/>
                                             <edges>
                                                  <Edge fillStyle1="1" edges="! 230 289[ 220 290 199 300| 186 306| 179 351| 170 328| 168 312| 167 312| 159 311| 147 317[ 119 337 110 364[ 102 363 102 351[ 102 325 136 300[ 102 279 47 223| 63 99[ 74 54 88 41[ 121 9 222 0| 254 0[ 306 0 317 23| 326 57| 343 85| 359 119| 355 142| 411 141[ 418 141 419 144[ 387 135 353 165| 343 177| 330 208| 323 224| 323 226| 315 250| 306 276| 311 295[ 311 315 323 351| 320 354| 316 350"/>
                                                  <Edge fillStyle1="4" edges="! 316 350| 321 364| 312 436[ 312 451 318 464| 323 500| 323 512[ 320 519 310 519[ 293 519 293 506[ 293 495 298 483| 303 459| 299 367[ 299 340 265 323[ 230 307 230 291| 230 289"/>
                                                  <Edge fillStyle0="1" fillStyle1="4" edges="! 230 289| 234 288| 283 285| 296 314| 316 350"/>
                                                  <Edge fillStyle0="2" fillStyle1="1" edges="! 272 42| 221 42| 215 41| 212 45| 207 57| 210 70| 203 81[ 191 75 191 44| 195 39[ 132 37 107 98[ 90 138 90 215| 93 219"/>
                                                  <Edge fillStyle0="2" fillStyle1="3" edges="! 93 219| 96 219[ 133 219 191 171"/>
                                                  <Edge fillStyle0="2" fillStyle1="1" edges="! 191 171[ 200 152 213 148| 213 151"/>
                                                  <Edge fillStyle0="2" fillStyle1="3" edges="! 213 151[ 269 96 272 42"/>
                                                  <Edge fillStyle0="1" fillStyle1="3" edges="! 272 42| 305 96| 326 132| 318 151[ 311 157 309 168| 284 211| 277 233| 263 249| 230 252| 229 252| 198 186| 206 167| 213 151"/>
                                                  <Edge fillStyle0="3" fillStyle1="1" edges="! 93 219| 126 243[ 162 267 167 267| 200 255[ 189 235 182 198[ 184 187 189 175| 191 171"/>
                                             </edges>
                                        </DOMShape>
                                   </elements>
                              </DOMFrame>
                              <DOMFrame index="1" keyMode="9728">
                                   <elements>
                                        <DOMShape isFloating="true">
                                             <fills>
                                                  <FillStyle index="1">
                                                       <SolidColor color="#000000"/>
                                                  </FillStyle>
                                                  <FillStyle index="2">
                                                       <SolidColor color="#797979"/>
                                                  </FillStyle>
                                                  <FillStyle index="3">
                                                       <SolidColor color="#666666"/>
                                                  </FillStyle>
                                                  <FillStyle index="4">
                                                       <SolidColor color="#990000"/>
                                                  </FillStyle>
                                             </fills>
                                             <strokes/>
                                             <edges>
                                                  <Edge fillStyle0="2" fillStyle1="1" edges="! 814 219| 817 215[ 817 138 800 98[ 775 37 712 39| 716 44[ 716 75 704 81[ 697 78 697 70| 700 57| 695 45| 692 41| 686 42| 635 42"/>
                                                  <Edge fillStyle0="2" fillStyle1="3" edges="! 635 42[ 638 96 694 151"/>
                                                  <Edge fillStyle0="2" fillStyle1="1" edges="! 694 151| 694 148[ 707 152 716 171"/>
                                                  <Edge fillStyle0="2" fillStyle1="3" edges="! 716 171[ 774 219 811 219| 814 219"/>
                                                  <Edge fillStyle0="1" fillStyle1="3" edges="! 814 219| 781 243| 740 267| 707 255[ 718 235 725 198| 718 175| 716 171"/>
                                                  <Edge fillStyle0="1" fillStyle1="0" edges="! 677 289| 708 300| 721 306[ 721 327 728 351| 737 328| 739 312| 740 312| 748 311| 760 317[ 788 337 797 364[ 805 363 805 351[ 805 325 771 300[ 805 279 860 223| 844 99[ 833 54 819 41[ 786 9 685 0| 653 0[ 601 0 590 23[ 583 35 581 57| 564 85| 548 119| 552 142| 496 141[ 489 141 488 144[ 520 135 554 165| 564 177| 577 208| 584 224| 584 226| 592 250| 601 276| 596 295[ 596 315 584 351| 587 354| 591 350"/>
                                                  <Edge fillStyle0="1" fillStyle1="4" edges="! 591 350| 611 314| 624 285| 673 288| 677 289"/>
                                                  <Edge fillStyle0="0" fillStyle1="4" edges="! 677 289| 677 291[ 677 307 642 323[ 608 340 608 367| 604 459| 609 483| 614 506[ 614 519 597 519[ 587 519 584 512| 584 500[ 584 477 589 464| 595 436| 586 364| 591 350"/>
                                                  <Edge fillStyle0="3" fillStyle1="1" edges="! 635 42| 602 96| 581 132| 589 151| 598 168| 623 211| 630 233[ 634 246 644 249| 677 252| 678 252| 709 186| 701 167| 694 151"/>
                                             </edges>
                                        </DOMShape>
                                   </elements>
                              </DOMFrame>
                              <DOMFrame index="2" keyMode="9728">
                                   <elements>
                                        <DOMShape isFloating="true">
                                             <fills>
                                                  <FillStyle index="1">
                                                       <SolidColor color="#000000"/>
                                                  </FillStyle>
                                                  <FillStyle index="2">
                                                       <SolidColor color="#797979"/>
                                                  </FillStyle>
                                                  <FillStyle index="3">
                                                       <SolidColor color="#666666"/>
                                                  </FillStyle>
                                             </fills>
                                             <strokes/>
                                             <edges>
                                                  <Edge fillStyle1="1" edges="! 90 206| 61 237| 47 223| 63 99[ 74 54 88 41[ 121 9 222 0| 254 0[ 306 0 317 23| 326 57| 337 76| 298 84"/>
                                                  <Edge fillStyle1="3" edges="! 298 84| 278 92| 257 102| 253 103"/>
                                                  <Edge fillStyle1="2" edges="! 253 103[ 167 113 98 200| 90 206"/>
                                                  <Edge fillStyle0="1" fillStyle1="2" edges="! 90 206[ 91 136 107 98[ 132 37 195 39| 191 44[ 191 75 203 81| 210 70| 207 57| 212 45| 215 41| 221 42| 272 42"/>
                                                  <Edge fillStyle0="1" fillStyle1="3" edges="! 272 42| 298 84"/>
                                                  <Edge fillStyle0="3" fillStyle1="2" edges="! 272 42[ 270 72 253 103"/>
                                             </edges>
                                        </DOMShape>
                                   </elements>
                              </DOMFrame>
                              <DOMFrame index="3" keyMode="9728">
                                   <elements>
                                        <DOMShape isFloating="true">
                                             <fills>
                                                  <FillStyle index="1">
                                                       <SolidColor color="#000000"/>
                                                  </FillStyle>
                                                  <FillStyle index="2">
                                                       <SolidColor color="#797979"/>
                                                  </FillStyle>
                                                  <FillStyle index="3">
                                                       <SolidColor color="#666666"/>
                                                  </FillStyle>
                                             </fills>
                                             <strokes/>
                                             <edges>
                                                  <Edge fillStyle1="1" edges="! 97 223| 76 251| 47 223| 63 99[ 74 54 88 41[ 121 9 222 0| 254 0[ 306 0 317 23| 326 57| 333 69| 291 73"/>
                                                  <Edge fillStyle1="3" edges="! 291 73| 260 88"/>
                                                  <Edge fillStyle1="2" edges="! 260 88| 189 138[ 132 185 101 219"/>
                                                  <Edge fillStyle1="3" edges="! 101 219| 97 223"/>
                                                  <Edge fillStyle0="1" fillStyle1="3" edges="! 97 223| 93 219"/>
                                                  <Edge fillStyle0="1" fillStyle1="2" edges="! 93 219| 90 215[ 90 138 107 98[ 132 37 195 39| 191 44[ 191 75 203 81| 210 70| 207 57| 212 45| 215 41| 221 42| 272 42"/>
                                                  <Edge fillStyle0="1" fillStyle1="3" edges="! 272 42| 291 73"/>
                                                  <Edge fillStyle0="3" fillStyle1="2" edges="! 272 42[ 271 65 260 88"/>
                                                  <Edge fillStyle0="2" fillStyle1="3" edges="! 93 219| 96 219| 101 219"/>
                                             </edges>
                                        </DOMShape>
                                   </elements>
                              </DOMFrame>
                         </frames>
                    </DOMLayer>
               </layers>
          </DOMTimeline>
     </timeline>
</DOMSymbolItem>
