<DOMSymbolItem xmlns="http://ns.adobe.com/xfl/2008/" xmlns:xsi="http://www.w3.org/2001/XMLSchema-instance" name="Symbol 1389" lastModified="1681431985" linkageIdentifier="bullet1" linkageExportForAS="true">
     <timeline>
          <DOMTimeline name="Symbol 1389">
               <layers>
                    <DOMLayer name="Layer 1" color="#29edbe">
                         <frames>
                              <DOMFrame index="0" keyMode="9728">
                                   <elements>
                                        <DOMSymbolInstance libraryItemName="Symbol 1388" name="d" centerPoint3DX="7.45" centerPoint3DY="-16.25">
                                             <matrix>
                                                  <Matrix tx="0.0" ty="-23.75"/>
                                             </matrix>
                                             <transformationPoint>
                                                  <Point/>
                                             </transformationPoint>
                                        </DOMSymbolInstance>
                                   </elements>
                              </DOMFrame>
                         </frames>
                    </DOMLayer>
                    <DOMLayer name="Layer 2" color="#88e2c5" current="true" isSelected="true">
                         <frames>
                              <DOMFrame index="0" keyMode="9728">
                                   <elements>
                                        <DOMSymbolInstance libraryItemName="Symbol 335" symbolType="graphic" loop="loop">
                                             <matrix>
                                                  <Matrix tx="0.0" ty="-0.05"/>
                                             </matrix>
                                             <transformationPoint>
                                                  <Point/>
                                             </transformationPoint>
                                        </DOMSymbolInstance>
                                   </elements>
                              </DOMFrame>
                         </frames>
                    </DOMLayer>
               </layers>
          </DOMTimeline>
     </timeline>
</DOMSymbolItem>
