<DOMSymbolItem xmlns="http://ns.adobe.com/xfl/2008/" xmlns:xsi="http://www.w3.org/2001/XMLSchema-instance" name="Symbol 2306" lastModified="1681431985" symbolType="graphic">
     <timeline>
          <DOMTimeline name="Symbol 2306" currentFrame="0">
               <layers>
                    <DOMLayer name="Layer 1">
                         <frames>
                              <DOMFrame index="0" motionTweenScale="false" keyMode="8192">
                                   <elements>
                                        <DOMShape isFloating="true">
                                             <fills>
                                                  <FillStyle index="1">
                                                       <SolidColor color="#000000"/>
                                                  </FillStyle>
                                             </fills>
                                             <strokes/>
                                             <edges>
                                                  <Edge fillStyle1="1" edges="! 440 185| 448 210| 482 221| 459 228| 442 226| 433 227[ 422 227 418 216| 416 204| 417 194| 398 192[ 369 192 361 205| 351 227| 348 225| 347 219[ 347 186 392 169| 407 164| 384 111[ 362 45 320 45| 280 50| 269 62[ 245 86 213 86| 188 83| 174 77| 158 80| 158 90| 165 123[ 165 134 155 141[ 140 150 130 170| 116 166| 115 159[ 115 125 137 126| 130 106| 130 88[ 130 44 177 44| 212 50[ 237 50 254 27[ 273 2 281 0[ 339 -3 366 15| 398 44[ 409 56 433 104| 452 148| 515 149| 515 150[ 472 151 454 163| 452 166| 445 171[ 440 177 440 185"/>
                                             </edges>
                                        </DOMShape>
                                   </elements>
                              </DOMFrame>
                         </frames>
                    </DOMLayer>
               </layers>
          </DOMTimeline>
     </timeline>
</DOMSymbolItem>
