<DOMSymbolItem xmlns="http://ns.adobe.com/xfl/2008/" xmlns:xsi="http://www.w3.org/2001/XMLSchema-instance" name="Symbol 1420" lastModified="1681431985" symbolType="graphic">
     <timeline>
          <DOMTimeline name="Symbol 1420" currentFrame="0">
               <layers>
                    <DOMLayer name="Layer 1">
                         <frames>
                              <DOMFrame index="0" motionTweenScale="false" keyMode="8192">
                                   <elements>
                                        <DOMShape isFloating="true">
                                             <fills>
                                                  <FillStyle index="1">
                                                       <SolidColor color="#7e1212"/>
                                                  </FillStyle>
                                             </fills>
                                             <strokes/>
                                             <edges>
                                                  <Edge fillStyle1="1" edges="! 815 219| 805 227| 810 252[ 810 279 781 302[ 749 327 700 327[ 680 327 664 314| 636 328| 637 337[ 637 347 611 365[ 585 383 571 383| 512 375[ 527 393 527 416[ 527 449 501 473[ 464 507 388 507[ 314 507 292 474[ 285 463 285 435[ 285 414 291 397| 200 397[ 192 395 185 389| 131 397[ 118 407 93 407[ 40 407 16 383[ 0 367 0 348[ 0 303 60 298[ 73 276 108 279| 102 261| 102 253| 90 253[ 54 253 40 222[ 33 206 33 186[ 33 117 118 117| 170 125| 175 121[ 184 89 230 79| 259 76[ 336 45 442 39[ 496 36 546 40[ 558 2 631 0[ 719 -1 719 56| 711 78[ 766 103 778 138| 780 138[ 831 138 831 185[ 831 204 815 219"/>
                                                  <Edge fillStyle1="1" edges="! 697 414[ 697 377 735 375[ 772 373 772 412[ 772 424 764 436[ 754 450 735 450[ 711 450 702 433| 697 414"/>
                                             </edges>
                                        </DOMShape>
                                   </elements>
                              </DOMFrame>
                         </frames>
                    </DOMLayer>
               </layers>
          </DOMTimeline>
     </timeline>
</DOMSymbolItem>
