<DOMSymbolItem xmlns="http://ns.adobe.com/xfl/2008/" xmlns:xsi="http://www.w3.org/2001/XMLSchema-instance" name="Symbol 1377" lastModified="1681431985">
     <timeline>
          <DOMTimeline name="Symbol 1377">
               <layers>
                    <DOMLayer name="Layer 1" color="#9c44e2" current="true" isSelected="true">
                         <frames>
                              <DOMFrame index="0" keyMode="9728">
                                   <elements>
                                        <DOMShape isFloating="true">
                                             <fills>
                                                  <FillStyle index="1">
                                                       <SolidColor color="#990000"/>
                                                  </FillStyle>
                                             </fills>
                                             <strokes/>
                                             <edges>
                                                  <Edge fillStyle0="1" edges="! 103 2| 96 0| 96 4[ 70 15 44 56[ 0 125 0 147[ 0 172 34 172| 65 168| 61 220[ 59 227 63 232[ 71 243 96 244| 99 244| 102 244| 107 244[ 135 244 143 232| 145 220| 141 168| 172 172[ 206 172 206 147[ 206 125 162 56[ 136 15 110 4| 110 0| 103 2"/>
                                                  <Edge fillStyle0="0" fillStyle1="1" edges="! 145 277| 138 281[ 134 292 117 292| 102 292| 89 292[ 72 292 68 281| 61 277| 57 268[ 57 257 79 255| 96 251| 102 251| 104 251| 105 251| 110 251| 110 252| 127 255[ 149 257 149 268| 145 277"/>
                                                  <Edge fillStyle0="1" fillStyle1="0" edges="! 102 299[ 63 298 63 318| 65 328[ 71 337 94 337| 96 337| 100 337| 112 337[ 135 337 141 328| 143 318[ 143 298 104 299| 102 299"/>
                                             </edges>
                                        </DOMShape>
                                   </elements>
                              </DOMFrame>
                         </frames>
                    </DOMLayer>
               </layers>
          </DOMTimeline>
     </timeline>
</DOMSymbolItem>
