<DOMSymbolItem xmlns="http://ns.adobe.com/xfl/2008/" xmlns:xsi="http://www.w3.org/2001/XMLSchema-instance" name="Symbol 1683" lastModified="1681431985" symbolType="graphic">
     <timeline>
          <DOMTimeline name="Symbol 1683" currentFrame="0">
               <layers>
                    <DOMLayer name="Layer 1">
                         <frames>
                              <DOMFrame index="0" motionTweenScale="false" keyMode="8192">
                                   <elements>
                                        <DOMShape isFloating="true">
                                             <fills>
                                                  <FillStyle index="1">
                                                       <SolidColor color="#666666" alpha="0.8"/>
                                                  </FillStyle>
                                             </fills>
                                             <strokes/>
                                             <edges>
                                                  <Edge fillStyle1="1" edges="! 22 -273[ 37 -313 98 -361[ 192 -436 304 -436[ 433 -436 509 -340[ 552 -285 561 -239| 624 -267[ 713 -298 811 -298[ 892 -298 983 -236[ 1062 -183 1085 -137[ 1131 -37 1131 57| 1127 127| 1120 185[ 1110 198 1089 259[ 1071 312 1062 312[ 1055 312 1054 304| 1054 298[ 1047 294 1044 279| 1037 232[ 1022 163 948 163[ 889 163 827 220| 806 244[ 840 246 864 272| 882 293| 897 314| 920 360| 922 398[ 922 521 820 622[ 730 711 651 711| 649 711| 646 711| 632 710| 631 705| 680 647[ 729 590 729 535[ 729 503 720 481[ 710 456 681 424| 648 398[ 621 381 599 375| 532 363| 531 363[ 551 386 551 408[ 551 449 499 502[ 427 575 310 575| 164 552| 39 521| -53 490[ -77 480 -92 470[ -123 467 -195 387| -220 348| -236 317| -241 320[ -268 343 -283 369[ -295 390 -295 433| -293 476| -287 518| -290 526| -297 531[ -312 531 -339 495| -373 441| -394 394| -403 352[ -401 304 -386 261[ -360 184 -305 177[ -316 155 -322 108| -329 18[ -329 -62 -293 -158[ -232 -319 -104 -319[ -39 -319 4 -288| 22 -273"/>
                                                  <Edge fillStyle1="1" edges="! 704 163[ 695 73 617 73[ 580 73 534 124| 515 145| 565 145[ 612 151 666 180[ 691 193 705 206| 704 163"/>
                                                  <Edge fillStyle1="1" edges="! -99 115| -115 142| -88 128[ -29 102 12 102| -11 80| -17 75| -39 83[ -87 103 -99 115"/>
                                             </edges>
                                        </DOMShape>
                                   </elements>
                              </DOMFrame>
                         </frames>
                    </DOMLayer>
               </layers>
          </DOMTimeline>
     </timeline>
</DOMSymbolItem>
