<DOMSymbolItem xmlns="http://ns.adobe.com/xfl/2008/" xmlns:xsi="http://www.w3.org/2001/XMLSchema-instance" name="Symbol 2297" lastModified="1681431985" symbolType="graphic">
     <timeline>
          <DOMTimeline name="Symbol 2297" currentFrame="0">
               <layers>
                    <DOMLayer name="Layer 1">
                         <frames>
                              <DOMFrame index="0" motionTweenScale="false" keyMode="8192">
                                   <elements>
                                        <DOMShape isFloating="true">
                                             <fills>
                                                  <FillStyle index="1">
                                                       <SolidColor color="#000000"/>
                                                  </FillStyle>
                                                  <FillStyle index="2">
                                                       <SolidColor color="#c2aeae"/>
                                                  </FillStyle>
                                                  <FillStyle index="3">
                                                       <SolidColor color="#a69999"/>
                                                  </FillStyle>
                                             </fills>
                                             <strokes/>
                                             <edges>
                                                  <Edge fillStyle1="1" edges="! 249 -14[ 315 -14 388 30| 426 55| 431 54| 481 49| 485 49| 488 49| 539 54| 543 55| 581 30[ 654 -14 720 -14| 743 -14[ 838 5 872 77[ 890 116 890 185| 888 255| 882 269[ 908 279 925 313| 944 370[ 969 448 969 481| 967 508| 961 540| 954 573| 942 589| 943 591[ 921 636 898 636[ 887 636 874 620| 862 598[ 862 588 871 578| 870 570[ 870 557 880 536[ 891 514 891 493| 886 446| 878 396[ 867 373 840 347[ 832 339 795 329[ 772 324 766 315| 758 315[ 672 315 593 212| 579 199| 576 199| 544 167[ 510 135 500 133| 484 130| 470 133[ 460 135 425 167| 394 199| 391 199| 376 212[ 298 315 211 315| 203 315[ 197 324 174 329[ 138 339 129 347[ 102 373 91 396| 83 446| 78 493[ 78 514 89 536[ 100 557 100 570| 99 578[ 107 588 107 598| 95 620[ 82 636 71 636[ 49 636 26 591| 27 589| 15 573| 9 540| 2 508| 0 481[ 0 448 25 370| 45 313[ 62 279 88 269| 81 255| 79 185[ 79 116 98 77[ 131 5 226 -14| 249 -14"/>
                                                  <Edge fillStyle0="1" fillStyle1="2" edges="! 854 184| 853 223[ 836 195 796 160| 771 139[ 791 134 800 91| 805 54[ 827 71 839 97[ 854 129 854 184"/>
                                                  <Edge fillStyle0="1" fillStyle1="3" edges="! 902 337| 917 379| 932 430| 941 482| 936 526| 923 566| 903 566| 913 533[ 921 513 921 499[ 921 410 888 358| 902 337"/>
                                                  <Edge fillStyle0="1" fillStyle1="3" edges="! 853 296| 868 303| 894 321| 879 344[ 858 317 829 306| 853 296"/>
                                                  <Edge fillStyle0="1" fillStyle1="3" edges="! 826 267| 757 277[ 696 277 625 193[ 569 127 564 94| 671 104| 719 117[ 740 125 757 136| 763 140| 791 170| 824 232| 839 260| 826 267"/>
                                                  <Edge fillStyle0="1" fillStyle1="0" edges="! 919 595| 917 599| 901 617[ 891 617 879 598[ 879 595 882 591| 918 595| 919 595"/>
                                                  <Edge fillStyle0="1" fillStyle1="2" edges="! 796 47| 792 74[ 787 106 760 132[ 684 79 586 79| 575 79[ 601 58 619 52| 655 35| 743 24[ 775 31 796 47"/>
                                                  <Edge fillStyle0="3" fillStyle1="1" edges="! 520 80| 488 76| 484 76| 481 76| 449 80| 451 86| 435 117| 481 92| 481 91| 484 92| 488 91| 488 93[ 510 98 534 117| 518 86| 520 80"/>
                                                  <Edge fillStyle0="2" fillStyle1="1" edges="! 394 79[ 368 58 351 52| 314 35| 226 24[ 195 31 173 47| 177 74[ 182 106 209 132[ 286 79 383 79| 394 79"/>
                                                  <Edge fillStyle0="3" fillStyle1="1" edges="! 250 117[ 229 125 212 136| 207 140[ 190 153 179 170| 145 232| 130 260| 143 267| 212 277[ 274 277 344 193[ 400 127 406 94| 299 104| 250 117"/>
                                                  <Edge fillStyle0="2" fillStyle1="1" edges="! 130 97[ 115 129 115 184| 116 223[ 133 195 173 160| 198 139[ 179 134 169 91| 165 54[ 142 71 130 97"/>
                                                  <Edge fillStyle0="3" fillStyle1="1" edges="! 102 303[ 83 311 75 321| 90 344[ 111 317 141 306| 116 296| 102 303"/>
                                                  <Edge fillStyle0="3" fillStyle1="1" edges="! 67 337| 52 379| 37 430[ 28 463 28 482[ 28 499 34 526[ 40 554 47 566| 66 566| 56 533[ 49 513 49 499[ 49 410 81 358| 67 337"/>
                                                  <Edge fillStyle0="0" fillStyle1="1" edges="! 68 617[ 78 617 90 598| 88 591| 51 595| 50 595| 52 599[ 62 617 68 617"/>
                                             </edges>
                                        </DOMShape>
                                   </elements>
                              </DOMFrame>
                         </frames>
                    </DOMLayer>
               </layers>
          </DOMTimeline>
     </timeline>
</DOMSymbolItem>
