<DOMSymbolItem xmlns="http://ns.adobe.com/xfl/2008/" xmlns:xsi="http://www.w3.org/2001/XMLSchema-instance" name="Symbol 1841" lastModified="1681431985">
     <timeline>
          <DOMTimeline name="Symbol 1841">
               <layers>
                    <DOMLayer name="Layer 1" color="#f231a3" current="true" isSelected="true">
                         <frames>
                              <DOMFrame index="0" duration="9" keyMode="9728">
                                   <elements>
                                        <DOMSymbolInstance libraryItemName="Symbol 1840" name="d" centerPoint3DX="11.95" centerPoint3DY="8.55">
                                             <matrix>
                                                  <Matrix tx="0.0" ty="0.0"/>
                                             </matrix>
                                             <transformationPoint>
                                                  <Point/>
                                             </transformationPoint>
                                        </DOMSymbolInstance>
                                   </elements>
                              </DOMFrame>
                              <DOMFrame index="9" duration="2" keyMode="9728">
                                   <elements>
                                        <DOMSymbolInstance libraryItemName="Symbol 1840" name="d" centerPoint3DX="10.25" centerPoint3DY="9.8">
                                             <matrix>
                                                  <Matrix tx="-1.7" ty="1.25" a="1.1422576904296875" d="0.8538055419921875"/>
                                             </matrix>
                                             <transformationPoint>
                                                  <Point/>
                                             </transformationPoint>
                                        </DOMSymbolInstance>
                                   </elements>
                              </DOMFrame>
                              <DOMFrame index="11" duration="2" keyMode="9728">
                                   <elements>
                                        <DOMSymbolInstance libraryItemName="Symbol 1840" name="d" centerPoint3DX="13.25" centerPoint3DY="6.5">
                                             <matrix>
                                                  <Matrix tx="1.3" ty="-2.05" a="0.8912200927734375" d="1.23974609375"/>
                                             </matrix>
                                             <transformationPoint>
                                                  <Point/>
                                             </transformationPoint>
                                        </DOMSymbolInstance>
                                   </elements>
                              </DOMFrame>
                              <DOMFrame index="13" duration="2" keyMode="9728">
                                   <elements>
                                        <DOMSymbolInstance libraryItemName="Symbol 1840" name="d" centerPoint3DX="11.15" centerPoint3DY="9.5">
                                             <matrix>
                                                  <Matrix tx="-0.8" ty="0.95" a="1.0669403076171875" d="0.888885498046875"/>
                                             </matrix>
                                             <transformationPoint>
                                                  <Point/>
                                             </transformationPoint>
                                        </DOMSymbolInstance>
                                   </elements>
                              </DOMFrame>
                              <DOMFrame index="15" duration="10" keyMode="9728">
                                   <elements>
                                        <DOMSymbolInstance libraryItemName="Symbol 1840" name="d" centerPoint3DX="11.95" centerPoint3DY="8.55">
                                             <matrix>
                                                  <Matrix tx="0.0" ty="0.0"/>
                                             </matrix>
                                             <transformationPoint>
                                                  <Point/>
                                             </transformationPoint>
                                        </DOMSymbolInstance>
                                   </elements>
                              </DOMFrame>
                              <DOMFrame index="25" duration="2" keyMode="9728">
                                   <elements>
                                        <DOMSymbolInstance libraryItemName="Symbol 1840" name="d" centerPoint3DX="10.25" centerPoint3DY="9.8">
                                             <matrix>
                                                  <Matrix tx="-1.7" ty="1.25" a="1.1422576904296875" d="0.8538055419921875"/>
                                             </matrix>
                                             <transformationPoint>
                                                  <Point/>
                                             </transformationPoint>
                                        </DOMSymbolInstance>
                                   </elements>
                              </DOMFrame>
                              <DOMFrame index="27" duration="2" keyMode="9728">
                                   <elements>
                                        <DOMSymbolInstance libraryItemName="Symbol 1840" name="d" centerPoint3DX="13.25" centerPoint3DY="6.5">
                                             <matrix>
                                                  <Matrix tx="1.3" ty="-2.05" a="0.8912200927734375" d="1.23974609375"/>
                                             </matrix>
                                             <transformationPoint>
                                                  <Point/>
                                             </transformationPoint>
                                        </DOMSymbolInstance>
                                   </elements>
                              </DOMFrame>
                              <DOMFrame index="29" duration="2" keyMode="9728">
                                   <elements>
                                        <DOMSymbolInstance libraryItemName="Symbol 1840" name="d" centerPoint3DX="11.15" centerPoint3DY="9.5">
                                             <matrix>
                                                  <Matrix tx="-0.8" ty="0.95" a="1.0669403076171875" d="0.888885498046875"/>
                                             </matrix>
                                             <transformationPoint>
                                                  <Point/>
                                             </transformationPoint>
                                        </DOMSymbolInstance>
                                   </elements>
                              </DOMFrame>
                              <DOMFrame index="31" duration="2" keyMode="9728">
                                   <elements>
                                        <DOMSymbolInstance libraryItemName="Symbol 1840" name="d" centerPoint3DX="11.95" centerPoint3DY="8.55">
                                             <matrix>
                                                  <Matrix tx="0.0" ty="0.0"/>
                                             </matrix>
                                             <transformationPoint>
                                                  <Point/>
                                             </transformationPoint>
                                        </DOMSymbolInstance>
                                   </elements>
                              </DOMFrame>
                         </frames>
                    </DOMLayer>
               </layers>
          </DOMTimeline>
     </timeline>
</DOMSymbolItem>
