<DOMSymbolItem xmlns="http://ns.adobe.com/xfl/2008/" xmlns:xsi="http://www.w3.org/2001/XMLSchema-instance" name="Symbol 1344" lastModified="1681431985">
     <timeline>
          <DOMTimeline name="Symbol 1344">
               <layers>
                    <DOMLayer name="Layer 1" color="#e9dcb1">
                         <frames>
                              <DOMFrame index="0" duration="2" keyMode="9728">
                                   <elements>
                                        <DOMSymbolInstance libraryItemName="Symbol 1320" symbolType="button">
                                             <matrix>
                                                  <Matrix tx="159.4" ty="15.1"/>
                                             </matrix>
                                             <transformationPoint>
                                                  <Point/>
                                             </transformationPoint>
                                             <Actionscript>
                                                  <script>on(release){
   _parent.chal(this);
}
</script>
                                             </Actionscript>
                                        </DOMSymbolInstance>
                                   </elements>
                              </DOMFrame>
                              <DOMFrame index="2" keyMode="9728">
                                   <elements/>
                              </DOMFrame>
                         </frames>
                    </DOMLayer>
                    <DOMLayer name="Layer 2" color="#f769d7" current="true" isSelected="true">
                         <frames>
                              <DOMFrame index="0" keyMode="9728">
                                   <elements>
                                        <DOMShape isFloating="true">
                                             <fills>
                                                  <FillStyle index="1">
                                                       <SolidColor color="#878484"/>
                                                  </FillStyle>
                                             </fills>
                                             <strokes/>
                                             <edges>
                                                  <Edge fillStyle1="1" edges="! 4557 366[ 4523 366 4502 258| 4489 155[ 4489 113 4508 93[ 4526 74 4551 82[ 4612 101 4612 213[ 4612 366 4557 366"/>
                                                  <Edge fillStyle1="1" edges="! 4635 416[ 4713 419 4713 486[ 4713 515 4690 537[ 4666 559 4634 559[ 4583 559 4564 515| 4557 483[ 4557 413 4635 416"/>
                                                  <Edge fillStyle1="1" edges="! 4286 192[ 4286 226 4268 248[ 4241 281 4168 303| 4147 307[ 4284 342 4375 407[ 4458 466 4458 514[ 4458 536 4439 556[ 4417 579 4388 579| 4247 504[ 4094 423 4034 399[ 4023 411 4017 494[ 4012 557 3955 557[ 3935 557 3886 363| 3840 168[ 3840 124 3910 97[ 3974 72 4063 73[ 4155 74 4216 102[ 4286 135 4286 192"/>
                                                  <Edge fillStyle1="1" edges="! 4165 201| 4069 195| 3966 194| 3982 284[ 4034 291 4081 255[ 4140 207 4165 201"/>
                                                  <Edge fillStyle1="1" edges="! 3647 204| 3627 188| 3595 279| 3612 281| 3656 288| 3647 204"/>
                                                  <Edge fillStyle1="1" edges="! 3676 399| 3649 399| 3557 392[ 3518 491 3486 491[ 3458 491 3448 465| 3444 448[ 3444 382 3462 322| 3466 307[ 3480 268 3500 230[ 3552 134 3622 111[ 3696 86 3744 164[ 3799 256 3799 463[ 3799 509 3793 526[ 3782 557 3748 557[ 3712 557 3679 410| 3676 399"/>
                                                  <Edge fillStyle1="1" edges="! 3458 117[ 3458 156 3390 323[ 3320 494 3297 494[ 3206 494 3118 302| 3048 113[ 3048 37 3099 68[ 3147 97 3171 164| 3221 261[ 3256 323 3292 350[ 3302 226 3316 164[ 3342 55 3410 55[ 3440 55 3452 84| 3458 117"/>
                                                  <Edge fillStyle1="1" edges="! 2861 139| 2773 145| 2796 205| 2856 198[ 2986 193 2986 247[ 2986 277 2950 288| 2826 302| 2834 333[ 2851 397 2972 402| 3052 411[ 3086 422 3086 459[ 3086 537 2887 537[ 2772 537 2713 338[ 2694 275 2683 199[ 2676 148 2676 132[ 2676 86 2736 69[ 2820 44 3008 79| 3013 87| 3017 111[ 3017 146 2996 146| 2861 139"/>
                                                  <Edge fillStyle1="1" edges="! 2534 309[ 2572 406 2572 461[ 2572 487 2549 513[ 2524 540 2497 540[ 2444 540 2389 387[ 2301 411 2222 411[ 2131 411 2090 285| 2066 155[ 2066 10 2124 95[ 2165 154 2213 283| 2355 265| 2327 161[ 2327 60 2365 65[ 2398 68 2450 145[ 2498 217 2534 309"/>
                                                  <Edge fillStyle1="1" edges="! 1756 467[ 1756 494 1742 520[ 1723 557 1688 557[ 1625 557 1610 343| 1608 166| 1507 159[ 1434 148 1434 110[ 1434 80 1514 56[ 1589 34 1692 29[ 1949 15 1949 97[ 1949 130 1926 146[ 1894 168 1806 168| 1719 168[ 1740 208 1750 273[ 1764 365 1756 467"/>
                                                  <Edge fillStyle1="1" edges="! 1414 144[ 1473 248 1473 429[ 1473 466 1460 494[ 1441 534 1401 534[ 1341 534 1303 392| 1277 392[ 1224 392 1192 376[ 1170 455 1128 491| 1104 483[ 1097 479 1095 468[ 1086 478 1069 485[ 1032 501 952 501[ 795 501 763 370[ 753 329 757 279| 752 275[ 746 268 746 251[ 746 236 763 225| 757 160[ 753 105 766 79[ 824 -35 933 16[ 972 33 1003 66[ 1032 97 1032 111[ 1032 145 996 154[ 962 162 863 155| 863 194| 888 191[ 1031 173 1031 235[ 1031 279 984 290| 863 296[ 870 361 880 388| 1006 388| 1049 386[ 1081 386 1096 405[ 1103 254 1154 158[ 1206 57 1284 54[ 1360 50 1414 144"/>
                                                  <Edge fillStyle1="1" edges="! 1276 270| 1278 270| 1266 182[ 1233 207 1215 271| 1276 270"/>
                                                  <Edge fillStyle1="1" edges="! 522 220| 456 332[ 392 435 357 435[ 309 435 245 367[ 172 289 149 279| 149 363[ 176 460 176 499[ 176 560 169 587[ 156 646 111 646[ 56 646 22 398| 0 145[ 0 66 73 66[ 117 66 232 150| 357 247[ 538 -92 627 116[ 684 247 684 456| 681 521[ 668 572 618 572[ 565 572 541 433[ 525 342 525 228| 522 220"/>
                                             </edges>
                                        </DOMShape>
                                   </elements>
                              </DOMFrame>
                              <DOMFrame index="1" keyMode="9728">
                                   <elements>
                                        <DOMShape isFloating="true">
                                             <fills>
                                                  <FillStyle index="1">
                                                       <SolidColor color="#878484" alpha="1.0"/>
                                                  </FillStyle>
                                                  <FillStyle index="2">
                                                       <SolidColor color="#878484" alpha="0.6"/>
                                                  </FillStyle>
                                             </fills>
                                             <strokes/>
                                             <edges>
                                                  <Edge fillStyle1="1" edges="! 4612 213| 4653 215[ 4791 225 4840 249[ 4886 272 4886 325[ 4886 346 4872 367[ 4851 399 4810 399| 4287 356"/>
                                                  <Edge fillStyle1="2" edges="! 4287 356[ 4335 379 4375 407[ 4458 466 4458 514[ 4458 536 4439 556[ 4417 579 4388 579| 4247 504[ 4094 423 4034 399[ 4023 411 4017 494[ 4012 557 3955 557[ 3935 557 3886 363| 3878 329"/>
                                                  <Edge fillStyle1="1" edges="! 3878 329| 3792 329"/>
                                                  <Edge fillStyle1="2" edges="! 3792 329[ 3799 388 3799 463[ 3799 509 3793 526[ 3782 557 3748 557[ 3712 557 3679 410| 3676 399| 3649 399| 3557 392[ 3518 491 3486 491[ 3458 491 3448 465| 3444 448[ 3444 390 3458 337"/>
                                                  <Edge fillStyle1="1" edges="! 3458 337| 3384 338"/>
                                                  <Edge fillStyle1="2" edges="! 3384 338[ 3319 494 3297 494[ 3215 494 3136 340"/>
                                                  <Edge fillStyle1="1" edges="! 3136 340| 2970 343| 2841 349"/>
                                                  <Edge fillStyle1="2" edges="! 2841 349[ 2867 398 2972 402| 3052 411[ 3086 422 3086 459[ 3086 537 2887 537[ 2776 537 2717 350"/>
                                                  <Edge fillStyle1="1" edges="! 2717 350| 2549 350"/>
                                                  <Edge fillStyle1="2" edges="! 2549 350[ 2572 418 2572 461[ 2572 487 2549 513[ 2524 540 2497 540[ 2444 540 2389 387[ 2301 411 2222 411[ 2143 411 2102 316"/>
                                                  <Edge fillStyle1="1" edges="! 2102 316| 1886 309| 1756 317"/>
                                                  <Edge fillStyle1="2" edges="! 1756 317[ 1762 389 1756 467[ 1756 494 1742 520[ 1723 557 1688 557[ 1625 557 1610 343| 1610 325"/>
                                                  <Edge fillStyle1="1" edges="! 1610 325| 1526 325| 1468 326"/>
                                                  <Edge fillStyle1="2" edges="! 1468 326| 1473 429[ 1473 466 1460 494[ 1441 534 1401 534[ 1341 534 1303 392| 1277 392[ 1224 392 1192 376[ 1170 455 1128 491| 1104 483[ 1097 479 1095 468[ 1086 478 1069 485[ 1032 501 952 501[ 795 501 763 370| 759 351"/>
                                                  <Edge fillStyle1="1" edges="! 759 351| 681 355"/>
                                                  <Edge fillStyle1="2" edges="! 681 355| 684 456| 681 521[ 668 572 618 572[ 565 572 541 433[ 535 400 532 364"/>
                                                  <Edge fillStyle1="1" edges="! 532 364| 446 368| 432 369"/>
                                                  <Edge fillStyle1="2" edges="! 432 369[ 385 435 357 435[ 313 435 256 378"/>
                                                  <Edge fillStyle1="1" edges="! 256 378| 155 383"/>
                                                  <Edge fillStyle1="2" edges="! 155 383[ 176 464 176 499[ 176 560 169 587[ 156 646 111 646[ 56 646 22 398| 21 388"/>
                                                  <Edge fillStyle1="1" edges="! 21 388[ -81 386 -110 360[ -120 351 -120 323[ -120 284 10 261"/>
                                                  <Edge fillStyle1="2" edges="! 10 261| 0 145[ 0 66 73 66[ 117 66 232 150| 336 230"/>
                                                  <Edge fillStyle1="1" edges="! 336 230| 367 229"/>
                                                  <Edge fillStyle1="2" edges="! 367 229[ 540 -86 627 116[ 648 164 661 222"/>
                                                  <Edge fillStyle1="1" edges="! 661 222| 763 221"/>
                                                  <Edge fillStyle1="2" edges="! 763 221| 757 160[ 753 105 766 79[ 824 -35 933 16[ 972 33 1003 66[ 1032 97 1032 111[ 1032 145 996 154[ 962 162 863 155| 863 194| 888 191[ 1012 175 1029 220"/>
                                                  <Edge fillStyle1="1" edges="! 1029 220| 1065 220| 1128 220"/>
                                                  <Edge fillStyle1="2" edges="! 1128 220[ 1139 186 1154 158[ 1206 57 1284 54[ 1360 50 1414 144| 1446 218"/>
                                                  <Edge fillStyle1="1" edges="! 1446 218| 1526 217| 1608 207"/>
                                                  <Edge fillStyle1="2" edges="! 1608 207| 1608 166| 1507 159[ 1434 148 1434 110[ 1434 80 1514 56[ 1589 34 1692 29[ 1949 15 1949 97[ 1949 130 1926 146[ 1894 168 1806 168| 1719 168| 1729 191"/>
                                                  <Edge fillStyle1="1" edges="! 1729 191| 1979 180| 2071 184"/>
                                                  <Edge fillStyle1="2" edges="! 2071 184| 2066 155[ 2066 10 2124 95[ 2149 131 2178 195"/>
                                                  <Edge fillStyle1="1" edges="! 2178 195| 2332 217| 2342 217"/>
                                                  <Edge fillStyle1="2" edges="! 2342 217| 2327 161[ 2327 60 2365 65[ 2398 68 2450 145| 2492 216"/>
                                                  <Edge fillStyle1="1" edges="! 2492 216| 2686 214"/>
                                                  <Edge fillStyle1="2" edges="! 2686 214| 2683 199[ 2676 148 2676 132[ 2676 86 2736 69[ 2820 44 3008 79| 3013 87| 3017 111[ 3017 146 2996 146| 2861 139| 2773 145| 2796 205| 2856 198| 2936 203"/>
                                                  <Edge fillStyle1="1" edges="! 2936 203| 2972 200| 3077 192"/>
                                                  <Edge fillStyle1="2" edges="! 3077 192| 3048 113[ 3048 37 3099 68[ 3147 97 3171 164| 3182 183"/>
                                                  <Edge fillStyle1="1" edges="! 3182 183| 3313 182"/>
                                                  <Edge fillStyle1="2" edges="! 3313 182| 3316 164[ 3342 55 3410 55[ 3440 55 3452 84| 3458 117| 3444 181"/>
                                                  <Edge fillStyle1="1" edges="! 3444 181| 3532 181"/>
                                                  <Edge fillStyle1="2" edges="! 3532 181[ 3572 127 3622 111[ 3696 86 3744 164| 3756 186"/>
                                                  <Edge fillStyle1="1" edges="! 3756 186| 3845 189"/>
                                                  <Edge fillStyle1="2" edges="! 3845 189| 3840 168[ 3840 124 3910 97[ 3974 72 4063 73[ 4155 74 4216 102[ 4286 135 4286 192| 4286 201"/>
                                                  <Edge fillStyle1="1" edges="! 4286 201| 4496 208"/>
                                                  <Edge fillStyle1="2" edges="! 4496 208| 4489 155[ 4489 113 4508 93[ 4526 74 4551 82[ 4612 101 4612 213"/>
                                                  <Edge fillStyle0="1" fillStyle1="2" edges="! 4612 213| 4496 208"/>
                                                  <Edge fillStyle0="0" fillStyle1="2" edges="! 4635 416[ 4713 419 4713 486[ 4713 515 4690 537[ 4666 559 4634 559[ 4583 559 4564 515| 4557 483[ 4557 413 4635 416"/>
                                                  <Edge fillStyle0="1" fillStyle1="2" edges="! 4286 201| 4254 200| 4082 196| 4079 196"/>
                                                  <Edge fillStyle0="1" fillStyle1="0" edges="! 4079 196| 4054 195"/>
                                                  <Edge fillStyle0="1" fillStyle1="2" edges="! 4054 195| 4000 194| 3845 189"/>
                                                  <Edge fillStyle0="2" fillStyle1="0" edges="! 4054 195| 4069 195| 4079 196"/>
                                                  <Edge fillStyle0="2" fillStyle1="1" edges="! 4287 356| 4270 354| 3878 329"/>
                                                  <Edge fillStyle0="1" fillStyle1="2" edges="! 3756 186| 3571 180| 3532 181"/>
                                                  <Edge fillStyle0="1" fillStyle1="0" edges="! 3278 338| 3293 338"/>
                                                  <Edge fillStyle0="1" fillStyle1="2" edges="! 3293 338| 3384 338"/>
                                                  <Edge fillStyle0="2" fillStyle1="0" edges="! 3293 338| 3292 350| 3278 338"/>
                                                  <Edge fillStyle0="2" fillStyle1="1" edges="! 3278 338| 3143 339| 3136 340"/>
                                                  <Edge fillStyle0="2" fillStyle1="1" edges="! 3792 329| 3571 336| 3458 337"/>
                                                  <Edge fillStyle0="1" fillStyle1="2" edges="! 3444 181| 3313 182"/>
                                                  <Edge fillStyle0="2" fillStyle1="1" edges="! 3077 192| 3153 183| 3182 183"/>
                                                  <Edge fillStyle0="2" fillStyle1="1" edges="! 2841 349| 2836 350| 2717 350"/>
                                                  <Edge fillStyle0="1" fillStyle1="2" edges="! 2936 203| 2822 213| 2686 214"/>
                                                  <Edge fillStyle0="1" fillStyle1="2" edges="! 2178 195| 2071 184"/>
                                                  <Edge fillStyle0="2" fillStyle1="1" edges="! 2549 350| 2346 350| 2223 328| 2102 316"/>
                                                  <Edge fillStyle0="1" fillStyle1="2" edges="! 1729 191| 1687 195| 1608 207"/>
                                                  <Edge fillStyle0="2" fillStyle1="1" edges="! 1756 317| 1725 319| 1610 325"/>
                                                  <Edge fillStyle0="1" fillStyle1="2" edges="! 2492 216| 2342 217"/>
                                                  <Edge fillStyle0="0" fillStyle1="1" edges="! 1236 219| 1271 219"/>
                                                  <Edge fillStyle0="0" fillStyle1="2" edges="! 1271 219| 1266 182[ 1249 195 1236 219"/>
                                                  <Edge fillStyle0="1" fillStyle1="2" edges="! 1236 219| 1128 220"/>
                                                  <Edge fillStyle0="1" fillStyle1="2" edges="! 1446 218| 1271 219"/>
                                                  <Edge fillStyle0="0" fillStyle1="2" edges="! 870 344[ 874 372 880 388| 1006 388| 1049 386[ 1081 386 1096 405[ 1098 365 1103 330"/>
                                                  <Edge fillStyle0="0" fillStyle1="1" edges="! 1103 330| 1051 330| 870 344"/>
                                                  <Edge fillStyle0="2" fillStyle1="1" edges="! 870 344| 759 351"/>
                                                  <Edge fillStyle0="2" fillStyle1="1" edges="! 1468 326| 1103 330"/>
                                                  <Edge fillStyle0="2" fillStyle1="1" edges="! 367 229| 450 226| 519 224"/>
                                                  <Edge fillStyle0="2" fillStyle1="0" edges="! 519 224| 522 220| 524 224"/>
                                                  <Edge fillStyle0="2" fillStyle1="1" edges="! 524 224| 661 222"/>
                                                  <Edge fillStyle0="0" fillStyle1="1" edges="! 519 224| 524 224"/>
                                                  <Edge fillStyle0="2" fillStyle1="1" edges="! 681 355| 532 364"/>
                                                  <Edge fillStyle0="2" fillStyle1="1" edges="! 155 383| 36 388| 21 388"/>
                                                  <Edge fillStyle0="1" fillStyle1="2" edges="! 336 230[ 123 240 10 261"/>
                                                  <Edge fillStyle0="2" fillStyle1="1" edges="! 432 369| 256 378"/>
                                                  <Edge fillStyle0="2" fillStyle1="1" edges="! 763 221[ 892 219 1029 220"/>
                                             </edges>
                                        </DOMShape>
                                   </elements>
                              </DOMFrame>
                              <DOMFrame index="2" keyMode="9728">
                                   <elements>
                                        <DOMSymbolInstance libraryItemName="Symbol 1322" symbolType="graphic" loop="loop">
                                             <matrix>
                                                  <Matrix tx="0.0" ty="-4.2"/>
                                             </matrix>
                                             <transformationPoint>
                                                  <Point/>
                                             </transformationPoint>
                                        </DOMSymbolInstance>
                                   </elements>
                              </DOMFrame>
                         </frames>
                    </DOMLayer>
               </layers>
          </DOMTimeline>
     </timeline>
</DOMSymbolItem>
