<DOMSymbolItem xmlns="http://ns.adobe.com/xfl/2008/" xmlns:xsi="http://www.w3.org/2001/XMLSchema-instance" name="Symbol 1968" lastModified="1681431985" symbolType="graphic">
     <timeline>
          <DOMTimeline name="Symbol 1968" currentFrame="0">
               <layers>
                    <DOMLayer name="Layer 1">
                         <frames>
                              <DOMFrame index="0" motionTweenScale="false" keyMode="8192">
                                   <elements>
                                        <DOMShape isFloating="true">
                                             <fills>
                                                  <FillStyle index="1">
                                                       <SolidColor color="#6a6a6a" alpha="0.3019608"/>
                                                  </FillStyle>
                                             </fills>
                                             <strokes/>
                                             <edges>
                                                  <Edge fillStyle1="1" edges="! 874 310[ 879 350 862 417[ 849 463 790 539[ 738 607 695 633[ 637 679 517 707[ 399 736 249 719[ 117 704 60 671[ 27 653 -20 608[ -70 561 -83 535[ -117 476 -127 446| -135 424[ -147 398 -149 375[ -148 352 -133 309| -117 318| -119 331| -101 341| -68 400| -28 455[ 18 521 101 555| 157 570| 234 585| 335 588[ 333 583 340 582| 399 571[ 628 516 664 390[ 687 316 648 245[ 629 211 580 167[ 507 98 446 112[ 397 124 369 142| 370 143| 462 139[ 519 149 541 169| 595 215| 616 250[ 644 300 638 353[ 629 448 501 477[ 381 507 249 450[ 147 407 128 376| 128 374| 87 331[ 53 271 54 214[ 59 145 111 85[ 114 76 140 97| 182 125| 192 130| 236 98[ 296 62 372 48[ 447 27 529 72[ 594 109 614 142| 615 147[ 638 164 657 159[ 674 156 687 141| 674 80| 671 74| 671 72[ 674 67 694 77[ 727 92 771 136| 809 180| 834 223[ 868 284 874 310"/>
                                             </edges>
                                        </DOMShape>
                                   </elements>
                              </DOMFrame>
                         </frames>
                    </DOMLayer>
               </layers>
          </DOMTimeline>
     </timeline>
</DOMSymbolItem>
