<DOMSymbolItem xmlns="http://ns.adobe.com/xfl/2008/" xmlns:xsi="http://www.w3.org/2001/XMLSchema-instance" name="Symbol 1627" lastModified="1681431985">
     <timeline>
          <DOMTimeline name="Symbol 1627">
               <layers>
                    <DOMLayer name="Layer 1" color="#a8ad6c" current="true" isSelected="true">
                         <frames>
                              <DOMFrame index="0" duration="16" keyMode="9728">
                                   <elements>
                                        <DOMSymbolInstance libraryItemName="Symbol 1626" name="d" centerPoint3DX="8.6" centerPoint3DY="8.25">
                                             <matrix>
                                                  <Matrix tx="0.0" ty="0.0"/>
                                             </matrix>
                                             <transformationPoint>
                                                  <Point/>
                                             </transformationPoint>
                                        </DOMSymbolInstance>
                                   </elements>
                              </DOMFrame>
                         </frames>
                    </DOMLayer>
               </layers>
          </DOMTimeline>
     </timeline>
</DOMSymbolItem>
