<DOMSymbolItem xmlns="http://ns.adobe.com/xfl/2008/" xmlns:xsi="http://www.w3.org/2001/XMLSchema-instance" name="Symbol 2169" lastModified="1681431985" symbolType="graphic">
     <timeline>
          <DOMTimeline name="Symbol 2169" currentFrame="0">
               <layers>
                    <DOMLayer name="Layer 1">
                         <frames>
                              <DOMFrame index="0" motionTweenScale="false" keyMode="8192">
                                   <elements>
                                        <DOMShape isFloating="true">
                                             <fills>
                                                  <FillStyle index="1">
                                                       <SolidColor color="#9ac7cb"/>
                                                  </FillStyle>
                                             </fills>
                                             <strokes/>
                                             <edges>
                                                  <Edge fillStyle0="0" fillStyle1="0" strokeStyle="0" edges="! 0 0"/>
                                                  <Edge fillStyle0="0" fillStyle1="1" strokeStyle="0" edges="! 739 413[ 781 408 781 454[ 781 495 743 495[ 723 495 708 481| 696 462[ 696 417 739 413"/>
                                                  <Edge fillStyle0="0" fillStyle1="1" strokeStyle="0" edges="! 691 354[ 704 354 704 367[ 704 381 691 381| 680 374| 678 367[ 678 354 691 354"/>
                                                  <Edge fillStyle0="0" fillStyle1="1" strokeStyle="0" edges="! 119 342[ 119 360 104 360[ 95 360 92 354| 90 347[ 90 330 105 328[ 119 327 119 342"/>
                                                  <Edge fillStyle0="0" fillStyle1="1" strokeStyle="0" edges="! 91 428| 76 453[ 58 473 39 473[ 11 473 -1 455| -8 431[ -8 370 42 377[ 91 384 91 428"/>
                                             </edges>
                                        </DOMShape>
                                   </elements>
                              </DOMFrame>
                         </frames>
                    </DOMLayer>
                    <DOMLayer name="Layer 2">
                         <frames>
                              <DOMFrame index="0" motionTweenScale="false" keyMode="8192">
                                   <elements>
                                        <DOMShape isFloating="true">
                                             <fills>
                                                  <FillStyle index="1">
                                                       <SolidColor color="#000000"/>
                                                  </FillStyle>
                                                  <FillStyle index="2">
                                                       <SolidColor color="#cc9999"/>
                                                  </FillStyle>
                                                  <FillStyle index="3">
                                                       <SolidColor color="#ffffff"/>
                                                  </FillStyle>
                                                  <FillStyle index="4">
                                                       <SolidColor color="#9ac7cb"/>
                                                  </FillStyle>
                                             </fills>
                                             <strokes/>
                                             <edges>
                                                  <Edge fillStyle1="1" edges="! 839 487[ 825 527 801 560[ 766 605 715 635| 714 636[ 610 705 458 705| 412 704| 409 704| 363 705[ 210 705 107 636| 106 635[ 53 605 19 560[ -5 527 -18 487| -18 486| -26 463| -26 461| -31 420[ -31 283 49 186[ 115 106 228 64[ 319 28 406 28| 414 28| 415 28[ 501 28 593 64[ 704 106 771 186[ 852 283 852 420| 847 461| 846 463| 839 486| 839 487"/>
                                                  <Edge fillStyle0="2" fillStyle1="1" edges="! 696 571| 697 569| 717 548[ 748 511 765 468[ 777 438 777 424| 777 423| 771 357| 762 323[ 746 275 714 232[ 631 119 455 82| 440 79| 379 79| 366 82[ 189 119 106 232[ 74 275 58 323| 50 357[ 43 388 43 423| 43 424[ 44 438 55 468[ 72 511 104 548| 106 551| 124 570| 127 572"/>
                                                  <Edge fillStyle0="2" fillStyle1="4" edges="! 127 572| 130 570[ 121 565 124 553| 129 535| 120 525[ 109 519 109 511| 113 497| 126 482[ 106 464 106 455[ 106 439 120 433"/>
                                                  <Edge fillStyle0="2" fillStyle1="1" edges="! 120 433| 109 420| 108 411[ 99 400 99 390| 100 381[ 128 403 182 403[ 237 403 263 373| 276 352| 282 379[ 282 399 270 415"/>
                                                  <Edge fillStyle0="2" fillStyle1="4" edges="! 270 415| 272 416| 276 422| 275 427[ 274 447 238 485[ 202 526 202 580| 202 594| 212 615| 211 618| 205 620| 204 623"/>
                                                  <Edge fillStyle0="2" fillStyle1="1" edges="! 204 623| 226 631| 269 642| 406 652| 410 652| 414 652| 551 642| 582 635| 595 631| 598 630"/>
                                                  <Edge fillStyle0="2" fillStyle1="4" edges="! 598 630[ 593 621 594 606| 595 579| 585 510| 574 465| 574 464| 564 449| 565 438| 568 435"/>
                                                  <Edge fillStyle0="2" fillStyle1="1" edges="! 568 435| 565 432| 562 424| 552 399| 554 388| 553 381| 561 390| 575 400[ 600 424 631 424| 682 415[ 706 410 723 395| 731 388| 731 396| 725 416| 722 439| 715 449"/>
                                                  <Edge fillStyle0="2" fillStyle1="4" edges="! 715 449[ 724 456 724 475[ 724 487 715 493[ 707 499 707 513| 693 531| 697 552| 696 568| 696 571"/>
                                                  <Edge fillStyle0="1" fillStyle1="4" edges="! 696 571| 687 579| 685 579| 672 590| 664 597[ 654 603 646 608| 625 620| 624 620"/>
                                                  <Edge fillStyle0="1" fillStyle1="2" edges="! 624 620| 603 628"/>
                                                  <Edge fillStyle0="1" fillStyle1="4" edges="! 603 628| 603 630| 602 631| 599 632| 598 630"/>
                                                  <Edge fillStyle0="1" fillStyle1="3" edges="! 455 423| 377 422| 364 424[ 352 424 349 418| 348 412[ 348 398 377 398| 455 398[ 467 403 467 410| 455 423"/>
                                                  <Edge fillStyle0="3" fillStyle1="1" edges="! 485 443| 484 443| 475 441| 466 438| 352 439| 341 440| 334 456| 492 456| 485 443"/>
                                                  <Edge fillStyle0="2" fillStyle1="1" edges="! 482 388[ 516 419 516 471| 510 480| 498 483| 312 483| 300 471| 298 465[ 298 415 332 385| 347 375| 433 378| 468 377| 482 388"/>
                                                  <Edge fillStyle0="1" fillStyle1="4" edges="! 568 435| 575 441| 575 442| 589 451[ 606 464 636 464| 644 464| 653 464[ 691 464 709 453| 709 452| 713 447| 715 449"/>
                                                  <Edge fillStyle0="1" fillStyle1="4" edges="! 120 433| 123 432| 124 435| 124 436[ 142 449 177 449| 201 448| 210 448[ 232 448 248 434| 264 422| 270 415"/>
                                                  <Edge fillStyle0="4" fillStyle1="1" edges="! 127 572| 127 573| 135 579| 152 592| 156 596| 181 611| 204 623"/>
                                                  <Edge fillStyle0="4" fillStyle1="2" edges="! 603 628| 607 562| 601 506| 599 500[ 623 539 623 576| 618 614| 624 620"/>
                                             </edges>
                                        </DOMShape>
                                   </elements>
                              </DOMFrame>
                         </frames>
                    </DOMLayer>
               </layers>
          </DOMTimeline>
     </timeline>
</DOMSymbolItem>
