<DOMSymbolItem xmlns="http://ns.adobe.com/xfl/2008/" xmlns:xsi="http://www.w3.org/2001/XMLSchema-instance" name="Symbol 2193" lastModified="1681431985">
     <timeline>
          <DOMTimeline name="Symbol 2193">
               <layers>
                    <DOMLayer name="Layer 1" color="#d78ad1" current="true" isSelected="true">
                         <frames>
                              <DOMFrame index="0" keyMode="9728">
                                   <elements>
                                        <DOMShape isFloating="true">
                                             <fills>
                                                  <FillStyle index="1">
                                                       <SolidColor color="#645757"/>
                                                  </FillStyle>
                                                  <FillStyle index="2">
                                                       <SolidColor color="#000000"/>
                                                  </FillStyle>
                                                  <FillStyle index="3">
                                                       <SolidColor color="#972424"/>
                                                  </FillStyle>
                                             </fills>
                                             <strokes/>
                                             <edges>
                                                  <Edge fillStyle0="1" fillStyle1="2" edges="! 350 116| 350 106| 345 68| 345 61| 321 62| 284 61| 287 103| 286 115"/>
                                                  <Edge fillStyle0="1" fillStyle1="3" edges="! 286 115| 300 117| 350 116"/>
                                                  <Edge fillStyle0="2" fillStyle1="3" edges="! 350 116[ 352 146 344 169[ 319 243 203 251| 202 251| 199 251[ 83 242 58 169[ 50 146 52 116"/>
                                                  <Edge fillStyle0="2" fillStyle1="1" edges="! 52 116| 52 106| 57 68| 57 61| 81 62| 118 61[ 115 79 115 103| 116 115"/>
                                                  <Edge fillStyle0="2" fillStyle1="3" edges="! 116 115[ 122 177 199 184| 199 185| 203 185[ 280 177 286 115"/>
                                                  <Edge fillStyle0="0" fillStyle1="2" edges="! 396 54| 402 161[ 402 203 362 247[ 306 308 203 309| 199 309[ 96 308 40 247[ 0 203 0 161| 6 54[ 17 7 33 10[ 49 -4 95 1| 146 13| 149 15[ 164 23 164 35| 160 50| 161 83| 165 114[ 174 131 201 133[ 228 131 237 114| 241 83| 242 50| 238 35[ 238 23 253 15[ 254 13 256 13| 307 1[ 353 -4 369 10[ 385 7 396 54"/>
                                                  <Edge fillStyle0="3" fillStyle1="1" edges="! 116 115| 102 117| 52 116"/>
                                             </edges>
                                        </DOMShape>
                                   </elements>
                              </DOMFrame>
                              <DOMFrame index="1" keyMode="9728">
                                   <elements>
                                        <DOMShape isFloating="true">
                                             <fills>
                                                  <FillStyle index="1">
                                                       <SolidColor color="#000000"/>
                                                  </FillStyle>
                                                  <FillStyle index="2">
                                                       <SolidColor color="#645757"/>
                                                  </FillStyle>
                                                  <FillStyle index="3">
                                                       <SolidColor color="#972424"/>
                                                  </FillStyle>
                                             </fills>
                                             <strokes/>
                                             <edges>
                                                  <Edge fillStyle0="3" fillStyle1="1" edges="! 482 44| 474 40| 474 46"/>
                                                  <Edge fillStyle0="3" fillStyle1="2" edges="! 474 46| 481 44| 482 44"/>
                                                  <Edge fillStyle0="1" fillStyle1="2" edges="! 482 44[ 499 42 499 70| 498 87| 496 90"/>
                                                  <Edge fillStyle0="1" fillStyle1="3" edges="! 496 90| 498 127| 492 201[ 491 218 482 231| 468 173| 474 95"/>
                                                  <Edge fillStyle0="1" fillStyle1="2" edges="! 474 95[ 463 90 463 69[ 463 51 474 46"/>
                                                  <Edge fillStyle0="3" fillStyle1="1" edges="! 427 57| 427 55| 426 55"/>
                                                  <Edge fillStyle0="3" fillStyle1="2" edges="! 426 55| 427 57"/>
                                                  <Edge fillStyle0="1" fillStyle1="2" edges="! 427 57| 430 69| 427 99| 427 100"/>
                                                  <Edge fillStyle0="1" fillStyle1="3" edges="! 427 100| 426 158[ 427 220 435 261| 399 261[ 370 250 356 196[ 348 163 348 134[ 348 114 351 99| 351 98"/>
                                                  <Edge fillStyle0="1" fillStyle1="2" edges="! 351 98| 351 95[ 351 62 357 54[ 382 23 408 39| 426 55"/>
                                                  <Edge fillStyle0="2" fillStyle1="3" edges="! 474 95| 481 96[ 491 96 496 90"/>
                                                  <Edge fillStyle0="0" fillStyle1="1" edges="! 538 238[ 525 292 482 297| 481 297[ 460 312 398 312[ 323 312 303 223[ 293 178 298 133[ 298 72 305 49[ 321 -7 375 3| 449 11[ 457 -6 494 2[ 540 12 540 45| 544 130[ 544 213 538 238"/>
                                                  <Edge fillStyle0="2" fillStyle1="3" edges="! 351 98[ 354 117 384 117[ 418 117 427 100"/>
                                             </edges>
                                        </DOMShape>
                                   </elements>
                              </DOMFrame>
                              <DOMFrame index="2" keyMode="9728">
                                   <elements>
                                        <DOMShape isFloating="true">
                                             <fills>
                                                  <FillStyle index="1">
                                                       <SolidColor color="#000000"/>
                                                  </FillStyle>
                                                  <FillStyle index="2">
                                                       <SolidColor color="#645757"/>
                                                  </FillStyle>
                                                  <FillStyle index="3">
                                                       <SolidColor color="#972424"/>
                                                  </FillStyle>
                                             </fills>
                                             <strokes/>
                                             <edges>
                                                  <Edge fillStyle0="1" edges="! 350 138| 353 138[ 382 146 402 155| 396 54[ 385 7 369 10[ 353 -4 307 1| 256 13[ 254 13 253 15[ 238 23 238 35| 242 50| 241 83| 237 114| 237 115| 285 124"/>
                                                  <Edge fillStyle0="1" fillStyle1="3" edges="! 285 124| 286 115"/>
                                                  <Edge fillStyle0="1" fillStyle1="2" edges="! 286 115| 287 103| 284 61| 321 62| 345 61| 345 68| 350 106| 350 116"/>
                                                  <Edge fillStyle0="1" fillStyle1="3" edges="! 350 116| 350 138"/>
                                                  <Edge fillStyle0="0" fillStyle1="3" edges="! 350 138| 285 124"/>
                                                  <Edge fillStyle0="2" fillStyle1="3" edges="! 286 115| 300 117| 350 116"/>
                                                  <Edge fillStyle0="0" fillStyle1="1" edges="! 52 126| 16 132| 2 136| 6 54[ 17 7 33 10[ 49 -4 95 1| 146 13| 149 15[ 164 23 164 35| 160 50| 161 83[ 161 103 164 112| 144 112| 144 114| 116 117"/>
                                                  <Edge fillStyle0="0" fillStyle1="3" edges="! 116 117| 52 126"/>
                                                  <Edge fillStyle0="1" fillStyle1="3" edges="! 52 126| 52 116"/>
                                                  <Edge fillStyle0="1" fillStyle1="2" edges="! 52 116| 52 106| 57 68| 57 61| 81 62| 118 61[ 115 79 115 103| 116 115"/>
                                                  <Edge fillStyle0="1" fillStyle1="3" edges="! 116 115| 116 117"/>
                                                  <Edge fillStyle0="3" fillStyle1="2" edges="! 116 115| 102 117| 52 116"/>
                                             </edges>
                                        </DOMShape>
                                   </elements>
                              </DOMFrame>
                              <DOMFrame index="3" keyMode="9728">
                                   <elements>
                                        <DOMShape isFloating="true">
                                             <fills>
                                                  <FillStyle index="1">
                                                       <SolidColor color="#000000"/>
                                                  </FillStyle>
                                                  <FillStyle index="2">
                                                       <SolidColor color="#645757"/>
                                                  </FillStyle>
                                                  <FillStyle index="3">
                                                       <SolidColor color="#972424"/>
                                                  </FillStyle>
                                             </fills>
                                             <strokes/>
                                             <edges>
                                                  <Edge fillStyle1="1" edges="! -162 244[ -149 298 -106 303| -105 303[ -84 318 -22 318[ 53 318 73 229[ 83 184 78 139[ 78 78 71 55[ 55 -1 1 9| -73 17[ -81 0 -118 8[ -164 18 -164 51| -168 136[ -168 219 -162 244"/>
                                                  <Edge fillStyle0="1" fillStyle1="2" edges="! -106 50[ -123 48 -123 76| -122 93| -120 96"/>
                                                  <Edge fillStyle0="1" fillStyle1="3" edges="! -120 96| -122 133| -116 207[ -115 224 -106 237| -92 179| -98 101"/>
                                                  <Edge fillStyle0="1" fillStyle1="2" edges="! -98 101[ -87 96 -87 75[ -87 57 -98 52"/>
                                                  <Edge fillStyle0="1" fillStyle1="3" edges="! -98 52| -98 46| -106 50"/>
                                                  <Edge fillStyle0="2" fillStyle1="3" edges="! -106 50| -105 50| -98 52"/>
                                                  <Edge fillStyle0="3" fillStyle1="2" edges="! -50 61| -51 63"/>
                                                  <Edge fillStyle0="3" fillStyle1="1" edges="! -51 63| -51 61| -50 61"/>
                                                  <Edge fillStyle0="2" fillStyle1="1" edges="! -50 61| -32 45[ -6 29 19 60[ 25 68 25 101| 25 104"/>
                                                  <Edge fillStyle0="2" fillStyle1="3" edges="! 25 104[ 22 123 -8 123[ -42 123 -51 106"/>
                                                  <Edge fillStyle0="2" fillStyle1="1" edges="! -51 106| -51 105| -54 75| -51 63"/>
                                                  <Edge fillStyle0="3" fillStyle1="2" edges="! -120 96[ -115 102 -105 102| -98 101"/>
                                                  <Edge fillStyle0="1" fillStyle1="3" edges="! -51 106| -50 164[ -51 226 -59 267| -23 267[ 6 256 20 202[ 28 169 28 140| 25 105| 25 104"/>
                                             </edges>
                                        </DOMShape>
                                   </elements>
                              </DOMFrame>
                         </frames>
                    </DOMLayer>
               </layers>
          </DOMTimeline>
     </timeline>
</DOMSymbolItem>
