<DOMSymbolItem xmlns="http://ns.adobe.com/xfl/2008/" xmlns:xsi="http://www.w3.org/2001/XMLSchema-instance" name="Symbol 2034" lastModified="1681431985" symbolType="graphic">
     <timeline>
          <DOMTimeline name="Symbol 2034" currentFrame="0">
               <layers>
                    <DOMLayer name="Layer 1">
                         <frames>
                              <DOMFrame index="0" motionTweenScale="false" keyMode="8192">
                                   <elements>
                                        <DOMShape isFloating="true">
                                             <fills>
                                                  <FillStyle index="1">
                                                       <SolidColor color="#666666" alpha="0.6"/>
                                                  </FillStyle>
                                             </fills>
                                             <strokes/>
                                             <edges>
                                                  <Edge fillStyle0="0" fillStyle1="0" strokeStyle="0" edges="! 0 0"/>
                                                  <Edge fillStyle0="1" fillStyle1="0" strokeStyle="0" edges="! 510 -89| 603 -78[ 623 -78 639 -85| 647 -89[ 653 -107 537 -125| 331 -145| 14 -136| -164 -99[ -263 -80 -359 -29[ -444 15 -456 45[ -495 124 -454 123[ -437 123 -399 91[ -348 44 -299 17[ -107 -91 290 -98| 510 -89"/>
                                                  <Edge fillStyle0="1" fillStyle1="0" strokeStyle="0" edges="! 761 -13[ 829 -14 855 21[ 878 57 897 57| 922 48| 931 38[ 954 -19 892 -48[ 750 -107 583 -5[ 579 5 609 5| 659 -4| 761 -13"/>
                                                  <Edge fillStyle0="1" fillStyle1="0" strokeStyle="0" edges="! 1594 121[ 1620 119 1615 113[ 1628 77 1430 51[ 1233 26 1219 62[ 1214 71 1289 77| 1418 88| 1594 121"/>
                                                  <Edge fillStyle0="1" fillStyle1="0" strokeStyle="0" edges="! -406 48| -403 52| -403 56[ -408 55 -406 48"/>
                                             </edges>
                                        </DOMShape>
                                   </elements>
                              </DOMFrame>
                         </frames>
                    </DOMLayer>
                    <DOMLayer name="Layer 2">
                         <frames>
                              <DOMFrame index="0" motionTweenScale="false" keyMode="8192">
                                   <elements>
                                        <DOMShape isFloating="true">
                                             <fills>
                                                  <FillStyle index="1">
                                                       <SolidColor color="#a97601" alpha="1.0"/>
                                                  </FillStyle>
                                                  <FillStyle index="2">
                                                       <SolidColor color="#f4ab02" alpha="1.0"/>
                                                  </FillStyle>
                                                  <FillStyle index="3">
                                                       <SolidColor color="#c18702" alpha="1.0"/>
                                                  </FillStyle>
                                                  <FillStyle index="4">
                                                       <SolidColor color="#544e4e" alpha="1.0"/>
                                                  </FillStyle>
                                                  <FillStyle index="5">
                                                       <SolidColor color="#ffffff" alpha="1.0"/>
                                                  </FillStyle>
                                                  <FillStyle index="6">
                                                       <SolidColor color="#603931" alpha="1.0"/>
                                                  </FillStyle>
                                                  <FillStyle index="7">
                                                       <SolidColor color="#53352b" alpha="1.0"/>
                                                  </FillStyle>
                                                  <FillStyle index="8">
                                                       <SolidColor color="#474141" alpha="1.0"/>
                                                  </FillStyle>
                                                  <FillStyle index="9">
                                                       <SolidColor color="#864b46" alpha="1.0"/>
                                                  </FillStyle>
                                                  <FillStyle index="10">
                                                       <SolidColor color="#76473d" alpha="1.0"/>
                                                  </FillStyle>
                                                  <FillStyle index="11">
                                                       <SolidColor color="#6a4137" alpha="1.0"/>
                                                  </FillStyle>
                                                  <FillStyle index="12">
                                                       <SolidColor color="#38221d" alpha="1.0"/>
                                                  </FillStyle>
                                                  <FillStyle index="13">
                                                       <SolidColor color="#473430" alpha="0.3019608"/>
                                                  </FillStyle>
                                             </fills>
                                             <strokes/>
                                             <edges>
                                                  <Edge fillStyle0="1" fillStyle1="2" edges="! 814 180| 814 200| 816 229| 813 253"/>
                                                  <Edge fillStyle0="1" fillStyle1="3" edges="! 813 253| 819 253| 819 268| 826 356[ 826 384 814 399| 808 415[ 799 425 789 425[ 771 425 765 412| 761 399| 761 398| 757 381[ 755 364 761 348| 761 337"/>
                                                  <Edge fillStyle0="1" fillStyle1="2" edges="! 761 337| 761 331"/>
                                                  <Edge fillStyle0="1" fillStyle1="3" edges="! 761 331| 761 301"/>
                                                  <Edge fillStyle0="1" fillStyle1="2" edges="! 761 301| 757 288| 759 276"/>
                                                  <Edge fillStyle0="1" fillStyle1="3" edges="! 759 276| 757 160"/>
                                                  <Edge fillStyle0="1" fillStyle1="8" edges="! 757 160| 757 158"/>
                                                  <Edge fillStyle0="1" fillStyle1="2" edges="! 757 158| 754 153| 750 140[ 750 128 757 122"/>
                                                  <Edge fillStyle0="1" fillStyle1="3" edges="! 757 122| 757 114[ 762 86 797 86[ 828 91 828 113| 821 142[ 814 158 814 180"/>
                                                  <Edge fillStyle0="2" fillStyle1="3" edges="! 814 180| 808 147| 811 130[ 811 102 781 109[ 766 111 757 122"/>
                                                  <Edge fillStyle0="0" fillStyle1="1" edges="! 766 76| 784 74[ 836 70 836 106| 838 258| 842 382[ 838 425 826 445| 826 447[ 843 457 843 484| 843 488"/>
                                                  <Edge fillStyle0="0" fillStyle1="13" edges="! 843 488| 848 531| 844 619| 850 764| 850 789[ 850 837 816 862[ 789 885 743 885| 732 883| 661 889| 600 881| 581 876| 531 879| 352 881| 276 876| 10 876[ -25 879 -43 856[ -55 843 -55 830| -55 723| -59 653[ -59 589 -55 575[ -52 543 -32 522"/>
                                                  <Edge fillStyle0="0" fillStyle1="1" edges="! -32 522| -32 518| -33 518[ -57 518 -57 497| -52 451| -52 448[ -52 435 -38 427| -38 424| -32 302| -26 193| -28 189| -28 183| -37 109[ -37 82 -5 76[ 7 66 32 66[ 60 66 71 77"/>
                                                  <Edge fillStyle0="0" fillStyle1="7" edges="! 71 77| 119 76| 122 76"/>
                                                  <Edge fillStyle0="0" fillStyle1="6" edges="! 122 76| 126 76| 210 67"/>
                                                  <Edge fillStyle0="0" fillStyle1="7" edges="! 210 67| 225 66| 245 66"/>
                                                  <Edge fillStyle0="0" fillStyle1="6" edges="! 245 66| 337 66"/>
                                                  <Edge fillStyle0="0" fillStyle1="7" edges="! 337 66| 366 66"/>
                                                  <Edge fillStyle0="0" fillStyle1="1" edges="! 366 66| 367 66[ 371 53 390 54| 398 53| 404 54| 416 57| 434 56[ 478 54 483 77"/>
                                                  <Edge fillStyle0="0" fillStyle1="7" edges="! 483 77| 493 77| 518 77"/>
                                                  <Edge fillStyle0="0" fillStyle1="6" edges="! 518 77| 540 70| 634 72"/>
                                                  <Edge fillStyle0="0" fillStyle1="7" edges="! 634 72| 766 76"/>
                                                  <Edge fillStyle0="1" fillStyle1="7" edges="! 766 76[ 733 86 733 114| 744 314| 743 381| 737 420| 739 437| 702 435| 530 427| 510 425| 509 424| 467 394| 477 309| 478 159| 478 119| 483 82| 483 77"/>
                                                  <Edge fillStyle0="1" fillStyle1="7" edges="! 824 620[ 821 604 821 584| 819 518| 820 518| 825 517"/>
                                                  <Edge fillStyle0="1" fillStyle1="13" edges="! 825 517| 841 510| 843 488"/>
                                                  <Edge fillStyle0="13" fillStyle1="1" edges="! 824 620| 821 634| 821 665| 820 670[ 828 686 830 720[ 830 773 814 789[ 808 800 797 800| 793 800| 776 799| 743 803| -3 806| -22 800| -26 800| -26 794[ -41 787 -38 773| -34 723[ -37 710 -30 703| -30 692| -34 589| -38 557| -32 522"/>
                                                  <Edge fillStyle0="13" fillStyle1="7" edges="! 825 517| 824 620"/>
                                                  <Edge fillStyle0="10" fillStyle1="6" edges="! 691 119| 688 116"/>
                                                  <Edge fillStyle0="10" fillStyle1="11" edges="! 688 116[ 683 107 664 109[ 644 109 639 120"/>
                                                  <Edge fillStyle0="10" fillStyle1="9" edges="! 639 120| 657 120| 679 130| 685 139"/>
                                                  <Edge fillStyle0="10" fillStyle1="11" edges="! 685 139| 691 127| 691 119"/>
                                                  <Edge fillStyle0="6" fillStyle1="11" edges="! 691 119| 707 122[ 722 139 722 176| 718 238| 717 268[ 707 292 655 292| 587 291| 571 295[ 549 296 543 317[ 543 342 527 342[ 500 342 508 317| 509 309[ 493 300 493 263"/>
                                                  <Edge fillStyle0="6" fillStyle1="7" edges="! 493 263| 487 337[ 482 354 487 366[ 499 391 557 391| 702 381[ 723 364 722 246[ 728 202 722 159[ 710 74 653 74| 634 72"/>
                                                  <Edge fillStyle0="11" fillStyle1="9" edges="! 629 120| 639 120"/>
                                                  <Edge fillStyle0="11" fillStyle1="10" edges="! 585 100[ 631 100 631 114| 629 120"/>
                                                  <Edge fillStyle0="9" fillStyle1="10" edges="! 629 120| 570 120| 579 117| 587 107| 585 100"/>
                                                  <Edge fillStyle0="9" fillStyle1="11" edges="! 585 100[ 579 94 563 94"/>
                                                  <Edge fillStyle0="9" fillStyle1="6" edges="! 563 94| 559 94| 537 99"/>
                                                  <Edge fillStyle0="9" fillStyle1="11" edges="! 537 99[ 531 102 531 107| 532 111"/>
                                                  <Edge fillStyle0="9" fillStyle1="10" edges="! 532 111[ 536 119 558 120| 546 120[ 520 120 520 143[ 524 177 566 177| 671 167[ 685 162 685 143| 685 140"/>
                                                  <Edge fillStyle0="9" fillStyle1="11" edges="! 685 140| 685 139"/>
                                                  <Edge fillStyle0="11" fillStyle1="10" edges="! 685 140| 690 153| 685 172[ 700 176 700 189[ 700 202 674 210| 626 221[ 683 217 683 250[ 683 270 576 270| 557 265| 543 265| 541 265[ 518 263 518 245| 518 240[ 518 222 535 222[ 518 216 518 200| 518 194[ 502 189 509 158[ 509 111 524 109[ 530 109 531 113| 532 111"/>
                                                  <Edge fillStyle0="10" fillStyle1="9" edges="! 671 239[ 671 258 647 255| 624 255| 609 245| 607 239[ 607 225 639 225[ 671 225 671 239"/>
                                                  <Edge fillStyle0="2" fillStyle1="5" edges="! 762 158| 761 150[ 761 128 781 122[ 801 119 801 136[ 799 165 777 165[ 766 165 762 158"/>
                                                  <Edge fillStyle0="2" fillStyle1="5" edges="! 767 235[ 767 221 784 219[ 801 217 801 235| 797 245| 787 248| 767 242| 767 235"/>
                                                  <Edge fillStyle0="2" fillStyle1="8" edges="! 757 158| 761 160"/>
                                                  <Edge fillStyle0="2" fillStyle1="3" edges="! 761 160| 761 255| 761 272| 759 276"/>
                                                  <Edge fillStyle0="3" fillStyle1="8" edges="! 761 160| 757 160"/>
                                                  <Edge fillStyle0="11" fillStyle1="6" edges="! 688 116[ 679 91 606 91| 563 94"/>
                                                  <Edge fillStyle0="3" fillStyle1="1" edges="! 476 405| 454 389| 447 378| 439 368[ 447 354 447 332| 442 312| 455 238| 467 106[ 467 72 423 72[ 377 72 377 116| 385 132"/>
                                                  <Edge fillStyle0="3" fillStyle1="8" edges="! 385 132| 389 132"/>
                                                  <Edge fillStyle0="3" fillStyle1="2" edges="! 389 132[ 389 109 423 103[ 456 99 456 143| 454 195[ 454 229 438 238| 439 258| 439 285[ 439 305 432 314[ 439 319 439 332| 436 345[ 432 354 421 354[ 398 354 396 332[ 396 324 399 319[ 385 314 388 291[ 388 268 396 258[ 396 239 401 230| 385 194| 382 194"/>
                                                  <Edge fillStyle0="3" fillStyle1="1" edges="! 382 194| 377 258| 377 314| 380 328[ 374 336 374 348| 384 369| 380 373[ 368 375 365 383| 352 391"/>
                                                  <Edge fillStyle0="3" fillStyle1="2" edges="! 352 391| 358 392[ 366 378 396 368[ 436 356 436 389| 432 403[ 423 412 406 412| 372 410| 366 410| 349 427| 339 434"/>
                                                  <Edge fillStyle0="3" fillStyle1="5" edges="! 339 434| 338 436| 336 437| 335 437| 330 442"/>
                                                  <Edge fillStyle0="3" fillStyle1="2" edges="! 330 442| 327 447| 318 467| 318 469"/>
                                                  <Edge fillStyle0="3" fillStyle1="5" edges="! 318 469| 318 471| 318 475| 318 476"/>
                                                  <Edge fillStyle0="3" fillStyle1="2" edges="! 318 476| 318 477[ 318 491 305 491[ 295 491 290 484| 286 475| 287 468"/>
                                                  <Edge fillStyle0="3" fillStyle1="1" edges="! 287 468| 280 471| 283 467"/>
                                                  <Edge fillStyle0="3" fillStyle1="5" edges="! 283 467| 280 467"/>
                                                  <Edge fillStyle0="3" fillStyle1="2" edges="! 280 467[ 260 467 251 460| 247 459| 232 464| 185 455| 172 460[ 169 472 136 472| 127 472| 93 475| 77 471[ 57 485 -15 485[ -34 485 -34 465| -28 451| -19 442"/>
                                                  <Edge fillStyle0="3" fillStyle1="1" edges="! -19 442| -32 442[ -44 444 -44 464| -43 471| -44 484[ -43 507 -20 507[ -5 507 16 494| 19 492| 33 495| 273 488| 274 492| 287 497| 290 505[ 295 514 302 514| 314 511| 318 507| 322 501| 323 485| 323 484| 324 478[ 330 457 334 451[ 338 442 362 420| 367 420| 442 420| 443 422| 470 457[ 492 485 498 485| 505 478| 510 469| 500 444"/>
                                                  <Edge fillStyle0="3" fillStyle1="2" edges="! 500 444[ 499 450 488 450[ 476 450 451 428| 432 407[ 432 392 467 403| 476 405"/>
                                                  <Edge fillStyle0="1" fillStyle1="2" edges="! 476 405[ 502 415 502 437| 500 444"/>
                                                  <Edge fillStyle0="2" fillStyle1="5" edges="! 398 150| 398 147[ 398 119 413 113[ 429 109 429 143| 429 160[ 428 172 420 172[ 404 172 399 159| 399 158| 398 153"/>
                                                  <Edge fillStyle0="2" fillStyle1="4" edges="! 398 153| 396 150| 398 150"/>
                                                  <Edge fillStyle0="5" fillStyle1="4" edges="! 398 150| 398 153"/>
                                                  <Edge fillStyle0="2" fillStyle1="5" edges="! 429 203[ 429 217 418 217[ 402 217 399 209| 399 203[ 399 189 413 189[ 429 189 429 203"/>
                                                  <Edge fillStyle0="11" fillStyle1="6" edges="! 537 99[ 508 107 505 127[ 492 136 492 182[ 493 216 500 242[ 494 245 493 259"/>
                                                  <Edge fillStyle0="11" fillStyle1="7" edges="! 493 259| 493 262| 493 263"/>
                                                  <Edge fillStyle0="11" fillStyle1="9" edges="! 603 221| 597 221| 593 221| 585 221| 573 221"/>
                                                  <Edge fillStyle0="11" fillStyle1="10" edges="! 573 221| 568 222| 585 223| 603 221"/>
                                                  <Edge fillStyle0="9" fillStyle1="10" edges="! 603 221| 606 221[ 624 216 624 203[ 624 189 576 186[ 530 183 530 202[ 530 219 573 221"/>
                                                  <Edge fillStyle0="7" fillStyle1="6" edges="! 493 259[ 494 214 488 186[ 477 106 518 77"/>
                                                  <Edge fillStyle0="2" fillStyle1="5" edges="! 426 303| 425 312| 413 316| 404 312[ 404 300 413 291| 426 303"/>
                                                  <Edge fillStyle0="7" fillStyle1="12" edges="! 447 484| 445 492| 438 511[ 432 528 421 531| 416 573[ 416 594 423 619| 421 634| 389 640| 379 640| 376 640| 372 640| 371 640| 360 633| 358 626| 374 550| 367 537| 354 523| 352 521| 344 503| 344 498| 343 494[ 343 448 376 444[ 390 435 396 439| 399 439[ 426 439 438 460| 442 465| 447 484"/>
                                                  <Edge fillStyle0="2" fillStyle1="1" edges="! 518 450| 521 472"/>
                                                  <Edge fillStyle0="2" fillStyle1="3" edges="! 521 472| 530 472| 566 468| 576 457| 576 454| 552 450| 518 450"/>
                                                  <Edge fillStyle0="1" fillStyle1="3" edges="! 518 450| 514 435| 569 435| 609 448"/>
                                                  <Edge fillStyle0="1" fillStyle1="2" edges="! 609 448[ 613 439 626 440| 657 444"/>
                                                  <Edge fillStyle0="1" fillStyle1="4" edges="! 657 444| 664 444"/>
                                                  <Edge fillStyle0="1" fillStyle1="5" edges="! 664 444| 669 444| 710 439| 739 440| 743 442| 749 442"/>
                                                  <Edge fillStyle0="1" fillStyle1="8" edges="! 749 442| 757 444"/>
                                                  <Edge fillStyle0="1" fillStyle1="2" edges="! 757 444| 775 439[ 793 439 797 451| 799 459| 798 467| 794 469"/>
                                                  <Edge fillStyle0="1" fillStyle1="3" edges="! 794 469[ 794 497 767 497| 597 494| 585 494| 536 494| 531 495| 521 495| 521 484| 521 472"/>
                                                  <Edge fillStyle0="3" fillStyle1="2" edges="! 761 331[ 761 317 768 312[ 762 308 761 301"/>
                                                  <Edge fillStyle0="3" fillStyle1="2" edges="! 813 253[ 810 279 803 291[ 813 286 814 268| 808 292[ 803 306 794 312[ 819 319 819 336[ 819 364 793 364[ 777 364 767 349| 761 337"/>
                                                  <Edge fillStyle0="4" fillStyle1="2" edges="! 657 444| 657 447"/>
                                                  <Edge fillStyle0="4" fillStyle1="5" edges="! 657 447[ 658 445 664 444"/>
                                                  <Edge fillStyle0="5" fillStyle1="2" edges="! 657 447| 634 455| 642 464| 655 465| 735 455| 776 457| 777 451[ 771 447 757 445"/>
                                                  <Edge fillStyle0="5" fillStyle1="4" edges="! 757 445| 755 444"/>
                                                  <Edge fillStyle0="5" fillStyle1="8" edges="! 755 444| 754 444| 749 442"/>
                                                  <Edge fillStyle0="4" fillStyle1="8" edges="! 757 444| 755 444"/>
                                                  <Edge fillStyle0="4" fillStyle1="2" edges="! 757 445| 757 444"/>
                                                  <Edge fillStyle0="3" fillStyle1="2" edges="! 794 469[ 789 476 776 478| 723 478| 722 475| 664 475[ 607 475 607 459| 609 448"/>
                                                  <Edge fillStyle0="7" fillStyle1="6" edges="! 355 102| 346 111| 349 122| 349 150| 344 210| 336 279| 334 341[ 334 378 268 383| 182 382[ 126 382 99 362[ 83 351 83 339[ 82 314 89 265| 93 162| 95 124| 90 109[ 90 86 122 76"/>
                                                  <Edge fillStyle0="7" fillStyle1="6" edges="! 337 66[ 345 66 354 77| 355 77"/>
                                                  <Edge fillStyle0="7" fillStyle1="1" edges="! 355 77[ 357 70 366 66"/>
                                                  <Edge fillStyle0="1" fillStyle1="7" edges="! 355 102| 360 109| 358 140| 358 195[ 346 298 346 389[ 324 399 306 418| 235 418| 65 427| 65 424| 65 415| 70 386| 77 291| 77 109| 78 100[ 78 86 71 77"/>
                                                  <Edge fillStyle0="1" fillStyle1="6" edges="! 355 77| 358 91| 355 102"/>
                                                  <Edge fillStyle0="10" fillStyle1="9" edges="! 166 109| 232 106| 270 109[ 292 109 302 119| 309 132[ 309 140 301 145| 279 152| 273 152| 212 156| 131 147| 123 136"/>
                                                  <Edge fillStyle0="10" fillStyle1="11" edges="! 123 136[ 117 152 115 189| 119 202"/>
                                                  <Edge fillStyle0="10" fillStyle1="9" edges="! 119 202| 119 199[ 119 177 197 177[ 273 178 273 194[ 273 203 212 210| 175 217"/>
                                                  <Edge fillStyle0="10" fillStyle1="11" edges="! 175 217| 180 217| 187 217[ 287 217 306 194[ 317 192 317 178| 313 153| 313 137[ 313 114 300 109[ 300 86 231 91[ 181 96 166 109"/>
                                                  <Edge fillStyle0="9" fillStyle1="11" edges="! 166 109| 159 109"/>
                                                  <Edge fillStyle0="9" fillStyle1="10" edges="! 159 109| 128 116| 127 119"/>
                                                  <Edge fillStyle0="9" fillStyle1="11" edges="! 127 119[ 122 122 122 132| 123 136"/>
                                                  <Edge fillStyle0="7" fillStyle1="6" edges="! 210 67| 245 66"/>
                                                  <Edge fillStyle0="2" fillStyle1="8" edges="! 389 132| 389 135| 385 135"/>
                                                  <Edge fillStyle0="2" fillStyle1="1" edges="! 385 135| 384 153| 382 194"/>
                                                  <Edge fillStyle0="8" fillStyle1="1" edges="! 385 132| 385 135"/>
                                                  <Edge fillStyle0="6" fillStyle1="11" edges="! 322 230| 302 276| 302 279[ 302 292 284 300| 284 302[ 280 345 231 345| 154 341[ 145 336 145 325[ 145 314 159 312| 158 312[ 104 312 104 281[ 104 268 109 258| 109 246| 112 159| 109 114[ 119 92 198 86| 286 82[ 309 86 322 109| 327 137| 322 230"/>
                                                  <Edge fillStyle0="10" fillStyle1="11" edges="! 159 109| 156 106| 144 102[ 126 102 126 113| 127 119"/>
                                                  <Edge fillStyle0="2" fillStyle1="5" edges="! 1 143[ 1 130 6 122[ 11 113 19 111[ 41 109 41 143| 34 158| 23 163| 17 163[ 2 162 1 153| 1 147"/>
                                                  <Edge fillStyle0="2" fillStyle1="4" edges="! 1 147| -3 147"/>
                                                  <Edge fillStyle0="2" fillStyle1="3" edges="! -3 147| -5 153| 1 167| -5 194| -5 223| 2 239| 1 240"/>
                                                  <Edge fillStyle0="2" fillStyle1="5" edges="! 1 240| 11 238[ 27 236 27 251[ 27 268 12 268| 1 265"/>
                                                  <Edge fillStyle0="2" fillStyle1="3" edges="! 1 265[ 1 303 14 314[ 2 319 2 332[ 1 354 23 354[ 41 354 41 332[ 41 317 33 314[ 41 306 41 285| 41 275| 43 271| 48 258| 45 248| 35 242[ 45 230 48 206| 54 156| 51 140| 56 127"/>
                                                  <Edge fillStyle0="2" fillStyle1="8" edges="! 56 127| 56 122"/>
                                                  <Edge fillStyle0="2" fillStyle1="3" edges="! 56 122[ 54 102 27 106[ 7 106 1 119| -5 132| -3 143"/>
                                                  <Edge fillStyle0="2" fillStyle1="4" edges="! -3 143| 1 143"/>
                                                  <Edge fillStyle0="5" fillStyle1="4" edges="! 1 143| 1 147"/>
                                                  <Edge fillStyle0="3" fillStyle1="1" edges="! 56 122[ 56 74 24 83[ -8 92 -8 127| -8 130| -11 177| -10 246| -8 255| -6 272| -11 332[ -11 356 2 362[ -19 366 -19 389[ -16 425 14 425[ 29 425 38 411[ 46 399 46 389[ 46 371 29 366[ 43 358 48 336| 51 302| 49 279| 55 259[ 60 235 57 202| 63 162| 57 127"/>
                                                  <Edge fillStyle0="3" fillStyle1="8" edges="! 57 127| 56 127"/>
                                                  <Edge fillStyle0="2" fillStyle1="5" edges="! 32 176[ 32 189 19 189[ 3 189 6 177[ 6 165 17 165[ 32 165 32 176"/>
                                                  <Edge fillStyle0="11" fillStyle1="9" edges="! 175 217| 171 217[ 150 221 150 217| 150 216[ 127 214 122 209| 119 202"/>
                                                  <Edge fillStyle0="10" fillStyle1="9" edges="! 172 223[ 193 223 193 239[ 193 255 172 255[ 154 255 154 239[ 154 223 172 223"/>
                                                  <Edge fillStyle0="11" fillStyle1="10" edges="! 194 221[ 254 221 254 240[ 254 263 159 263[ 136 263 136 245[ 136 217 194 221"/>
                                                  <Edge fillStyle0="8" fillStyle1="1" edges="! 57 127| 56 122"/>
                                                  <Edge fillStyle0="6" fillStyle1="11" edges="! 178 312[ 202 309 251 312| 252 305| 204 305| 193 305| 178 312"/>
                                                  <Edge fillStyle0="5" fillStyle1="1" edges="! 63 448[ 60 439 33 439| 6 442"/>
                                                  <Edge fillStyle0="5" fillStyle1="2" edges="! 6 442[ -25 444 -25 457[ -26 469 -8 469| -1 468| 54 469| 78 459| 78 457| 73 452"/>
                                                  <Edge fillStyle0="5" fillStyle1="4" edges="! 73 452| 63 448"/>
                                                  <Edge fillStyle0="1" fillStyle1="4" edges="! 63 448| 73 451"/>
                                                  <Edge fillStyle0="1" fillStyle1="2" edges="! 73 451| 79 445| 126 439| 172 444| 185 448| 225 437| 248 440| 254 435[ 264 429 287 425| 302 424| 291 442"/>
                                                  <Edge fillStyle0="1" fillStyle1="5" edges="! 291 442[ 284 454 283 467"/>
                                                  <Edge fillStyle0="2" fillStyle1="4" edges="! 73 451| 73 452"/>
                                                  <Edge fillStyle0="5" fillStyle1="2" edges="! 291 442| 279 440[ 270 444 270 452[ 270 465 280 467"/>
                                                  <Edge fillStyle0="5" fillStyle1="2" edges="! 318 469[ 317 465 308 465[ 296 465 296 475| 296 478[ 298 484 309 484| 314 481| 318 476"/>
                                                  <Edge fillStyle0="2" fillStyle1="1" edges="! 312 420[ 292 439 290 461[ 287 465 287 468"/>
                                                  <Edge fillStyle0="2" fillStyle1="5" edges="! 377 389[ 377 375 399 375[ 413 375 413 384[ 413 399 391 399[ 384 399 380 392| 377 389"/>
                                                  <Edge fillStyle0="2" fillStyle1="1" edges="! 352 391| 350 392| 346 392| 334 402"/>
                                                  <Edge fillStyle0="2" fillStyle1="5" edges="! 334 402[ 357 389 357 408| 339 434"/>
                                                  <Edge fillStyle0="5" fillStyle1="2" edges="! 312 420| 308 431| 308 437[ 309 447 322 447| 330 442"/>
                                                  <Edge fillStyle0="5" fillStyle1="1" edges="! 334 402[ 317 410 312 420"/>
                                                  <Edge fillStyle0="7" fillStyle1="1" edges="! 455 630[ 438 584 438 554| 438 551| 436 550| 439 545| 442 540| 443 540| 460 528[ 471 514 471 489[ 471 429 404 422[ 334 415 334 497[ 334 517 340 525[ 346 537 365 540| 368 562| 358 604| 349 630"/>
                                                  <Edge fillStyle0="7" fillStyle1="6" edges="! 349 630[ 349 640 355 643"/>
                                                  <Edge fillStyle0="7" fillStyle1="1" edges="! 355 643| 384 646"/>
                                                  <Edge fillStyle0="7" fillStyle1="3" edges="! 384 646| 389 645| 434 648"/>
                                                  <Edge fillStyle0="7" fillStyle1="1" edges="! 434 648| 451 646"/>
                                                  <Edge fillStyle0="7" fillStyle1="6" edges="! 451 646| 451 645| 455 634| 455 633| 455 630"/>
                                                  <Edge fillStyle0="1" fillStyle1="6" edges="! 455 630| 460 641[ 456 643 451 646"/>
                                                  <Edge fillStyle0="1" fillStyle1="3" edges="! 330 528[ 355 547 355 573| 346 594[ 338 648 328 648[ 322 648 317 634| 314 619| 318 604| 317 599| 327 573[ 305 547 305 538[ 305 510 330 528"/>
                                                  <Edge fillStyle0="7" fillStyle1="1" edges="! 296 666| 292 645| 305 613| 306 604| 309 599| 313 584[ 313 568 284 534| 280 528| 280 518| 70 517| 17 514[ 34 530 34 551| 39 702| 39 743| 136 737| 611 737| 757 743| 757 739| 757 637| 759 555| 765 527| 515 523| 515 531| 515 538| 509 545| 480 581| 487 609| 493 624| 495 658| 493 675"/>
                                                  <Edge fillStyle0="7" fillStyle1="6" edges="! 493 675| 492 677| 491 679"/>
                                                  <Edge fillStyle0="7" fillStyle1="1" edges="! 491 679| 491 680| 489 681| 486 681| 433 684| 346 681| 312 675"/>
                                                  <Edge fillStyle0="7" fillStyle1="6" edges="! 312 675| 298 674| 296 666"/>
                                                  <Edge fillStyle0="1" fillStyle1="6" edges="! 296 666| 312 675"/>
                                                  <Edge fillStyle0="3" fillStyle1="2" edges="! 331 570[ 323 570 322 562| 318 557[ 318 543 334 543[ 345 543 345 557[ 345 570 331 570"/>
                                                  <Edge fillStyle0="6" fillStyle1="11" edges="! 223 617[ 209 625 180 625| 127 617| 112 619[ 92 619 85 608| 83 593[ 82 562 111 564[ 114 564 115 567[ 128 557 165 557[ 223 557 223 580| 223 581[ 234 591 234 601[ 234 611 223 617"/>
                                                  <Edge fillStyle0="7" fillStyle1="6" edges="! 273 596| 260 646[ 260 684 273 692| 295 702| 203 702| 156 710| 115 703| 83 707[ 54 707 56 675[ 56 640 65 614| 60 578[ 60 537 158 537[ 256 537 256 575| 256 584| 273 596"/>
                                                  <Edge fillStyle0="6" fillStyle1="1" edges="! 349 630| 345 643| 355 643"/>
                                                  <Edge fillStyle0="3" fillStyle1="1" edges="! 384 646[ 334 648 334 661[ 334 674 377 674| 434 670| 447 658| 434 648"/>
                                                  <Edge fillStyle0="1" fillStyle1="8" edges="! 23 578| 23 581"/>
                                                  <Edge fillStyle0="1" fillStyle1="3" edges="! 23 581| 17 626| 19 661| 19 686[ 17 707 2 707| 1 707| -8 707[ -26 702 -20 670| -20 640[ -28 625 -25 591| -25 589| -22 573"/>
                                                  <Edge fillStyle0="1" fillStyle1="2" edges="! -22 573| -25 558[ -25 540 -16 540| -10 540"/>
                                                  <Edge fillStyle0="1" fillStyle1="3" edges="! -10 540| 1 534[ 23 528 23 561| 23 578"/>
                                                  <Edge fillStyle0="8" fillStyle1="3" edges="! 23 578| 19 578| 23 581"/>
                                                  <Edge fillStyle0="3" fillStyle1="2" edges="! 19 578| 14 591| 1 600| -10 599[ -20 593 -22 573"/>
                                                  <Edge fillStyle0="1" fillStyle1="3" edges="! 11 723[ 23 723 23 737[ 23 750 12 750| 7 750[ -5 748 -1 737[ -1 727 3 726[ 7 723 11 723"/>
                                                  <Edge fillStyle0="7" fillStyle1="6" edges="! 713 609| 718 648| 715 687[ 707 719 671 702| 509 702| 521 691| 524 653[ 527 625 522 613| 543 599| 563 584| 565 563[ 585 538 680 538[ 705 538 710 571| 713 604| 713 609"/>
                                                  <Edge fillStyle0="1" fillStyle1="3" edges="! 775 548[ 775 528 790 528[ 804 528 804 548| 804 558[ 814 572 814 584[ 804 664 794 691[ 813 694 813 710| 808 723| 797 727| 788 727| 775 719| 772 711| 772 707| 772 706[ 772 697 776 697| 766 670| 761 637[ 761 613 767 570[ 768 554 775 548"/>
                                                  <Edge fillStyle0="6" fillStyle1="11" edges="! 688 599| 683 617[ 673 630 656 630[ 637 630 609 608| 607 608| 598 604| 597 601| 581 584[ 581 562 635 562[ 688 562 688 599"/>
                                                  <Edge fillStyle0="3" fillStyle1="2" edges="! 469 551| 469 542[ 469 530 483 525[ 499 518 499 534| 480 555[ 470 555 469 551"/>
                                                  <Edge fillStyle0="1" fillStyle1="3" edges="! 450 562| 478 514[ 508 478 508 521[ 477 584 461 584[ 455 584 451 572| 450 562"/>
                                                  <Edge fillStyle0="6" fillStyle1="1" edges="! 493 675| 491 679"/>
                                                  <Edge fillStyle0="3" fillStyle1="4" edges="! -3 147| -3 143"/>
                                                  <Edge fillStyle0="2" fillStyle1="1" edges="! 6 442| -6 439[ -15 439 -19 442"/>
                                                  <Edge fillStyle0="3" fillStyle1="2" edges="! -10 540| -3 540[ 19 551 19 578"/>
                                                  <Edge fillStyle0="3" fillStyle1="5" edges="! 1 265[ -6 261 -5 253| 1 240"/>
                                             </edges>
                                        </DOMShape>
                                   </elements>
                              </DOMFrame>
                         </frames>
                    </DOMLayer>
               </layers>
          </DOMTimeline>
     </timeline>
</DOMSymbolItem>
