<DOMSymbolItem xmlns="http://ns.adobe.com/xfl/2008/" xmlns:xsi="http://www.w3.org/2001/XMLSchema-instance" name="Symbol 1426" lastModified="1681431985">
     <timeline>
          <DOMTimeline name="Symbol 1426">
               <layers>
                    <DOMLayer name="Layer 1" color="#ba5bbc" current="true" isSelected="true">
                         <frames>
                              <DOMFrame index="0" keyMode="9728">
                                   <elements>
                                        <DOMShape isFloating="true">
                                             <fills>
                                                  <FillStyle index="1">
                                                       <SolidColor color="#000000"/>
                                                  </FillStyle>
                                                  <FillStyle index="2">
                                                       <SolidColor color="#999999"/>
                                                  </FillStyle>
                                                  <FillStyle index="3">
                                                       <SolidColor color="#ffcc00"/>
                                                  </FillStyle>
                                             </fills>
                                             <strokes/>
                                             <edges>
                                                  <Edge fillStyle0="2" fillStyle1="1" edges="! 138 90| 140 52| 23 56| 18 63| 19 86| 60 86| 61 87| 134 88| 138 90"/>
                                                  <Edge fillStyle0="3" fillStyle1="1" edges="! 122 105| 57 105| 57 104| 23 104| 21 105| 23 169| 67 166| 135 165| 138 166| 138 103| 122 105"/>
                                                  <Edge fillStyle0="2" fillStyle1="1" edges="! 103 21| 67 20| 63 30| 64 34| 86 36| 104 36[ 102 30 103 21"/>
                                                  <Edge fillStyle0="0" fillStyle1="1" edges="! 160 49| 157 140[ 154 156 156 180| 159 216| 150 226| 144 227| 101 227| 16 228[ 2 228 3 219| 4 198| 4 196| 4 162| 1 99| 0 68[ 1 49 8 44[ 18 36 44 35| 44 32[ 45 -2 61 1| 61 0| 96 1[ 121 -5 120 29| 120 36| 155 41| 160 49"/>
                                                  <Edge fillStyle0="3" fillStyle1="1" edges="! 86 115| 78 126| 86 126[ 95 126 95 133| 76 164| 71 160| 70 156| 79 140| 80 138| 70 139| 66 138| 65 134| 70 122[ 77 111 85 112| 86 115"/>
                                                  <Edge fillStyle0="1" fillStyle1="2" edges="! 26 187| 56 186| 81 186| 98 184| 124 183| 138 185| 137 206| 129 206| 128 207| 32 207| 25 201| 24 196| 26 187"/>
                                             </edges>
                                        </DOMShape>
                                   </elements>
                              </DOMFrame>
                         </frames>
                    </DOMLayer>
               </layers>
          </DOMTimeline>
     </timeline>
</DOMSymbolItem>
