<DOMSymbolItem xmlns="http://ns.adobe.com/xfl/2008/" xmlns:xsi="http://www.w3.org/2001/XMLSchema-instance" name="Symbol 1385" lastModified="1681431985" linkageIdentifier="fireblock" linkageExportForAS="true">
     <timeline>
          <DOMTimeline name="Symbol 1385">
               <layers>
                    <DOMLayer name="Script Layer" color="#a975cb">
                         <frames>
                              <DOMFrame index="0" keyMode="9728">
                                   <Actionscript>
                                        <script>stop();
fire = true;
</script>
                                   </Actionscript>
                                   <elements/>
                              </DOMFrame>
                         </frames>
                    </DOMLayer>
                    <DOMLayer name="Layer 2" color="#aa2baf">
                         <frames>
                              <DOMFrame index="0" keyMode="9728">
                                   <elements>
                                        <DOMSymbolInstance libraryItemName="Symbol 454" centerPoint3DX="10.35" centerPoint3DY="-2.0">
                                             <matrix>
                                                  <Matrix tx="-19.65" ty="-32.0"/>
                                             </matrix>
                                             <transformationPoint>
                                                  <Point/>
                                             </transformationPoint>
                                        </DOMSymbolInstance>
                                   </elements>
                              </DOMFrame>
                              <DOMFrame index="1" keyMode="9728">
                                   <elements>
                                        <DOMSymbolInstance libraryItemName="Symbol 454" centerPoint3DX="49.55" centerPoint3DY="5.9">
                                             <matrix>
                                                  <Matrix tx="19.55" ty="-24.1" a="-1.0" d="0.7437286376953125"/>
                                             </matrix>
                                             <transformationPoint>
                                                  <Point/>
                                             </transformationPoint>
                                        </DOMSymbolInstance>
                                   </elements>
                              </DOMFrame>
                              <DOMFrame index="2" keyMode="9728">
                                   <elements>
                                        <DOMSymbolInstance libraryItemName="Symbol 454" centerPoint3DX="46.6" centerPoint3DY="10.45">
                                             <matrix>
                                                  <Matrix tx="16.6" ty="-19.55" a="-0.849884033203125" d="0.6134033203125"/>
                                             </matrix>
                                             <transformationPoint>
                                                  <Point/>
                                             </transformationPoint>
                                             <color>
                                                  <Color alphaMultiplier="0.8984375"/>
                                             </color>
                                        </DOMSymbolInstance>
                                   </elements>
                              </DOMFrame>
                              <DOMFrame index="3" keyMode="9728">
                                   <elements>
                                        <DOMSymbolInstance libraryItemName="Symbol 454" centerPoint3DX="14.9" centerPoint3DY="12.15">
                                             <matrix>
                                                  <Matrix tx="-15.1" ty="-17.85" a="0.76763916015625" d="0.554046630859375"/>
                                             </matrix>
                                             <transformationPoint>
                                                  <Point/>
                                             </transformationPoint>
                                             <color>
                                                  <Color alphaMultiplier="0.69921875"/>
                                             </color>
                                        </DOMSymbolInstance>
                                   </elements>
                              </DOMFrame>
                              <DOMFrame index="4" duration="2" keyMode="9728">
                                   <elements/>
                              </DOMFrame>
                         </frames>
                    </DOMLayer>
                    <DOMLayer name="Layer 3" color="#03feff" current="true" isSelected="true">
                         <frames>
                              <DOMFrame index="0" duration="4" keyMode="9728">
                                   <elements>
                                        <DOMSymbolInstance libraryItemName="Symbol 1381" centerPoint3DX="4.6" centerPoint3DY="-14.5">
                                             <matrix>
                                                  <Matrix tx="-19.6" ty="-31.0"/>
                                             </matrix>
                                             <transformationPoint>
                                                  <Point/>
                                             </transformationPoint>
                                        </DOMSymbolInstance>
                                   </elements>
                              </DOMFrame>
                              <DOMFrame index="4" keyMode="9728">
                                   <elements>
                                        <DOMSymbolInstance libraryItemName="Symbol 1384" name="p" centerPoint3DX="9.05" centerPoint3DY="45.65">
                                             <matrix>
                                                  <Matrix tx="-19.95" ty="-12.5"/>
                                             </matrix>
                                             <transformationPoint>
                                                  <Point/>
                                             </transformationPoint>
                                        </DOMSymbolInstance>
                                   </elements>
                              </DOMFrame>
                              <DOMFrame index="5" keyMode="9728">
                                   <elements>
                                        <DOMSymbolInstance libraryItemName="Symbol 1383" centerPoint3DX="-1.25" centerPoint3DY="-14.5">
                                             <matrix>
                                                  <Matrix tx="-19.6" ty="-31.0"/>
                                             </matrix>
                                             <transformationPoint>
                                                  <Point/>
                                             </transformationPoint>
                                        </DOMSymbolInstance>
                                   </elements>
                              </DOMFrame>
                         </frames>
                    </DOMLayer>
               </layers>
          </DOMTimeline>
     </timeline>
</DOMSymbolItem>
