<DOMSymbolItem xmlns="http://ns.adobe.com/xfl/2008/" xmlns:xsi="http://www.w3.org/2001/XMLSchema-instance" name="Symbol 2250" lastModified="1681431985">
     <timeline>
          <DOMTimeline name="Symbol 2250">
               <layers>
                    <DOMLayer name="Layer 1" color="#80bf4e" current="true" isSelected="true">
                         <frames>
                              <DOMFrame index="0" keyMode="9728">
                                   <elements>
                                        <DOMShape isFloating="true">
                                             <fills>
                                                  <FillStyle index="1">
                                                       <SolidColor color="#000000"/>
                                                  </FillStyle>
                                                  <FillStyle index="2">
                                                       <SolidColor color="#832e2e"/>
                                                  </FillStyle>
                                                  <FillStyle index="3">
                                                       <SolidColor color="#cccccc"/>
                                                  </FillStyle>
                                             </fills>
                                             <strokes/>
                                             <edges>
                                                  <Edge fillStyle1="1" edges="! 289 686[ 267 671 267 664| 267 662| 264 655| 265 647| 269 648[ 275 623 307 651| 339 684| 369 703[ 394 689 394 721| 387 734| 374 794[ 374 814 405 814[ 423 814 426 799| 426 783| 421 759| 415 735[ 415 717 434 717| 436 717[ 447 703 481 680[ 533 645 546 651| 551 659[ 541 689 506 721| 486 738[ 514 777 514 805[ 514 834 506 849| 508 851[ 545 898 545 939[ 545 965 525 984[ 493 1014 419 1014[ 345 1014 303 979[ 274 955 274 934[ 274 905 279 894[ 285 880 302 868| 296 846| 294 804[ 294 771 339 727| 299 696| 289 686"/>
                                                  <Edge fillStyle1="1" edges="! 342 803| 345 790| 338 802"/>
                                                  <Edge fillStyle1="2" edges="! 338 802| 342 803"/>
                                                  <Edge fillStyle0="1" fillStyle1="2" edges="! 342 803| 343 808| 345 818| 350 827"/>
                                                  <Edge fillStyle0="1" fillStyle1="3" edges="! 350 827| 351 829[ 366 851 400 851[ 442 851 454 824| 455 823"/>
                                                  <Edge fillStyle0="1" fillStyle1="2" edges="! 455 823| 459 801| 459 790| 459 784| 459 776| 474 804| 469 821| 468 823| 467 825"/>
                                                  <Edge fillStyle0="1" fillStyle1="3" edges="! 467 825[ 464 832 464 838| 465 850| 474 859| 484 885| 497 929[ 497 943 474 960| 419 965[ 378 965 344 952[ 310 939 310 922| 326 898| 336 887| 341 883| 344 877| 342 874| 341 864| 339 861| 333 859[ 327 852 327 844| 328 832"/>
                                                  <Edge fillStyle0="1" fillStyle1="2" edges="! 328 832[ 330 818 338 802"/>
                                                  <Edge fillStyle0="2" fillStyle1="3" edges="! 328 832| 333 832| 350 827"/>
                                                  <Edge fillStyle0="2" fillStyle1="3" edges="! 455 823| 465 825| 467 825"/>
                                             </edges>
                                        </DOMShape>
                                   </elements>
                              </DOMFrame>
                              <DOMFrame index="1" keyMode="9728">
                                   <elements>
                                        <DOMShape isFloating="true">
                                             <fills>
                                                  <FillStyle index="1">
                                                       <SolidColor color="#000000"/>
                                                  </FillStyle>
                                                  <FillStyle index="2">
                                                       <SolidColor color="#832e2e"/>
                                                  </FillStyle>
                                                  <FillStyle index="3">
                                                       <SolidColor color="#cccccc"/>
                                                  </FillStyle>
                                             </fills>
                                             <strokes/>
                                             <edges>
                                                  <Edge fillStyle1="1" edges="! 616 734| 630 735| 626 738[ 654 777 654 805[ 654 834 646 849| 648 851[ 685 898 685 939[ 685 965 665 984[ 633 1014 559 1014[ 485 1014 443 979[ 414 955 414 934[ 414 905 419 894[ 425 880 442 868| 436 846| 434 804[ 434 771 479 727| 439 696| 429 686[ 407 671 407 664| 407 662| 404 655| 405 647| 409 648[ 415 623 447 651| 479 684| 509 703[ 534 689 534 721| 527 734| 514 794[ 514 814 545 814[ 563 814 566 799| 566 783| 561 759| 555 735[ 555 720 568 718| 567 715| 553 681[ 553 639 585 669[ 617 699 617 723| 616 734"/>
                                                  <Edge fillStyle0="2" fillStyle1="1" edges="! 607 825| 608 823| 609 821| 614 804| 599 776| 599 784| 599 790| 599 801| 595 823"/>
                                                  <Edge fillStyle0="2" fillStyle1="3" edges="! 595 823| 605 825| 607 825"/>
                                                  <Edge fillStyle0="1" fillStyle1="3" edges="! 607 825| 604 838| 605 850| 614 859| 624 885| 637 929[ 637 943 614 960| 559 965| 484 952[ 450 939 450 922[ 450 917 466 898| 476 887| 481 883| 484 877| 482 874| 481 864| 479 861| 473 859[ 467 852 467 844| 468 832"/>
                                                  <Edge fillStyle0="1" fillStyle1="2" edges="! 468 832[ 470 818 478 802"/>
                                                  <Edge fillStyle0="1" fillStyle1="0" edges="! 478 802| 485 790| 482 803"/>
                                                  <Edge fillStyle0="1" fillStyle1="2" edges="! 482 803| 483 808| 485 818| 490 827"/>
                                                  <Edge fillStyle0="1" fillStyle1="3" edges="! 490 827| 491 829[ 506 851 540 851[ 582 851 594 824| 595 823"/>
                                                  <Edge fillStyle0="2" fillStyle1="0" edges="! 482 803| 478 802"/>
                                                  <Edge fillStyle0="2" fillStyle1="3" edges="! 468 832| 473 832| 490 827"/>
                                             </edges>
                                        </DOMShape>
                                   </elements>
                              </DOMFrame>
                              <DOMFrame index="2" keyMode="9728">
                                   <elements/>
                              </DOMFrame>
                              <DOMFrame index="3" keyMode="9728">
                                   <elements>
                                        <DOMShape isFloating="true">
                                             <fills>
                                                  <FillStyle index="1">
                                                       <SolidColor color="#000000"/>
                                                  </FillStyle>
                                                  <FillStyle index="2">
                                                       <SolidColor color="#832e2e"/>
                                                  </FillStyle>
                                                  <FillStyle index="3">
                                                       <SolidColor color="#cccccc"/>
                                                  </FillStyle>
                                             </fills>
                                             <strokes/>
                                             <edges>
                                                  <Edge fillStyle0="1" edges="! 212 734| 198 735| 202 738[ 174 777 174 805[ 174 834 182 849| 180 851[ 143 898 143 939[ 143 965 163 984[ 195 1014 269 1014[ 343 1014 385 979[ 414 955 414 934| 409 894[ 403 880 386 868| 392 846| 394 804[ 394 771 349 727| 389 696| 399 686| 421 664| 421 662| 424 655| 423 647| 419 648[ 413 623 381 651| 349 684| 319 703[ 294 689 294 721| 301 734| 314 794[ 314 814 283 814[ 265 814 262 799| 262 783| 267 759| 273 735[ 273 720 260 718| 261 715| 275 681[ 275 639 243 669[ 211 699 211 723| 212 734"/>
                                                  <Edge fillStyle0="0" fillStyle1="1" edges="! 350 802| 343 790| 346 803"/>
                                                  <Edge fillStyle0="0" fillStyle1="2" edges="! 346 803| 350 802"/>
                                                  <Edge fillStyle0="1" fillStyle1="2" edges="! 350 802| 360 832"/>
                                                  <Edge fillStyle0="1" fillStyle1="3" edges="! 360 832| 361 844| 355 859| 349 861| 347 864| 346 874| 344 877| 347 883| 352 887| 362 898[ 378 917 378 922[ 378 939 344 952| 269 965| 214 960[ 191 943 191 929[ 191 917 204 885| 214 859| 223 850| 224 838| 221 825"/>
                                                  <Edge fillStyle0="1" fillStyle1="2" edges="! 221 825| 220 823| 219 821| 214 804[ 214 798 229 776| 229 784| 229 790| 229 801| 233 823"/>
                                                  <Edge fillStyle0="1" fillStyle1="3" edges="! 233 823| 234 824[ 246 851 288 851[ 322 851 337 829| 338 827"/>
                                                  <Edge fillStyle0="1" fillStyle1="2" edges="! 338 827| 343 818| 345 808| 346 803"/>
                                                  <Edge fillStyle0="3" fillStyle1="2" edges="! 360 832| 355 832| 338 827"/>
                                                  <Edge fillStyle0="3" fillStyle1="2" edges="! 233 823| 223 825| 221 825"/>
                                             </edges>
                                        </DOMShape>
                                   </elements>
                              </DOMFrame>
                         </frames>
                    </DOMLayer>
               </layers>
          </DOMTimeline>
     </timeline>
</DOMSymbolItem>
