<DOMSymbolItem xmlns="http://ns.adobe.com/xfl/2008/" xmlns:xsi="http://www.w3.org/2001/XMLSchema-instance" name="Symbol 2000" lastModified="1681431985">
     <timeline>
          <DOMTimeline name="Symbol 2000">
               <layers>
                    <DOMLayer name="Script Layer" color="#b814bc">
                         <frames>
                              <DOMFrame index="0" duration="21" keyMode="9728">
                                   <elements/>
                              </DOMFrame>
                              <DOMFrame index="21" keyMode="9728">
                                   <Actionscript>
                                        <script>_parent.gotoAndStop(5);
</script>
                                   </Actionscript>
                                   <elements/>
                              </DOMFrame>
                         </frames>
                    </DOMLayer>
                    <DOMLayer name="Layer 2" color="#d08481">
                         <frames>
                              <DOMFrame index="0" duration="2" keyMode="9728">
                                   <elements/>
                              </DOMFrame>
                              <DOMFrame index="2" keyMode="9728">
                                   <elements>
                                        <DOMSymbolInstance libraryItemName="Symbol 349" symbolType="graphic" loop="loop">
                                             <matrix>
                                                  <Matrix tx="-5.5" ty="-5.55" a="1.2357635498046875" d="1.2357635498046875"/>
                                             </matrix>
                                             <transformationPoint>
                                                  <Point/>
                                             </transformationPoint>
                                             <color>
                                                  <Color redMultiplier="0.1484375" greenMultiplier="0.1484375" blueMultiplier="0.1484375"/>
                                             </color>
                                        </DOMSymbolInstance>
                                   </elements>
                              </DOMFrame>
                              <DOMFrame index="3" keyMode="9728">
                                   <elements>
                                        <DOMSymbolInstance libraryItemName="Symbol 353" symbolType="graphic" loop="loop">
                                             <matrix>
                                                  <Matrix tx="-5.5" ty="-5.55" a="1.2357635498046875" d="1.2357635498046875"/>
                                             </matrix>
                                             <transformationPoint>
                                                  <Point/>
                                             </transformationPoint>
                                             <color>
                                                  <Color redMultiplier="0.1484375" greenMultiplier="0.1484375" blueMultiplier="0.1484375"/>
                                             </color>
                                        </DOMSymbolInstance>
                                   </elements>
                              </DOMFrame>
                              <DOMFrame index="4" keyMode="9728">
                                   <elements>
                                        <DOMSymbolInstance libraryItemName="Symbol 357" symbolType="graphic" loop="loop">
                                             <matrix>
                                                  <Matrix tx="-5.5" ty="-5.55" a="1.2357635498046875" d="1.2357635498046875"/>
                                             </matrix>
                                             <transformationPoint>
                                                  <Point/>
                                             </transformationPoint>
                                             <color>
                                                  <Color redMultiplier="0.1484375" greenMultiplier="0.1484375" blueMultiplier="0.1484375"/>
                                             </color>
                                        </DOMSymbolInstance>
                                   </elements>
                              </DOMFrame>
                              <DOMFrame index="5" keyMode="9728">
                                   <elements>
                                        <DOMSymbolInstance libraryItemName="Symbol 361" symbolType="graphic" loop="loop">
                                             <matrix>
                                                  <Matrix tx="-5.5" ty="-5.55" a="1.2357635498046875" d="1.2357635498046875"/>
                                             </matrix>
                                             <transformationPoint>
                                                  <Point/>
                                             </transformationPoint>
                                             <color>
                                                  <Color redMultiplier="0.1484375" greenMultiplier="0.1484375" blueMultiplier="0.1484375"/>
                                             </color>
                                        </DOMSymbolInstance>
                                   </elements>
                              </DOMFrame>
                              <DOMFrame index="6" keyMode="9728">
                                   <elements>
                                        <DOMSymbolInstance libraryItemName="Symbol 365" symbolType="graphic" loop="loop">
                                             <matrix>
                                                  <Matrix tx="-5.5" ty="-5.55" a="1.2357635498046875" d="1.2357635498046875"/>
                                             </matrix>
                                             <transformationPoint>
                                                  <Point/>
                                             </transformationPoint>
                                             <color>
                                                  <Color redMultiplier="0.1484375" greenMultiplier="0.1484375" blueMultiplier="0.1484375"/>
                                             </color>
                                        </DOMSymbolInstance>
                                   </elements>
                              </DOMFrame>
                              <DOMFrame index="7" keyMode="9728">
                                   <elements>
                                        <DOMSymbolInstance libraryItemName="Symbol 369" symbolType="graphic" loop="loop">
                                             <matrix>
                                                  <Matrix tx="-5.5" ty="-5.55" a="1.2357635498046875" d="1.2357635498046875"/>
                                             </matrix>
                                             <transformationPoint>
                                                  <Point/>
                                             </transformationPoint>
                                             <color>
                                                  <Color redMultiplier="0.1484375" greenMultiplier="0.1484375" blueMultiplier="0.1484375"/>
                                             </color>
                                        </DOMSymbolInstance>
                                   </elements>
                              </DOMFrame>
                              <DOMFrame index="8" keyMode="9728">
                                   <elements>
                                        <DOMSymbolInstance libraryItemName="Symbol 373" symbolType="graphic" loop="loop">
                                             <matrix>
                                                  <Matrix tx="-5.5" ty="-5.55" a="1.2357635498046875" d="1.2357635498046875"/>
                                             </matrix>
                                             <transformationPoint>
                                                  <Point/>
                                             </transformationPoint>
                                             <color>
                                                  <Color redMultiplier="0.1484375" greenMultiplier="0.1484375" blueMultiplier="0.1484375"/>
                                             </color>
                                        </DOMSymbolInstance>
                                   </elements>
                              </DOMFrame>
                              <DOMFrame index="9" keyMode="9728">
                                   <elements>
                                        <DOMSymbolInstance libraryItemName="Symbol 377" symbolType="graphic" loop="loop">
                                             <matrix>
                                                  <Matrix tx="-5.5" ty="-5.55" a="1.2357635498046875" d="1.2357635498046875"/>
                                             </matrix>
                                             <transformationPoint>
                                                  <Point/>
                                             </transformationPoint>
                                             <color>
                                                  <Color redMultiplier="0.1484375" greenMultiplier="0.1484375" blueMultiplier="0.1484375"/>
                                             </color>
                                        </DOMSymbolInstance>
                                   </elements>
                              </DOMFrame>
                              <DOMFrame index="10" keyMode="9728">
                                   <elements>
                                        <DOMSymbolInstance libraryItemName="Symbol 381" symbolType="graphic" loop="loop">
                                             <matrix>
                                                  <Matrix tx="-5.5" ty="-5.55" a="1.2357635498046875" d="1.2357635498046875"/>
                                             </matrix>
                                             <transformationPoint>
                                                  <Point/>
                                             </transformationPoint>
                                             <color>
                                                  <Color redMultiplier="0.1484375" greenMultiplier="0.1484375" blueMultiplier="0.1484375"/>
                                             </color>
                                        </DOMSymbolInstance>
                                   </elements>
                              </DOMFrame>
                              <DOMFrame index="11" keyMode="9728">
                                   <elements>
                                        <DOMSymbolInstance libraryItemName="Symbol 385" symbolType="graphic" loop="loop">
                                             <matrix>
                                                  <Matrix tx="-5.5" ty="-5.55" a="1.2357635498046875" d="1.2357635498046875"/>
                                             </matrix>
                                             <transformationPoint>
                                                  <Point/>
                                             </transformationPoint>
                                             <color>
                                                  <Color redMultiplier="0.1484375" greenMultiplier="0.1484375" blueMultiplier="0.1484375"/>
                                             </color>
                                        </DOMSymbolInstance>
                                   </elements>
                              </DOMFrame>
                              <DOMFrame index="12" keyMode="9728">
                                   <elements>
                                        <DOMSymbolInstance libraryItemName="Symbol 389" symbolType="graphic" loop="loop">
                                             <matrix>
                                                  <Matrix tx="-5.5" ty="-5.55" a="1.2357635498046875" d="1.2357635498046875"/>
                                             </matrix>
                                             <transformationPoint>
                                                  <Point/>
                                             </transformationPoint>
                                             <color>
                                                  <Color redMultiplier="0.1484375" greenMultiplier="0.1484375" blueMultiplier="0.1484375"/>
                                             </color>
                                        </DOMSymbolInstance>
                                   </elements>
                              </DOMFrame>
                              <DOMFrame index="13" keyMode="9728">
                                   <elements>
                                        <DOMSymbolInstance libraryItemName="Symbol 393" symbolType="graphic" loop="loop">
                                             <matrix>
                                                  <Matrix tx="-5.5" ty="-5.55" a="1.2357635498046875" d="1.2357635498046875"/>
                                             </matrix>
                                             <transformationPoint>
                                                  <Point/>
                                             </transformationPoint>
                                             <color>
                                                  <Color redMultiplier="0.1484375" greenMultiplier="0.1484375" blueMultiplier="0.1484375"/>
                                             </color>
                                        </DOMSymbolInstance>
                                   </elements>
                              </DOMFrame>
                              <DOMFrame index="14" keyMode="9728">
                                   <elements>
                                        <DOMSymbolInstance libraryItemName="Symbol 397" symbolType="graphic" loop="loop">
                                             <matrix>
                                                  <Matrix tx="-5.5" ty="-5.55" a="1.2357635498046875" d="1.2357635498046875"/>
                                             </matrix>
                                             <transformationPoint>
                                                  <Point/>
                                             </transformationPoint>
                                             <color>
                                                  <Color redMultiplier="0.1484375" greenMultiplier="0.1484375" blueMultiplier="0.1484375"/>
                                             </color>
                                        </DOMSymbolInstance>
                                   </elements>
                              </DOMFrame>
                              <DOMFrame index="15" keyMode="9728">
                                   <elements>
                                        <DOMSymbolInstance libraryItemName="Symbol 401" symbolType="graphic" loop="loop">
                                             <matrix>
                                                  <Matrix tx="-5.5" ty="-5.55" a="1.2357635498046875" d="1.2357635498046875"/>
                                             </matrix>
                                             <transformationPoint>
                                                  <Point/>
                                             </transformationPoint>
                                             <color>
                                                  <Color redMultiplier="0.1484375" greenMultiplier="0.1484375" blueMultiplier="0.1484375"/>
                                             </color>
                                        </DOMSymbolInstance>
                                   </elements>
                              </DOMFrame>
                              <DOMFrame index="16" keyMode="9728">
                                   <elements>
                                        <DOMSymbolInstance libraryItemName="Symbol 405" symbolType="graphic" loop="loop">
                                             <matrix>
                                                  <Matrix tx="-5.5" ty="-5.55" a="1.2357635498046875" d="1.2357635498046875"/>
                                             </matrix>
                                             <transformationPoint>
                                                  <Point/>
                                             </transformationPoint>
                                             <color>
                                                  <Color redMultiplier="0.1484375" greenMultiplier="0.1484375" blueMultiplier="0.1484375"/>
                                             </color>
                                        </DOMSymbolInstance>
                                   </elements>
                              </DOMFrame>
                              <DOMFrame index="17" keyMode="9728">
                                   <elements>
                                        <DOMSymbolInstance libraryItemName="Symbol 407" symbolType="graphic" loop="loop">
                                             <matrix>
                                                  <Matrix tx="-5.5" ty="-5.55" a="1.2357635498046875" d="1.2357635498046875"/>
                                             </matrix>
                                             <transformationPoint>
                                                  <Point/>
                                             </transformationPoint>
                                             <color>
                                                  <Color redMultiplier="0.1484375" greenMultiplier="0.1484375" blueMultiplier="0.1484375"/>
                                             </color>
                                        </DOMSymbolInstance>
                                   </elements>
                              </DOMFrame>
                              <DOMFrame index="18" duration="4" keyMode="9728">
                                   <elements/>
                              </DOMFrame>
                         </frames>
                    </DOMLayer>
                    <DOMLayer name="Layer 3" color="#daf508">
                         <frames>
                              <DOMFrame index="0" duration="2" keyMode="9728">
                                   <elements/>
                              </DOMFrame>
                              <DOMFrame index="2" keyMode="9728">
                                   <elements>
                                        <DOMShape isFloating="true">
                                             <fills>
                                                  <FillStyle index="1">
                                                       <SolidColor color="#666666" alpha="0.6"/>
                                                  </FillStyle>
                                             </fills>
                                             <strokes/>
                                             <edges>
                                                  <Edge fillStyle0="1" edges="! 1772 617[ 1800 544 1601 510| 1502 501| 1518 485[ 1540 459 1550 431[ 1584 345 1477 296[ 1350 232 1086 240| 902 259| 849 273[ 822 239 709 162[ 642 124 457 107| 380 98| 281 93[ 133 92 84 97| -4 108[ -338 157 -478 239[ -563 291 -599 380[ -607 430 -596 479[ -585 532 -556 556[ -620 556 -662 572[ -723 583 -754 608[ -792 635 -800 648| -811 681[ -826 714 -823 723[ -823 734 -791 777[ -783 794 -699 820[ -589 856 -450 853| -415 849| -407 844[ -406 839 -434 834| -483 805[ -551 766 -535 726[ -527 706 -477 682| -452 671[ -466 743 -265 794[ -88 839 68 838| 116 833| 134 830| 143 824| 104 795[ 70 764 78 740[ 85 724 123 708[ 179 683 284 682[ 435 678 508 727| 547 762[ 560 778 575 778[ 594 777 603 770| 609 764| 609 763| 615 763| 671 742[ 721 722 795 719[ 873 718 899 738| 922 753| 920 754[ 915 764 959 763| 1085 748| 1100 743| 1092 752| 1026 790[ 993 804 832 835| 684 866[ 681 875 717 875| 726 873| 752 878| 1027 863| 1138 845| 1168 833[ 1228 820 1285 777| 1343 716[ 1354 688 1340 672| 1331 664[ 1388 682 1422 703[ 1430 709 1434 735| 1435 750| 1428 756| 1432 761| 1449 763[ 1497 763 1593 732[ 1676 706 1701 692[ 1744 664 1755 652| 1772 617"/>
                                             </edges>
                                        </DOMShape>
                                   </elements>
                              </DOMFrame>
                              <DOMFrame index="3" keyMode="9728">
                                   <elements>
                                        <DOMShape isFloating="true">
                                             <fills>
                                                  <FillStyle index="1">
                                                       <SolidColor color="#666666" alpha="0.6"/>
                                                  </FillStyle>
                                             </fills>
                                             <strokes/>
                                             <edges>
                                                  <Edge fillStyle0="1" edges="! 1783 531[ 1723 476 1574 477| 1521 480[ 1541 467 1558 448[ 1578 425 1584 401[ 1611 334 1550 285[ 1455 209 1161 204[ 1054 198 917 226| 853 242[ 846 194 724 131[ 554 42 323 46| 148 48[ -290 96 -444 174[ -525 215 -562 313[ -585 371 -591 432[ -597 506 -565 527| -553 542[ -737 550 -819 598[ -863 625 -881 669[ -893 699 -874 736[ -843 798 -729 796| -704 792| -701 788| -705 785| -717 758[ -730 726 -718 696[ -707 667 -666 641[ -624 614 -552 602| -516 596| -532 626[ -553 678 -466 735[ -344 815 -57 810| -31 805| -23 800| -26 799| -21 796| -16 793| -50 763[ -83 734 -76 713[ -62 676 -18 648[ 74 593 266 592[ 332 591 413 613[ 473 630 496 641| 536 676| 571 701| 600 696| 600 694| 668 677[ 747 658 828 657[ 987 653 1026 687[ 1043 703 1030 721| 1007 745[ 1004 749 1011 754| 1032 756[ 1064 754 1082 742[ 1204 739 1288 681[ 1339 646 1351 617| 1354 581| 1354 580| 1426 586| 1455 592| 1482 602[ 1501 610 1513 621| 1524 639[ 1532 652 1519 688[ 1510 712 1514 717| 1512 718[ 1510 724 1540 724[ 1599 724 1668 697| 1754 658| 1786 630| 1817 593[ 1825 568 1783 531"/>
                                                  <Edge fillStyle0="1" edges="! 820 878| 870 878[ 1120 874 1263 804[ 1351 763 1366 726[ 1377 677 1329 678[ 1322 678 1280 709[ 1226 749 1161 775[ 1100 800 1038 824| 908 853| 814 870| 820 878"/>
                                             </edges>
                                        </DOMShape>
                                   </elements>
                              </DOMFrame>
                              <DOMFrame index="4" keyMode="9728">
                                   <elements>
                                        <DOMSymbolInstance libraryItemName="Symbol 423" symbolType="graphic" loop="loop">
                                             <matrix>
                                                  <Matrix tx="0.0" ty="0.0"/>
                                             </matrix>
                                             <transformationPoint>
                                                  <Point/>
                                             </transformationPoint>
                                        </DOMSymbolInstance>
                                   </elements>
                              </DOMFrame>
                              <DOMFrame index="5" keyMode="9728">
                                   <elements>
                                        <DOMSymbolInstance libraryItemName="Symbol 425" symbolType="graphic" loop="loop">
                                             <matrix>
                                                  <Matrix tx="0.0" ty="0.0"/>
                                             </matrix>
                                             <transformationPoint>
                                                  <Point/>
                                             </transformationPoint>
                                        </DOMSymbolInstance>
                                   </elements>
                              </DOMFrame>
                              <DOMFrame index="6" keyMode="9728">
                                   <elements>
                                        <DOMSymbolInstance libraryItemName="Symbol 426" symbolType="graphic" loop="loop">
                                             <matrix>
                                                  <Matrix tx="0.0" ty="0.0"/>
                                             </matrix>
                                             <transformationPoint>
                                                  <Point/>
                                             </transformationPoint>
                                        </DOMSymbolInstance>
                                   </elements>
                              </DOMFrame>
                              <DOMFrame index="7" keyMode="9728">
                                   <elements>
                                        <DOMSymbolInstance libraryItemName="Symbol 428" symbolType="graphic" loop="loop">
                                             <matrix>
                                                  <Matrix tx="0.0" ty="0.0"/>
                                             </matrix>
                                             <transformationPoint>
                                                  <Point/>
                                             </transformationPoint>
                                        </DOMSymbolInstance>
                                   </elements>
                              </DOMFrame>
                              <DOMFrame index="8" keyMode="9728">
                                   <elements>
                                        <DOMSymbolInstance libraryItemName="Symbol 429" symbolType="graphic" loop="loop">
                                             <matrix>
                                                  <Matrix tx="0.0" ty="0.0"/>
                                             </matrix>
                                             <transformationPoint>
                                                  <Point/>
                                             </transformationPoint>
                                        </DOMSymbolInstance>
                                   </elements>
                              </DOMFrame>
                              <DOMFrame index="9" keyMode="9728">
                                   <elements>
                                        <DOMSymbolInstance libraryItemName="Symbol 431" symbolType="graphic" loop="loop">
                                             <matrix>
                                                  <Matrix tx="0.0" ty="0.0"/>
                                             </matrix>
                                             <transformationPoint>
                                                  <Point/>
                                             </transformationPoint>
                                        </DOMSymbolInstance>
                                   </elements>
                              </DOMFrame>
                              <DOMFrame index="10" keyMode="9728">
                                   <elements>
                                        <DOMSymbolInstance libraryItemName="Symbol 432" symbolType="graphic" loop="loop">
                                             <matrix>
                                                  <Matrix tx="0.0" ty="0.0"/>
                                             </matrix>
                                             <transformationPoint>
                                                  <Point/>
                                             </transformationPoint>
                                        </DOMSymbolInstance>
                                   </elements>
                              </DOMFrame>
                              <DOMFrame index="11" duration="2" keyMode="9728">
                                   <elements>
                                        <DOMSymbolInstance libraryItemName="Symbol 434" symbolType="graphic" loop="loop">
                                             <matrix>
                                                  <Matrix tx="0.0" ty="0.0"/>
                                             </matrix>
                                             <transformationPoint>
                                                  <Point/>
                                             </transformationPoint>
                                        </DOMSymbolInstance>
                                   </elements>
                              </DOMFrame>
                              <DOMFrame index="13" duration="2" keyMode="9728">
                                   <elements>
                                        <DOMShape isFloating="true">
                                             <fills>
                                                  <FillStyle index="1">
                                                       <SolidColor color="#666666" alpha="0.6"/>
                                                  </FillStyle>
                                             </fills>
                                             <strokes/>
                                             <edges>
                                                  <Edge fillStyle0="1" edges="! 510 -89| 603 -78[ 623 -78 639 -85| 647 -89[ 653 -107 537 -125| 331 -145| 14 -136| -164 -99[ -263 -80 -359 -29[ -444 15 -456 45[ -495 124 -454 123[ -437 123 -399 91[ -348 44 -299 17[ -107 -91 290 -98| 510 -89"/>
                                                  <Edge fillStyle0="1" edges="! 761 -13[ 829 -14 855 21[ 878 57 897 57| 922 48| 931 38[ 954 -19 892 -48[ 750 -107 583 -5[ 579 5 609 5| 659 -4| 761 -13"/>
                                                  <Edge fillStyle0="1" edges="! 1430 51[ 1233 26 1219 62[ 1214 71 1289 77| 1418 88| 1594 121[ 1620 119 1615 113[ 1628 77 1430 51"/>
                                                  <Edge fillStyle0="1" edges="! -406 48| -403 52| -403 56[ -408 55 -406 48"/>
                                             </edges>
                                        </DOMShape>
                                   </elements>
                              </DOMFrame>
                              <DOMFrame index="15" duration="2" keyMode="9728">
                                   <elements>
                                        <DOMSymbolInstance libraryItemName="Symbol 436" symbolType="graphic" loop="loop">
                                             <matrix>
                                                  <Matrix tx="0.0" ty="0.0"/>
                                             </matrix>
                                             <transformationPoint>
                                                  <Point/>
                                             </transformationPoint>
                                        </DOMSymbolInstance>
                                   </elements>
                              </DOMFrame>
                              <DOMFrame index="17" keyMode="9728">
                                   <elements>
                                        <DOMSymbolInstance libraryItemName="Symbol 437" symbolType="graphic" loop="loop">
                                             <matrix>
                                                  <Matrix tx="0.0" ty="0.0"/>
                                             </matrix>
                                             <transformationPoint>
                                                  <Point/>
                                             </transformationPoint>
                                        </DOMSymbolInstance>
                                   </elements>
                              </DOMFrame>
                              <DOMFrame index="18" keyMode="9728">
                                   <elements>
                                        <DOMSymbolInstance libraryItemName="Symbol 409" symbolType="graphic" loop="loop">
                                             <matrix>
                                                  <Matrix tx="-5.5" ty="-5.55" a="1.2357635498046875" d="1.2357635498046875"/>
                                             </matrix>
                                             <transformationPoint>
                                                  <Point/>
                                             </transformationPoint>
                                             <color>
                                                  <Color redMultiplier="0.1484375" greenMultiplier="0.1484375" blueMultiplier="0.1484375"/>
                                             </color>
                                        </DOMSymbolInstance>
                                   </elements>
                              </DOMFrame>
                              <DOMFrame index="19" keyMode="9728">
                                   <elements>
                                        <DOMSymbolInstance libraryItemName="Symbol 411" symbolType="graphic" loop="loop">
                                             <matrix>
                                                  <Matrix tx="-5.5" ty="-5.55" a="1.2357635498046875" d="1.2357635498046875"/>
                                             </matrix>
                                             <transformationPoint>
                                                  <Point/>
                                             </transformationPoint>
                                             <color>
                                                  <Color redMultiplier="0.1484375" greenMultiplier="0.1484375" blueMultiplier="0.1484375"/>
                                             </color>
                                        </DOMSymbolInstance>
                                   </elements>
                              </DOMFrame>
                              <DOMFrame index="20" keyMode="9728">
                                   <elements>
                                        <DOMSymbolInstance libraryItemName="Symbol 413" symbolType="graphic" loop="loop">
                                             <matrix>
                                                  <Matrix tx="-5.5" ty="-5.55" a="1.2357635498046875" d="1.2357635498046875"/>
                                             </matrix>
                                             <transformationPoint>
                                                  <Point/>
                                             </transformationPoint>
                                             <color>
                                                  <Color redMultiplier="0.1484375" greenMultiplier="0.1484375" blueMultiplier="0.1484375"/>
                                             </color>
                                        </DOMSymbolInstance>
                                   </elements>
                              </DOMFrame>
                              <DOMFrame index="21" keyMode="9728">
                                   <elements/>
                              </DOMFrame>
                         </frames>
                    </DOMLayer>
                    <DOMLayer name="Layer 4" color="#6e87c7">
                         <frames>
                              <DOMFrame index="0" keyMode="9728">
                                   <elements>
                                        <DOMSymbolInstance libraryItemName="Symbol 341" symbolType="graphic" loop="loop">
                                             <matrix>
                                                  <Matrix tx="-5.5" ty="-5.55" a="1.2357635498046875" d="1.2357635498046875"/>
                                             </matrix>
                                             <transformationPoint>
                                                  <Point/>
                                             </transformationPoint>
                                             <color>
                                                  <Color redMultiplier="0.1484375" greenMultiplier="0.1484375" blueMultiplier="0.1484375"/>
                                             </color>
                                        </DOMSymbolInstance>
                                   </elements>
                              </DOMFrame>
                              <DOMFrame index="1" keyMode="9728">
                                   <elements>
                                        <DOMSymbolInstance libraryItemName="Symbol 345" symbolType="graphic" loop="loop">
                                             <matrix>
                                                  <Matrix tx="-5.5" ty="-5.55" a="1.2357635498046875" d="1.2357635498046875"/>
                                             </matrix>
                                             <transformationPoint>
                                                  <Point/>
                                             </transformationPoint>
                                             <color>
                                                  <Color redMultiplier="0.1484375" greenMultiplier="0.1484375" blueMultiplier="0.1484375"/>
                                             </color>
                                        </DOMSymbolInstance>
                                   </elements>
                              </DOMFrame>
                              <DOMFrame index="2" duration="20" keyMode="9728">
                                   <elements/>
                              </DOMFrame>
                         </frames>
                    </DOMLayer>
                    <DOMLayer name="Layer 5" color="#6ddcf7" current="true" isSelected="true">
                         <frames>
                              <DOMFrame index="0" keyMode="9728">
                                   <elements>
                                        <DOMSymbolInstance libraryItemName="Symbol 416" symbolType="graphic" loop="loop">
                                             <matrix>
                                                  <Matrix tx="0.0" ty="0.0"/>
                                             </matrix>
                                             <transformationPoint>
                                                  <Point/>
                                             </transformationPoint>
                                        </DOMSymbolInstance>
                                   </elements>
                              </DOMFrame>
                              <DOMFrame index="1" keyMode="9728">
                                   <elements>
                                        <DOMShape isFloating="true">
                                             <fills>
                                                  <FillStyle index="1">
                                                       <SolidColor color="#666666" alpha="0.6"/>
                                                  </FillStyle>
                                             </fills>
                                             <strokes/>
                                             <edges>
                                                  <Edge fillStyle0="1" edges="! 1706 661[ 1718 630 1682 596[ 1626 537 1438 541| 1432 541[ 1467 512 1476 506[ 1505 483 1514 471| 1529 440[ 1548 389 1486 340[ 1400 277 1188 267| 1048 270[ 957 279 875 297| 853 303| 852 301[ 870 258 754 201[ 586 118 244 124[ -119 131 -372 255[ -545 339 -566 395[ -592 465 -572 501[ -540 556 -499 581[ -643 586 -724 639[ -771 669 -783 699[ -811 773 -693 820[ -580 861 -409 858| -388 857| -378 857[ -358 856 -357 851| -381 830[ -406 808 -400 789| -379 765| -379 764[ -352 792 -230 814[ -43 849 261 852| 457 850| 734 833| 803 822| 789 827| 682 843[ 621 851 591 864| 602 865| 597 866| 672 874| 802 879[ 1090 875 1223 814[ 1291 782 1311 735| 1314 721[ 1331 738 1325 750[ 1323 760 1304 770| 1286 783| 1289 788[ 1286 798 1320 797[ 1396 796 1502 766[ 1572 747 1608 730| 1681 693[ 1699 681 1706 661"/>
                                             </edges>
                                        </DOMShape>
                                   </elements>
                              </DOMFrame>
                              <DOMFrame index="2" keyMode="9728">
                                   <elements>
                                        <DOMSymbolInstance libraryItemName="Symbol 1987" centerPoint3DX="8.75" centerPoint3DY="29.55">
                                             <matrix>
                                                  <Matrix tx="-11.2" ty="9.4" a="1.5604248046875" d="0.7132720947265625"/>
                                             </matrix>
                                             <transformationPoint>
                                                  <Point/>
                                             </transformationPoint>
                                        </DOMSymbolInstance>
                                   </elements>
                              </DOMFrame>
                              <DOMFrame index="3" duration="2" keyMode="9728">
                                   <elements>
                                        <DOMSymbolInstance libraryItemName="Symbol 1987" centerPoint3DX="0.5" centerPoint3DY="34.05">
                                             <matrix>
                                                  <Matrix tx="-19.45" ty="13.9" a="1.979949951171875" d="0.607940673828125" b="0.0" c="-0.0059661865234375"/>
                                             </matrix>
                                             <transformationPoint>
                                                  <Point/>
                                             </transformationPoint>
                                        </DOMSymbolInstance>
                                   </elements>
                              </DOMFrame>
                              <DOMFrame index="5" duration="2" keyMode="9728">
                                   <elements>
                                        <DOMSymbolInstance libraryItemName="Symbol 1987" centerPoint3DX="27.25" centerPoint3DY="-4.8">
                                             <matrix>
                                                  <Matrix tx="7.3" ty="-24.95" a="0.6340789794921875" d="1.7419281005859375"/>
                                             </matrix>
                                             <transformationPoint>
                                                  <Point/>
                                             </transformationPoint>
                                        </DOMSymbolInstance>
                                   </elements>
                              </DOMFrame>
                              <DOMFrame index="7" duration="2" keyMode="9728">
                                   <elements>
                                        <DOMSymbolInstance libraryItemName="Symbol 1987" centerPoint3DX="9.95" centerPoint3DY="29.15">
                                             <matrix>
                                                  <Matrix tx="-10.0" ty="9.0" a="1.501251220703125" d="0.751861572265625"/>
                                             </matrix>
                                             <transformationPoint>
                                                  <Point/>
                                             </transformationPoint>
                                        </DOMSymbolInstance>
                                   </elements>
                              </DOMFrame>
                              <DOMFrame index="9" duration="2" keyMode="9728">
                                   <elements>
                                        <DOMSymbolInstance libraryItemName="Symbol 1987" centerPoint3DX="21.6" centerPoint3DY="14.65">
                                             <matrix>
                                                  <Matrix tx="1.65" ty="-5.5" a="0.91729736328125" d="1.1736907958984375"/>
                                             </matrix>
                                             <transformationPoint>
                                                  <Point/>
                                             </transformationPoint>
                                        </DOMSymbolInstance>
                                   </elements>
                              </DOMFrame>
                              <DOMFrame index="11" duration="2" keyMode="9728">
                                   <elements>
                                        <DOMSymbolInstance libraryItemName="Symbol 1987" centerPoint3DX="17.0" centerPoint3DY="24.25">
                                             <matrix>
                                                  <Matrix tx="-2.95" ty="4.1" a="1.1478729248046875" d="0.895782470703125"/>
                                             </matrix>
                                             <transformationPoint>
                                                  <Point/>
                                             </transformationPoint>
                                        </DOMSymbolInstance>
                                   </elements>
                              </DOMFrame>
                              <DOMFrame index="13" duration="2" keyMode="9728">
                                   <elements>
                                        <DOMSymbolInstance libraryItemName="Symbol 1987" centerPoint3DX="22.0" centerPoint3DY="16.65">
                                             <matrix>
                                                  <Matrix tx="2.05" ty="-3.5" a="0.897247314453125" d="1.104217529296875"/>
                                             </matrix>
                                             <transformationPoint>
                                                  <Point/>
                                             </transformationPoint>
                                        </DOMSymbolInstance>
                                   </elements>
                              </DOMFrame>
                              <DOMFrame index="15" duration="2" keyMode="9728">
                                   <elements>
                                        <DOMSymbolInstance libraryItemName="Symbol 1987" centerPoint3DX="18.5" centerPoint3DY="22.6">
                                             <matrix>
                                                  <Matrix tx="-1.45" ty="2.45" a="1.0726776123046875" d="0.937957763671875"/>
                                             </matrix>
                                             <transformationPoint>
                                                  <Point/>
                                             </transformationPoint>
                                        </DOMSymbolInstance>
                                   </elements>
                              </DOMFrame>
                              <DOMFrame index="17" duration="5" keyMode="9728">
                                   <elements>
                                        <DOMSymbolInstance libraryItemName="Symbol 1987" centerPoint3DX="19.95" centerPoint3DY="20.15">
                                             <matrix>
                                                  <Matrix tx="0.0" ty="0.0"/>
                                             </matrix>
                                             <transformationPoint>
                                                  <Point/>
                                             </transformationPoint>
                                        </DOMSymbolInstance>
                                   </elements>
                              </DOMFrame>
                         </frames>
                    </DOMLayer>
               </layers>
          </DOMTimeline>
     </timeline>
</DOMSymbolItem>
