<DOMSymbolItem xmlns="http://ns.adobe.com/xfl/2008/" xmlns:xsi="http://www.w3.org/2001/XMLSchema-instance" name="Symbol 2270" lastModified="1681431985">
     <timeline>
          <DOMTimeline name="Symbol 2270">
               <layers>
                    <DOMLayer name="Layer 1" color="#26bde3" current="true" isSelected="true">
                         <frames>
                              <DOMFrame index="0" keyMode="9728">
                                   <elements>
                                        <DOMShape isFloating="true">
                                             <fills>
                                                  <FillStyle index="1">
                                                       <SolidColor color="#000000"/>
                                                  </FillStyle>
                                             </fills>
                                             <strokes/>
                                             <edges>
                                                  <Edge fillStyle1="1" edges="! 833 134[ 833 164 821 199[ 800 258 756 258[ 748 258 727 215| 707 171| 741 144[ 776 114 783 93[ 797 50 816 82[ 833 110 833 134"/>
                                                  <Edge fillStyle1="1" edges="! 68 96[ 79 107 106 121[ 122 130 122 142| 115 159[ 109 170 111 180| 112 198[ 107 208 89 210[ 86 220 67 220[ 34 220 19 173| 17 164| 15 158| 4 102[ 5 51 32 51[ 43 51 56 72| 68 96"/>
                                             </edges>
                                        </DOMShape>
                                   </elements>
                              </DOMFrame>
                              <DOMFrame index="1" keyMode="9728">
                                   <elements>
                                        <DOMShape isFloating="true">
                                             <fills>
                                                  <FillStyle index="1">
                                                       <SolidColor color="#000000"/>
                                                  </FillStyle>
                                             </fills>
                                             <strokes/>
                                             <edges>
                                                  <Edge fillStyle1="1" edges="! 335 105| 347 129| 385 154| 400 169[ 409 177 405 198[ 405 214 397 231[ 384 258 356 258[ 337 258 328 249[ 308 239 298 206| 296 197| 294 191| 283 135[ 284 84 311 84[ 322 84 335 105"/>
                                             </edges>
                                        </DOMShape>
                                   </elements>
                              </DOMFrame>
                              <DOMFrame index="2" keyMode="9728">
                                   <elements>
                                        <DOMShape isFloating="true">
                                             <fills>
                                                  <FillStyle index="1">
                                                       <SolidColor color="#000000"/>
                                                  </FillStyle>
                                             </fills>
                                             <strokes/>
                                             <edges>
                                                  <Edge fillStyle0="1" edges="! 829 102[ 828 51 801 51[ 790 51 777 72| 765 96[ 754 107 727 121[ 711 130 711 142| 718 159[ 724 170 722 180| 721 198[ 726 208 744 210[ 747 220 766 220[ 799 220 814 173| 816 164| 818 158| 829 102"/>
                                                  <Edge fillStyle0="1" edges="! 77 258[ 85 258 106 215| 126 171| 92 144[ 57 114 50 93[ 36 50 17 82[ 0 110 0 134[ 0 164 12 199[ 33 258 77 258"/>
                                             </edges>
                                        </DOMShape>
                                   </elements>
                              </DOMFrame>
                              <DOMFrame index="3" keyMode="9728">
                                   <elements>
                                        <DOMShape isFloating="true">
                                             <fills>
                                                  <FillStyle index="1">
                                                       <SolidColor color="#000000"/>
                                                  </FillStyle>
                                             </fills>
                                             <strokes/>
                                             <edges>
                                                  <Edge fillStyle0="1" edges="! 513 138[ 512 87 485 87[ 474 87 461 108| 449 132[ 438 143 411 157[ 400 163 396 172[ 387 180 391 201[ 391 217 399 234[ 412 261 440 261[ 459 261 468 252[ 488 242 498 209| 500 200| 502 194| 513 138"/>
                                             </edges>
                                        </DOMShape>
                                   </elements>
                              </DOMFrame>
                         </frames>
                    </DOMLayer>
               </layers>
          </DOMTimeline>
     </timeline>
</DOMSymbolItem>
