<DOMSymbolItem xmlns="http://ns.adobe.com/xfl/2008/" xmlns:xsi="http://www.w3.org/2001/XMLSchema-instance" name="Symbol 2214" lastModified="1681431985">
     <timeline>
          <DOMTimeline name="Symbol 2214">
               <layers>
                    <DOMLayer name="Script Layer" color="#e0be32">
                         <frames>
                              <DOMFrame index="0" keyMode="9728">
                                   <Actionscript>
                                        <script>stop();
</script>
                                   </Actionscript>
                                   <elements/>
                              </DOMFrame>
                         </frames>
                    </DOMLayer>
                    <DOMLayer name="Layer 2" color="#58f5c4" current="true" isSelected="true">
                         <frames>
                              <DOMFrame index="0" keyMode="9728">
                                   <elements>
                                        <DOMShape isFloating="true">
                                             <fills>
                                                  <FillStyle index="1">
                                                       <SolidColor color="#000000"/>
                                                  </FillStyle>
                                                  <FillStyle index="2">
                                                       <SolidColor color="#a72525"/>
                                                  </FillStyle>
                                                  <FillStyle index="3">
                                                       <SolidColor color="#e4ba12"/>
                                                  </FillStyle>
                                                  <FillStyle index="4">
                                                       <SolidColor color="#f0cf4a"/>
                                                  </FillStyle>
                                             </fills>
                                             <strokes/>
                                             <edges>
                                                  <Edge fillStyle1="1" edges="! 955 107[ 955 134 930 160[ 1038 233 1038 348[ 1038 385 1032 401[ 1022 424 988 455[ 1004 468 1014 511| 1023 575[ 1023 604 1004 646[ 978 704 936 704[ 892 704 878 693| 876 694| 877 702| 881 757[ 881 826 811 826[ 765 826 751 800| 747 770[ 747 755 752 749[ 761 738 795 720| 824 695| 850 670| 850 668| 867 614[ 884 560 884 533[ 884 500 866 452| 857 428| 834 431[ 779 431 744 386| 727 355| 722 362[ 708 379 675 379[ 635 379 609 359[ 563 347 531 307[ 504 275 499 252| 488 267[ 426 347 306 347| 275 343[ 265 362 244 373[ 198 398 193 407[ 189 414 183 458| 177 508[ 177 546 190 642| 189 655| 190 658| 219 697[ 242 728 242 734[ 242 752 232 758| 196 766| 190 772[ 177 784 155 784[ 100 784 70 740[ 50 710 50 681| 55 661| 59 640| 41 609[ 23 579 23 555| 24 525| 45 479[ 16 455 6 431[ 0 416 0 389[ 0 353 7 334[ 17 308 51 276[ 103 226 137 213[ 144 211 144 177[ 144 57 312 42[ 378 36 428 54[ 451 63 465 74| 485 54[ 524 23 573 12[ 688 -12 700 89| 714 88| 742 89[ 751 65 769 45[ 801 11 845 2[ 890 -7 921 18[ 955 46 955 107"/>
                                                  <Edge fillStyle0="1" fillStyle1="2" edges="! 851 42[ 860 35 871 39[ 909 40 911 97| 912 108[ 912 121 899 131| 886 144[ 857 170 819 170| 807 169[ 807 135 780 129[ 783 62 846 43| 851 42"/>
                                                  <Edge fillStyle0="3" fillStyle1="1" edges="! 928 221| 896 187[ 862 206 816 209| 816 210[ 816 223 805 235[ 790 251 765 251| 756 286| 759 325[ 759 347 785 363[ 811 379 849 379[ 862 379 869 388[ 884 387 891 404| 903 428| 910 454[ 922 493 922 554[ 914 616 903 650| 933 650| 957 619"/>
                                                  <Edge fillStyle0="3" fillStyle1="4" edges="! 957 619[ 946 602 939 569| 929 501[ 929 484 940 477"/>
                                                  <Edge fillStyle0="3" fillStyle1="1" edges="! 940 477| 926 447[ 926 431 956 406[ 977 388 983 367"/>
                                                  <Edge fillStyle0="3" fillStyle1="4" edges="! 983 367| 951 371[ 834 371 834 285[ 834 197 928 221"/>
                                                  <Edge fillStyle0="1" fillStyle1="4" edges="! 928 221| 939 236[ 986 305 986 347| 986 348| 986 350| 986 354| 984 367| 983 367"/>
                                                  <Edge fillStyle0="4" fillStyle1="1" edges="! 957 619| 959 616| 963 608| 970 593| 972 582| 972 577[ 972 543 950 496| 949 494| 941 477| 940 477"/>
                                                  <Edge fillStyle0="3" fillStyle1="1" edges="! 838 759| 842 742| 821 753| 789 774| 796 780| 826 779| 838 759"/>
                                                  <Edge fillStyle0="4" fillStyle1="3" edges="! 51 398| 70 399[ 128 399 187 325[ 234 265 237 238[ 272 252 320 252[ 402 252 443 213[ 463 194 469 172| 499 156[ 551 126 562 123| 632 94| 642 86| 630 64"/>
                                                  <Edge fillStyle0="4" fillStyle1="1" edges="! 630 64| 611 54| 603 53[ 554 53 504 94| 470 129| 464 134[ 448 134 446 123| 437 119| 432 116| 423 110[ 396 93 342 93[ 234 93 205 153[ 199 166 197 198| 196 210| 196 212| 196 225[ 196 239 123 285[ 50 331 50 385| 51 398"/>
                                                  <Edge fillStyle0="3" fillStyle1="1" edges="! 51 398[ 55 422 76 440[ 102 462 102 476| 95 495"/>
                                                  <Edge fillStyle0="3" fillStyle1="4" edges="! 95 495[ 116 504 116 537| 115 573[ 110 595 95 602"/>
                                                  <Edge fillStyle0="3" fillStyle1="1" edges="! 95 602[ 117 625 117 636| 109 660| 99 681[ 99 710 124 721| 165 728| 168 720| 154 669[ 141 656 134 611| 129 545[ 129 450 146 400[ 155 375 185 364[ 223 349 235 337| 250 313[ 251 297 264 293| 279 292| 292 298| 312 304[ 376 304 409 284| 479 219| 504 171[ 528 131 529 168[ 555 135 555 170| 544 186[ 533 198 533 211[ 533 234 555 269| 570 288| 566 277[ 566 270 572 261| 572 260[ 572 206 663 181| 697 175[ 702 156 722 142| 697 144[ 691 156 677 156[ 655 156 647 105[ 642 77 630 64"/>
                                                  <Edge fillStyle0="2" fillStyle1="1" edges="! 615 238| 610 252| 605 268[ 605 278 622 304[ 643 335 663 335| 687 334| 689 333| 702 318| 702 317| 704 315| 717 290| 730 250| 730 245| 714 226| 711 214| 669 215[ 628 225 615 238"/>
                                                  <Edge fillStyle0="2" fillStyle1="1" edges="! 740 167| 735 173| 733 180| 733 182| 733 183| 737 200| 740 205| 742 207| 744 210| 761 215[ 772 215 778 204| 782 187[ 782 169 758 164| 746 164"/>
                                                  <Edge fillStyle0="2" fillStyle1="3" edges="! 746 164| 740 167"/>
                                                  <Edge fillStyle0="1" fillStyle1="3" edges="! 740 167| 745 163| 746 164"/>
                                                  <Edge fillStyle0="1" fillStyle1="4" edges="! 95 602[ 72 578 72 554[ 72 533 87 509| 95 495"/>
                                             </edges>
                                        </DOMShape>
                                   </elements>
                              </DOMFrame>
                              <DOMFrame index="1" keyMode="9728">
                                   <elements>
                                        <DOMShape isFloating="true">
                                             <fills>
                                                  <FillStyle index="1">
                                                       <SolidColor color="#000000"/>
                                                  </FillStyle>
                                                  <FillStyle index="2">
                                                       <SolidColor color="#e4ba12"/>
                                                  </FillStyle>
                                                  <FillStyle index="3">
                                                       <SolidColor color="#f0cf4a"/>
                                                  </FillStyle>
                                             </fills>
                                             <strokes/>
                                             <edges>
                                                  <Edge fillStyle1="1" edges="! 609 -51[ 676 -39 716 -1[ 752 34 823 71[ 890 105 899 116[ 927 149 932 180| 934 242[ 934 338 849 338[ 821 338 812 325| 811 321[ 787 316 750 282| 720 252| 688 286[ 623 345 535 345| 483 338| 469 330[ 430 330 419 383[ 412 412 407 471| 398 538[ 385 582 328 610| 380 675[ 401 702 401 725[ 401 750 384 771[ 357 804 297 804[ 277 804 257 791| 237 772[ 225 781 215 783| 168 785[ 83 785 37 688| 8 590[ 8 560 34 542[ 59 524 59 503| 45 429[ 31 360 31 336[ 31 260 60 189[ 108 71 214 71| 261 79| 283 86[ 354 36 462 -27[ 529 -66 609 -51"/>
                                                  <Edge fillStyle0="3" fillStyle1="2" edges="! 76 655| 126 664[ 254 664 264 571[ 265 565 305 525[ 344 486 344 451[ 344 427 334 405[ 318 372 285 366[ 277 309 355 266[ 437 221 437 178| 435 157[ 449 150 469 150[ 496 150 523 186[ 550 221 600 221[ 639 221 679 192| 726 156| 762 198[ 799 230 849 230| 881 228"/>
                                                  <Edge fillStyle0="3" fillStyle1="1" edges="! 881 228| 880 220| 872 169[ 868 156 834 147[ 789 136 760 113| 717 66| 695 45[ 637 -9 580 -9[ 520 -9 402 66| 390 74| 359 94| 289 140[ 263 140 250 132[ 237 124 213 124[ 141 124 106 225[ 84 287 84 337[ 84 354 109 476[ 109 512 83 553| 78 561| 56 594| 76 655"/>
                                                  <Edge fillStyle0="2" fillStyle1="1" edges="! 76 655[ 111 736 171 736| 215 729[ 226 721 234 721[ 258 721 272 740[ 286 759 296 759[ 327 759 344 744[ 355 734 355 725[ 355 705 319 670[ 282 636 282 615[ 282 594 296 586[ 325 568 354 534[ 366 519 366 492| 367 449| 390 358| 357 361| 343 356| 334 349[ 340 330 386 310[ 434 288 443 274[ 454 256 457 232| 461 189[ 483 189 489 217| 491 256| 482 288[ 498 291 518 302[ 613 302 675 251[ 706 224 727 189| 739 210| 738 220[ 766 251 806 277| 819 285| 822 284| 854 284[ 877 284 881 264| 881 240| 881 228"/>
                                             </edges>
                                        </DOMShape>
                                   </elements>
                              </DOMFrame>
                              <DOMFrame index="2" keyMode="9728">
                                   <elements>
                                        <DOMShape isFloating="true">
                                             <fills>
                                                  <FillStyle index="1">
                                                       <SolidColor color="#000000" alpha="1.0"/>
                                                  </FillStyle>
                                                  <FillStyle index="2">
                                                       <SolidColor color="#e4ba12" alpha="1.0"/>
                                                  </FillStyle>
                                                  <FillStyle index="3">
                                                       <SolidColor color="#edc837" alpha="1.0"/>
                                                  </FillStyle>
                                                  <FillStyle index="4">
                                                       <SolidColor color="#a72525" alpha="1.0"/>
                                                  </FillStyle>
                                             </fills>
                                             <strokes>
                                                  <StrokeStyle index="1">
                                                       <SolidStroke weight="1.0" scaleMode="normal">
                                                            <fill>
                                                                 <SolidColor color="#000000"/>
                                                            </fill>
                                                       </SolidStroke>
                                                  </StrokeStyle>
                                             </strokes>
                                             <edges>
                                                  <Edge fillStyle0="1" fillStyle1="3" edges="! 563 59[ 626 40 672 40[ 722 40 750 70| 777 109[ 789 122 833 138[ 883 157 892 163[ 919 181 939 228[ 958 271 958 298[ 958 336 920 382[ 882 429 882 466| 882 470[ 884 492 899 515[ 923 550 968 550| 970 550[ 995 573 995 586[ 995 597 968 611"/>
                                                  <Edge fillStyle0="1" fillStyle1="2" edges="! 968 611| 966 612[ 937 625 937 643| 942 665| 948 685| 948 687"/>
                                                  <Edge fillStyle0="1" fillStyle1="3" edges="! 948 687[ 947 702 928 719[ 902 745 862 745| 860 745"/>
                                                  <Edge fillStyle0="1" fillStyle1="2" edges="! 860 745[ 814 745 800 733[ 785 720 761 720| 752 721| 753 706| 752 678"/>
                                                  <Edge fillStyle0="1" fillStyle1="3" edges="! 752 678| 751 674| 749 665"/>
                                                  <Edge fillStyle0="1" fillStyle1="2" edges="! 749 665| 748 662[ 739 635 720 637| 719 637"/>
                                                  <Edge fillStyle0="1" fillStyle1="3" edges="! 719 637| 714 638| 713 644[ 713 652 719 660| 723 675| 719 706"/>
                                                  <Edge fillStyle0="1" fillStyle1="2" edges="! 719 706[ 710 730 689 755| 688 756[ 649 775 630 775| 621 775[ 606 764 572 754| 570 752[ 556 731 542 731| 529 733| 516 731[ 502 731 488 752| 487 755[ 452 764 437 775| 428 775[ 404 775 350 747[ 350 741 342 734[ 331 723 307 721| 302 710[ 302 694 316 679"/>
                                                  <Edge fillStyle0="1" fillStyle1="3" edges="! 316 679| 322 674| 327 668| 329 666| 326 663| 325 663"/>
                                                  <Edge fillStyle0="1" fillStyle1="2" edges="! 325 663[ 322 660 316 659[ 281 686 281 719| 282 722[ 268 725 258 733[ 244 745 197 745"/>
                                                  <Edge fillStyle0="1" fillStyle1="3" edges="! 197 745| 196 745[ 156 745 130 719[ 110 701 110 685[ 110 678 116 665| 118 661| 121 653| 122 646"/>
                                                  <Edge fillStyle0="1" fillStyle1="2" edges="! 122 646| 122 643| 120 634"/>
                                                  <Edge fillStyle0="1" fillStyle1="3" edges="! 120 634[ 114 621 92 612[ 63 597 63 586[ 63 573 88 550| 90 550[ 135 550 159 515[ 176 489 176 466| 176 459"/>
                                                  <Edge fillStyle0="1" fillStyle1="2" edges="! 176 459| 173 446"/>
                                                  <Edge fillStyle0="1" fillStyle1="3" edges="! 173 446[ 167 418 142 387| 141 385| 140 384| 138 382[ 100 336 100 298[ 100 271 119 228| 124 218| 127 211| 142 188| 153 174| 154 173| 155 172| 165 165| 166 163[ 175 157 225 138| 249 129| 238 145[ 231 157 230 168| 229 172| 232 200[ 237 225 248 225| 256 222| 258 219[ 247 187 247 174[ 247 158 277 124[ 306 90 306 77| 306 73| 308 70| 312 67| 313 65| 334 52| 348 45| 349 45"/>
                                                  <Edge fillStyle0="1" fillStyle1="2" edges="! 349 45| 386 40| 451 48"/>
                                                  <Edge fillStyle0="1" fillStyle1="3" edges="! 451 48| 456 49| 477 54| 480 55| 483 56"/>
                                                  <Edge fillStyle0="1" fillStyle1="2" edges="! 483 56| 495 59"/>
                                                  <Edge fillStyle0="1" fillStyle1="0" edges="! 495 59| 498 60| 498 61"/>
                                                  <Edge fillStyle0="1" fillStyle1="2" edges="! 498 61| 497 62"/>
                                                  <Edge fillStyle0="1" fillStyle1="3" edges="! 497 62| 491 69| 493 73[ 495 77 502 77| 512 74| 513 73"/>
                                                  <Edge fillStyle0="1" fillStyle1="2" edges="! 513 73| 529 69| 534 100"/>
                                                  <Edge fillStyle0="1" fillStyle1="3" edges="! 534 100| 537 117| 541 152| 534 225| 526 279| 528 286| 532 287| 533 287| 536 278| 539 260| 540 260"/>
                                                  <Edge fillStyle0="1" fillStyle1="2" edges="! 540 260| 550 214| 565 120| 564 104"/>
                                                  <Edge fillStyle0="1" fillStyle1="3" edges="! 564 104| 564 103| 561 92| 558 79| 557 77[ 563 77 565 73| 567 69| 561 61"/>
                                                  <Edge fillStyle0="1" fillStyle1="0" edges="! 561 61| 560 60| 563 59"/>
                                                  <Edge fillStyle0="3" fillStyle1="0" edges="! 563 59| 561 61"/>
                                                  <Edge fillStyle0="4" fillStyle1="1" edges="! 881 72[ 881 51 811 33[ 804 37 797 61| 796 64[ 822 85 862 97[ 881 94 881 72"/>
                                                  <Edge fillStyle0="0" fillStyle1="1" strokeStyle="1" edges="! 916 71[ 916 100 904 113[ 949 138 975 187[ 1001 237 1001 298[ 1001 341 962 394[ 922 447 922 464[ 922 488 954 507| 965 514[ 975 515 990 523[ 1034 548 1034 594| 1015 617[ 999 636 980 649| 985 678| 989 704[ 989 721 963 747[ 923 786 852 786[ 805 786 770 761| 749 759| 727 781[ 686 814 614 814[ 591 814 565 799[ 545 793 533 783| 529 779| 525 783[ 513 793 494 799[ 467 814 444 814[ 374 814 333 783| 331 783[ 321 783 305 760| 288 761[ 253 786 206 786[ 135 786 95 747[ 69 721 69 704| 73 678| 78 649| 43 617| 24 594[ 24 548 68 523[ 83 515 93 514| 104 507[ 136 488 136 464[ 136 447 96 394[ 57 341 57 298[ 57 237 83 187[ 119 120 193 98[ 251 81 282 47[ 311 17 352 8[ 409 -3 480 18[ 508 27 528 37[ 530 30 536 34| 578 18[ 649 -3 706 8[ 739 15 766 37[ 774 -11 840 4[ 916 24 916 71"/>
                                                  <Edge fillStyle0="2" fillStyle1="3" strokeStyle="0" edges="! 968 611[ 961 607 960 600| 958 582| 931 572| 900 556[ 870 542 862 525| 860 499| 862 478| 811 483[ 769 483 751 463| 740 444[ 740 426 747 403| 703 435"/>
                                                  <Edge fillStyle0="2" fillStyle1="1" strokeStyle="0" edges="! 703 435[ 655 483 655 534| 653 550| 645 553[ 628 553 622 531| 619 509[ 619 483 629 471"/>
                                                  <Edge fillStyle0="2" fillStyle1="3" strokeStyle="0" edges="! 629 471[ 513 517 450 517[ 384 517 340 491[ 309 474 299 451| 280 462[ 263 473 250 473| 203 463| 212 467| 213 482[ 213 508 189 535[ 163 566 116 586[ 128 600 128 616| 122 632| 120 634"/>
                                                  <Edge fillStyle0="3" fillStyle1="2" strokeStyle="0" edges="! 948 687[ 944 672 929 655[ 908 635 908 658| 914 677[ 918 682 907 698| 880 718[ 860 730 860 740| 860 745"/>
                                                  <Edge fillStyle0="3" fillStyle1="2" strokeStyle="0" edges="! 534 100| 514 74| 513 73"/>
                                                  <Edge fillStyle0="2" fillStyle1="3" strokeStyle="0" edges="! 540 260| 568 215[ 582 183 582 162[ 582 138 567 109| 564 104"/>
                                                  <Edge fillStyle0="2" fillStyle1="0" strokeStyle="0" edges="! 498 61| 495 59"/>
                                                  <Edge fillStyle0="2" fillStyle1="3" strokeStyle="0" edges="! 349 45| 415 43| 451 48"/>
                                                  <Edge fillStyle0="2" fillStyle1="3" strokeStyle="0" edges="! 483 56| 497 62"/>
                                                  <Edge fillStyle0="1" fillStyle1="3" strokeStyle="0" edges="! 703 435| 717 420| 752 386[ 778 354 778 330| 773 317| 761 343| 752 362[ 737 395 713 410[ 645 450 634 463| 629 471"/>
                                                  <Edge fillStyle0="2" fillStyle1="3" strokeStyle="0" edges="! 176 459| 185 454| 173 446"/>
                                                  <Edge fillStyle0="3" fillStyle1="2" strokeStyle="0" edges="! 316 679| 321 696[ 331 715 354 715[ 368 715 384 704[ 401 691 434 691[ 445 691 457 698[ 469 706 475 706| 494 696| 501 678[ 460 602 413 607[ 353 623 332 640[ 322 648 318 659| 325 663"/>
                                                  <Edge fillStyle0="3" fillStyle1="2" strokeStyle="0" edges="! 197 745| 197 743[ 197 732 171 714[ 145 696 145 688[ 145 678 155 660| 166 641[ 166 605 132 635| 122 646"/>
                                                  <Edge fillStyle0="3" fillStyle1="2" strokeStyle="0" edges="! 719 637[ 688 617 648 613[ 545 599 545 683| 547 702[ 552 718 575 718[ 593 718 606 702[ 619 685 647 685[ 660 685 680 696| 716 706| 719 706"/>
                                                  <Edge fillStyle0="3" fillStyle1="2" strokeStyle="0" edges="! 752 678| 752 677| 749 665"/>
                                             </edges>
                                        </DOMShape>
                                   </elements>
                              </DOMFrame>
                              <DOMFrame index="3" keyMode="9728">
                                   <elements>
                                        <DOMShape isFloating="true">
                                             <fills>
                                                  <FillStyle index="1">
                                                       <SolidColor color="#000000"/>
                                                  </FillStyle>
                                                  <FillStyle index="2">
                                                       <SolidColor color="#f0cf4a"/>
                                                  </FillStyle>
                                                  <FillStyle index="3">
                                                       <SolidColor color="#e4ba12"/>
                                                  </FillStyle>
                                                  <FillStyle index="4">
                                                       <SolidColor color="#a72525"/>
                                                  </FillStyle>
                                             </fills>
                                             <strokes/>
                                             <edges>
                                                  <Edge fillStyle1="1" edges="! 678 -30[ 741 -36 767 -1[ 782 18 782 45[ 782 64 774 83| 779 86| 801 79| 848 71[ 954 71 1002 189[ 1031 260 1031 336| 1017 429| 1003 503[ 1003 524 1028 542[ 1054 560 1054 590| 1025 688[ 979 785 894 785| 847 783[ 837 781 825 772| 805 791[ 785 804 765 804[ 705 804 678 771[ 661 750 661 725[ 661 702 682 675| 734 610[ 677 582 664 538| 655 471| 643 383[ 632 330 593 330| 579 338| 527 345[ 439 345 374 286| 342 252| 312 282[ 275 316 251 321| 250 325[ 241 338 213 338[ 128 338 128 242| 130 180[ 135 149 163 116[ 172 105 239 71[ 310 34 346 -1[ 386 -39 453 -51[ 533 -66 600 -27| 631 -9[ 650 -32 678 -30"/>
                                                  <Edge fillStyle0="1" fillStyle1="2" edges="! 627 190[ 647 178 653 152[ 711 148 744 121| 773 140| 812 132[ 825 124 849 124[ 921 124 956 225[ 978 287 978 337| 953 476[ 953 512 979 553| 984 561| 1006 594| 986 655"/>
                                                  <Edge fillStyle0="1" fillStyle1="3" edges="! 986 655[ 951 736 891 736| 847 729| 828 721[ 804 721 790 740[ 776 759 766 759[ 735 759 718 744[ 707 734 707 725[ 707 705 743 670[ 780 636 780 615[ 780 594 766 586[ 737 568 708 534[ 696 519 696 492| 695 449| 672 358| 705 361| 719 356| 728 349[ 722 330 676 310[ 628 288 619 274[ 608 256 605 232| 602 197| 627 190"/>
                                                  <Edge fillStyle0="2" fillStyle1="3" edges="! 627 190[ 636 227 707 266[ 785 309 777 366[ 744 372 728 405[ 718 427 718 451[ 718 486 757 525[ 797 565 798 571[ 808 664 936 664| 986 655"/>
                                                  <Edge fillStyle0="4" fillStyle1="1" edges="! 750 46[ 750 4 696 4[ 647 4 639 48| 630 80[ 649 89 653 119[ 704 118 731 87[ 750 65 750 46"/>
                                                  <Edge fillStyle0="4" fillStyle1="1" edges="! 617 126[ 611 121 599 121[ 578 121 578 137| 582 149| 594 162[ 612 161 618 148| 616 145| 614 137[ 614 130 617 126"/>
                                                  <Edge fillStyle0="2" fillStyle1="1" edges="! 424 215| 423 209[ 423 157 498 144| 541 140[ 543 82 598 76| 601 76| 600 73[ 600 54 607 35[ 528 -9 482 -9[ 425 -9 367 45| 345 66| 302 113[ 273 136 228 147[ 194 156 190 169| 182 220| 181 228"/>
                                                  <Edge fillStyle0="2" fillStyle1="3" edges="! 181 228| 213 230[ 263 230 300 198| 336 156| 383 192[ 404 207 424 215"/>
                                                  <Edge fillStyle0="1" fillStyle1="3" edges="! 424 215| 435 258[ 444 278 458 290[ 418 277 387 251[ 356 224 335 189| 323 210| 324 220[ 296 251 256 277| 243 285| 240 284| 208 284[ 185 284 181 264| 181 240| 181 228"/>
                                                  <Edge fillStyle0="4" fillStyle1="1" edges="! 469 243[ 484 270 504 270[ 536 270 553 219| 563 192| 545 173| 515 177[ 457 182 457 210[ 457 222 469 243"/>
                                                  <Edge fillStyle0="3" fillStyle1="1" edges="! 572 262| 526 297| 519 301| 544 302[ 564 291 580 288[ 573 274 572 262"/>
                                             </edges>
                                        </DOMShape>
                                   </elements>
                              </DOMFrame>
                         </frames>
                    </DOMLayer>
               </layers>
          </DOMTimeline>
     </timeline>
</DOMSymbolItem>
