<DOMSymbolItem xmlns="http://ns.adobe.com/xfl/2008/" xmlns:xsi="http://www.w3.org/2001/XMLSchema-instance" name="Symbol 1688" lastModified="1681431985" symbolType="graphic">
     <timeline>
          <DOMTimeline name="Symbol 1688" currentFrame="0">
               <layers>
                    <DOMLayer name="Layer 1">
                         <frames>
                              <DOMFrame index="0" motionTweenScale="false" keyMode="8192">
                                   <elements>
                                        <DOMShape isFloating="true">
                                             <fills>
                                                  <FillStyle index="1">
                                                       <SolidColor color="#666666" alpha="0.8"/>
                                                  </FillStyle>
                                             </fills>
                                             <strokes/>
                                             <edges>
                                                  <Edge fillStyle1="1" edges="! 212 -574| 268 -574[ 443 -528 490 -462| 517 -426| 535 -392| 547 -356| 556 -324| 556 -323| 559 -311| 558 -310| 561 -310| 623 -335[ 699 -360 804 -360[ 884 -360 943 -325| 1010 -268| 1052 -209| 1069 -180| 1080 -156[ 1096 -143 1096 -134[ 1096 -125 1085 -125[ 1067 -125 1040 -147[ 1014 -169 992 -169[ 923 -169 893 -117[ 878 -70 868 -65| 859 -56[ 850 -56 840 -88| 824 -135[ 793 -186 715 -210| 661 -210[ 560 -183 525 -139| 489 -62[ 468 -22 447 76| 503 73[ 574 76 581 91[ 593 94 593 108[ 593 115 566 122| 514 138[ 501 143 483 160| 458 182[ 411 217 373 270[ 354 296 321 357| 280 427[ 268 459 255 459[ 243 459 243 447[ 258 396 270 375| 274 343| 278 305[ 278 233 246 194[ 198 136 62 108| -15 108| -132 142[ -155 150 -247 202[ -261 202 -261 192| -253 176| -253 172[ -253 122 -208 73[ -144 3 -23 3| 26 8| -5 -85[ -41 -193 -100 -193| -174 -182[ -200 -170 -230 -130[ -255 -94 -264 -58[ -274 -16 -278 44[ -280 84 -287 84[ -296 84 -299 56[ -311 49 -323 9[ -336 -35 -337 -71| -343 -134| -350 -198[ -350 -244 -332 -280| -276 -368[ -243 -417 -186 -450[ -154 -467 -87 -477| -26 -478| -24 -479| 21 -491| 72 -522[ 144 -562 212 -574"/>
                                                  <Edge fillStyle1="1" edges="! 186 -43| 209 -44[ 270 -44 315 -20| 331 -10| 327 -17[ 301 -66 255 -66[ 212 -66 190 -47| 186 -43"/>
                                                  <Edge fillStyle1="1" edges="! 906 234| 913 239| 944 267[ 954 293 954 317[ 955 351 944 361| 936 365| 933 364[ 917 363 914 340| 911 304| 890 268[ 885 262 885 244| 887 235[ 888 221 902 231| 906 234"/>
                                             </edges>
                                        </DOMShape>
                                   </elements>
                              </DOMFrame>
                         </frames>
                    </DOMLayer>
               </layers>
          </DOMTimeline>
     </timeline>
</DOMSymbolItem>
