<DOMSymbolItem xmlns="http://ns.adobe.com/xfl/2008/" xmlns:xsi="http://www.w3.org/2001/XMLSchema-instance" name="Symbol 2170" lastModified="1681431985" symbolType="graphic">
     <timeline>
          <DOMTimeline name="Symbol 2170" currentFrame="0">
               <layers>
                    <DOMLayer name="Layer 1">
                         <frames>
                              <DOMFrame index="0" motionTweenScale="false" keyMode="8192">
                                   <elements>
                                        <DOMShape isFloating="true">
                                             <fills>
                                                  <FillStyle index="1">
                                                       <SolidColor color="#9ac7cb"/>
                                                  </FillStyle>
                                             </fills>
                                             <strokes/>
                                             <edges>
                                                  <Edge fillStyle0="0" fillStyle1="0" strokeStyle="0" edges="! 0 0"/>
                                                  <Edge fillStyle0="0" fillStyle1="1" strokeStyle="0" edges="! 602 494[ 602 514 587 514[ 577 514 572 506| 568 495[ 568 478 585 478[ 602 478 602 494"/>
                                                  <Edge fillStyle0="0" fillStyle1="1" strokeStyle="0" edges="! 436 327| 435 318[ 435 301 453 299[ 470 296 470 314| 465 328| 451 336[ 439 336 436 327"/>
                                                  <Edge fillStyle0="0" fillStyle1="1" strokeStyle="0" edges="! 380 403[ 426 404 426 453[ 426 488 375 488[ 347 488 338 471| 334 451[ 334 402 380 403"/>
                                             </edges>
                                        </DOMShape>
                                   </elements>
                              </DOMFrame>
                         </frames>
                    </DOMLayer>
                    <DOMLayer name="Layer 2">
                         <frames>
                              <DOMFrame index="0" motionTweenScale="false" keyMode="8192">
                                   <elements>
                                        <DOMShape isFloating="true">
                                             <fills>
                                                  <FillStyle index="1">
                                                       <SolidColor color="#000000"/>
                                                  </FillStyle>
                                                  <FillStyle index="2">
                                                       <SolidColor color="#cc9999"/>
                                                  </FillStyle>
                                                  <FillStyle index="3">
                                                       <SolidColor color="#ffffff"/>
                                                  </FillStyle>
                                                  <FillStyle index="4">
                                                       <SolidColor color="#9ac7cb"/>
                                                  </FillStyle>
                                             </fills>
                                             <strokes/>
                                             <edges>
                                                  <Edge fillStyle1="1" edges="! 415 -5[ 498 -5 587 33[ 694 77 758 161[ 836 262 836 407| 831 450| 829 452| 823 476| 823 477[ 810 518 787 554[ 754 601 704 631| 703 633[ 603 705 456 705| 412 704| 410 704| 366 705[ 218 705 119 633| 118 631[ 67 601 34 554[ 11 518 -1 477| -1 476| -9 452| -9 450| -14 407[ -14 262 63 161[ 127 77 235 33[ 323 -5 407 -5| 414 -5| 415 -5"/>
                                                  <Edge fillStyle0="2" fillStyle1="1" edges="! 525 642| 546 639| 575 631| 589 628| 591 627| 592 628| 595 628| 596 627| 596 625| 617 616| 618 616| 637 603| 655 592| 663 584| 676 574| 678 573| 685 564| 686 562| 707 540| 746 473| 625 473| 614 459| 611 454[ 611 401 645 370| 652 365| 675 365| 679 365| 677 365| 716 364[ 752 363 756 351| 760 353| 758 339| 749 305[ 734 254 703 209[ 646 124 574 94[ 502 64 449 60| 321 72| 295 74[ 180 118 118 209[ 87 254 72 305| 64 339[ 57 373 57 409| 57 410| 68 456[ 84 502 115 540| 118 543| 136 563| 138 565| 138 566| 145 574| 162 586| 166 591| 190 606| 213 619| 233 628| 275 639| 407 649| 410 649| 414 649| 433 649"/>
                                                  <Edge fillStyle0="2" fillStyle1="4" edges="! 433 649| 429 646| 429 640[ 429 630 439 596| 451 569| 447 566| 447 565| 450 563[ 440 558 444 545| 449 527[ 449 521 439 516[ 430 510 430 502| 434 487| 446 473| 446 472[ 427 453 427 442[ 427 427 439 420"/>
                                                  <Edge fillStyle0="2" fillStyle1="1" edges="! 439 420| 430 407| 429 397[ 420 385 420 375| 421 365[ 443 386 491 386[ 575 386 592 340| 596 363[ 596 384 585 401"/>
                                                  <Edge fillStyle0="2" fillStyle1="4" edges="! 585 401| 586 402| 590 408| 589 413[ 588 434 554 475[ 520 517 520 575| 520 588| 521 589[ 533 597 533 625[ 533 636 525 642"/>
                                                  <Edge fillStyle0="1" fillStyle1="4" edges="! 525 642| 521 644| 454 651| 433 649"/>
                                                  <Edge fillStyle0="1" fillStyle1="4" edges="! 439 420| 443 419| 444 422| 444 423[ 462 436 495 436| 512 436| 518 435| 526 435[ 548 435 563 421| 578 408| 585 401"/>
                                                  <Edge fillStyle0="3" fillStyle1="1" edges="! 653 428| 646 445| 746 445| 748 426| 663 427| 653 428"/>
                                                  <Edge fillStyle0="1" fillStyle1="3" edges="! 667 398| 668 389[ 670 387 685 383| 740 383[ 752 384 752 395[ 752 405 740 409| 684 414[ 667 414 667 398"/>
                                                  <Edge fillStyle0="2" fillStyle1="0" edges="! 96 330| 95 329| 97 330| 96 330"/>
                                             </edges>
                                        </DOMShape>
                                   </elements>
                              </DOMFrame>
                         </frames>
                    </DOMLayer>
               </layers>
          </DOMTimeline>
     </timeline>
</DOMSymbolItem>
