<DOMSymbolItem xmlns="http://ns.adobe.com/xfl/2008/" xmlns:xsi="http://www.w3.org/2001/XMLSchema-instance" name="Symbol 1691" lastModified="1681431985" symbolType="graphic">
     <timeline>
          <DOMTimeline name="Symbol 1691" currentFrame="0">
               <layers>
                    <DOMLayer name="Layer 1">
                         <frames>
                              <DOMFrame index="0" motionTweenScale="false" keyMode="8192">
                                   <elements>
                                        <DOMShape isFloating="true">
                                             <fills>
                                                  <FillStyle index="1">
                                                       <SolidColor color="#666666" alpha="0.8"/>
                                                  </FillStyle>
                                             </fills>
                                             <strokes/>
                                             <edges>
                                                  <Edge fillStyle1="1" edges="! 507 -503| 527 -427| 540 -364[ 540 -316 532 -252[ 529 -230 514 -189[ 499 -146 493 -146| 488 -146[ 485 -133 476 -133[ 467 -133 460 -176| 449 -244[ 441 -272 416 -299[ 385 -332 346 -341| 289 -341[ 229 -325 193 -298[ 166 -278 144 -243| 114 -178[ 94 -132 86 -132[ 77 -132 75 -139| 74 -146[ 74 -163 83 -184| 78 -208[ 68 -264 52 -284| -2 -348[ -43 -387 -88 -398| -155 -398| -210 -374| -264 -345| -309 -304| -342 -276[ -354 -276 -353 -288| -351 -294| -352 -300[ -352 -348 -276 -440[ -179 -556 -57 -556[ -26 -556 16 -540| 31 -534| 54 -560| 98 -592[ 134 -611 157 -617| 262 -629| 339 -629[ 398 -606 444 -572[ 494 -536 507 -503"/>
                                                  <Edge fillStyle1="1" edges="! 278 -80[ 359 -83 407 -40[ 442 -8 442 24[ 441 114 427 114| 412 92| 399 67[ 389 43 354 18[ 299 -20 226 -43| 168 -63[ 168 -79 221 -80| 278 -80"/>
                                                  <Edge fillStyle1="1" edges="! 907 -377[ 1047 -328 1047 -239| 1044 -232| 1033 -227| 982 -263| 916 -316[ 889 -336 823 -360[ 767 -381 767 -386[ 767 -400 811 -398[ 855 -396 907 -377"/>
                                                  <Edge fillStyle1="1" edges="! -170 48[ -216 130 -222 130[ -236 130 -233 113[ -233 68 -171 45| -170 48"/>
                                             </edges>
                                        </DOMShape>
                                   </elements>
                              </DOMFrame>
                         </frames>
                    </DOMLayer>
               </layers>
          </DOMTimeline>
     </timeline>
</DOMSymbolItem>
