<DOMSymbolItem xmlns="http://ns.adobe.com/xfl/2008/" xmlns:xsi="http://www.w3.org/2001/XMLSchema-instance" name="Symbol 2132" lastModified="1681431985">
     <timeline>
          <DOMTimeline name="Symbol 2132">
               <layers>
                    <DOMLayer name="Layer 1" color="#7bafaf" current="true" isSelected="true">
                         <frames>
                              <DOMFrame index="0" keyMode="9728">
                                   <elements>
                                        <DOMShape isFloating="true">
                                             <fills>
                                                  <FillStyle index="1">
                                                       <SolidColor color="#312d2d" alpha="1.0"/>
                                                  </FillStyle>
                                                  <FillStyle index="2">
                                                       <SolidColor color="#4b4545" alpha="1.0"/>
                                                  </FillStyle>
                                                  <FillStyle index="3">
                                                       <SolidColor color="#919191" alpha="1.0"/>
                                                  </FillStyle>
                                                  <FillStyle index="4">
                                                       <SolidColor color="#727272" alpha="1.0"/>
                                                  </FillStyle>
                                                  <FillStyle index="5">
                                                       <SolidColor color="#585252" alpha="1.0"/>
                                                  </FillStyle>
                                                  <FillStyle index="6">
                                                       <SolidColor color="#473430" alpha="0.3019608"/>
                                                  </FillStyle>
                                                  <FillStyle index="7">
                                                       <SolidColor color="#adadad" alpha="1.0"/>
                                                  </FillStyle>
                                             </fills>
                                             <strokes/>
                                             <edges>
                                                  <Edge fillStyle0="1" edges="! 1813 752[ 1883 733 1883 660[ 1883 609 1819 564| 1789 547| 1788 448| 1777 397| 1847 320| 1870 271| 1873 230| 1873 217| 1879 202[ 1879 192 1865 178| 1844 155[ 1825 168 1823 194| 1823 199[ 1815 200 1815 208[ 1815 229 1822 238| 1822 248"/>
                                                  <Edge fillStyle0="1" fillStyle1="2" edges="! 1822 248[ 1827 244 1837 243| 1839 244| 1842 242[ 1867 239 1867 262| 1860 277| 1836 284[ 1819 284 1815 277"/>
                                                  <Edge fillStyle0="1" fillStyle1="0" edges="! 1815 277| 1800 297"/>
                                                  <Edge fillStyle0="1" fillStyle1="2" edges="! 1800 297| 1808 295[ 1837 292 1837 311| 1823 328| 1802 338| 1802 343[ 1802 365 1763 365[ 1754 365 1749 356| 1748 349| 1754 340"/>
                                                  <Edge fillStyle0="1" fillStyle1="0" edges="! 1754 340| 1747 350| 1747 349| 1726 325| 1732 309| 1739 278| 1737 270| 1731 268[ 1717 276 1711 287| 1727 154| 1731 134| 1731 73| 1722 76| 1715 75| 1717 68| 1726 25[ 1726 -3 1696 1[ 1666 6 1666 26| 1668 56| 1667 69| 1668 79| 1633 87| 1631 88[ 1629 74 1618 68[ 1606 76 1606 94| 1606 96[ 1567 112 1561 139| 1544 135| 1534 60[ 1524 96 1523 137[ 1502 143 1497 173[ 1494 187 1502 214| 1489 208[ 1478 200 1467 200[ 1456 200 1443 211| 1434 220| 1428 216| 1426 215| 1422 207| 1402 192| 1364 192[ 1319 203 1319 219| 1307 235| 1285 240[ 1273 211 1270 191[ 1256 155 1193 166| 1174 170[ 1156 152 1121 146| 1124 90[ 1124 81 1116 78[ 1106 87 1097 137| 1096 143| 1080 142[ 1043 142 1021 152[ 994 96 948 137| 972 141| 995 139| 996 142[ 992 154 995 172| 994 172[ 973 187 972 197| 966 198[ 941 198 921 166[ 913 153 904 128| 890 112| 901 98| 926 62| 924 55| 918 53| 882 82| 866 98[ 836 89 802 126| 780 128| 754 140| 753 124| 755 95| 750 80| 750 74[ 738 74 731 80| 729 81[ 704 90 699 110| 698 143| 693 143[ 691 124 676 121[ 658 118 658 142| 660 150[ 630 159 625 178[ 613 182 613 194[ 612 199 618 205| 622 209"/>
                                                  <Edge fillStyle0="1" fillStyle1="5" edges="! 622 209| 653 216"/>
                                                  <Edge fillStyle0="1" fillStyle1="2" edges="! 653 216| 657 216| 674 210| 674 214| 682 312| 682 322[ 704 314 704 350[ 704 361 663 404| 614 446| 613 455| 629 705| 636 742| 673 734"/>
                                                  <Edge fillStyle0="1" fillStyle1="4" edges="! 673 734| 660 733| 647 595| 642 546| 660 564"/>
                                                  <Edge fillStyle0="1" fillStyle1="3" edges="! 660 564| 668 567"/>
                                                  <Edge fillStyle0="1" fillStyle1="7" edges="! 668 567| 686 569[ 746 569 794 612"/>
                                                  <Edge fillStyle0="1" fillStyle1="3" edges="! 794 612[ 819 632 841 665| 858 690"/>
                                                  <Edge fillStyle0="1" fillStyle1="4" edges="! 858 690| 880 729| 889 744| 854 744"/>
                                                  <Edge fillStyle0="1" fillStyle1="2" edges="! 854 744[ 862 748 862 755[ 862 768 848 771| 773 775| 642 766| 643 770| 645 779| 636 798"/>
                                                  <Edge fillStyle0="1" fillStyle1="6" edges="! 636 798| 709 806| 1083 804| 1148 799| 1213 797| 1286 798| 1361 803| 1473 803| 1486 800| 1631 799| 1744 786| 1760 780[ 1782 778 1788 756| 1813 752"/>
                                                  <Edge fillStyle0="0" fillStyle1="6" edges="! 1813 752| 1819 771[ 1819 791 1826 845[ 1826 893 1752 915[ 1668 941 1467 941| 1374 935| 1345 930[ 1341 943 1325 954[ 1298 970 1255 974| 1105 975[ 1085 970 1059 950| 1037 928| 1037 926| 1034 926| 1020 922| 943 920| 899 918| 885 924| 847 930| 779 935| 691 935| 560 927[ 534 927 525 898[ 522 887 522 870[ 522 855 535 823| 552 773| 557 760"/>
                                                  <Edge fillStyle0="0" fillStyle1="1" edges="! 557 760| 555 762[ 543 775 526 775[ 484 775 484 750[ 484 719 524 719[ 563 719 564 742"/>
                                                  <Edge fillStyle0="0" fillStyle1="6" edges="! 564 742| 571 729| 576 718"/>
                                                  <Edge fillStyle0="0" fillStyle1="1" edges="! 576 718[ 533 716 515 686[ 505 669 505 646| 509 635[ 486 645 470 663| 460 663| 460 672| 459 674[ 422 718 377 727| 378 736"/>
                                                  <Edge fillStyle0="0" fillStyle1="2" edges="! 378 736| 380 740| 373 740"/>
                                                  <Edge fillStyle0="0" fillStyle1="5" edges="! 373 740| 350 740| 346 736"/>
                                                  <Edge fillStyle0="0" fillStyle1="2" edges="! 346 736| 341 734"/>
                                                  <Edge fillStyle0="0" fillStyle1="1" edges="! 341 734| 325 743| 303 748[ 284 748 276 741| 269 743| 119 754[ 98 754 90 743| 86 735| 75 736| 73 736| 72 737| 34 739| 5 735[ -5 729 5 719| 7 717[ 29 695 72 695| 89 695| 89 690| 90 689| 90 663[ 93 639 98 626| 100 623[ 106 612 116 612| 126 613| 126 614| 152 612| 199 615| 209 617| 262 616| 285 617[ 299 627 305 663| 306 679| 338 677| 343 663[ 346 654 352 647| 365 663| 368 672| 395 665| 400 663| 411 655"/>
                                                  <Edge fillStyle0="0" fillStyle1="2" edges="! 411 655| 422 646"/>
                                                  <Edge fillStyle0="0" fillStyle1="5" edges="! 422 646| 422 645| 428 640| 435 632"/>
                                                  <Edge fillStyle0="0" fillStyle1="1" edges="! 435 632| 448 617| 449 617"/>
                                                  <Edge fillStyle0="0" fillStyle1="5" edges="! 449 617| 460 605| 462 601"/>
                                                  <Edge fillStyle0="0" fillStyle1="1" edges="! 462 601| 477 586"/>
                                                  <Edge fillStyle0="0" fillStyle1="5" edges="! 477 586[ 489 577 496 575| 498 575| 501 575"/>
                                                  <Edge fillStyle0="0" fillStyle1="1" edges="! 501 575| 545 565[ 535 554 535 544[ 535 536 542 524[ 551 509 565 505| 566 505"/>
                                                  <Edge fillStyle0="0" fillStyle1="2" edges="! 566 505| 565 460| 565 458[ 566 440 576 421| 577 420"/>
                                                  <Edge fillStyle0="0" fillStyle1="1" edges="! 577 420[ 585 402 602 384| 637 341| 637 336"/>
                                                  <Edge fillStyle0="0" fillStyle1="2" edges="! 637 336| 637 335| 635 313"/>
                                                  <Edge fillStyle0="0" fillStyle1="5" edges="! 635 313| 635 311| 631 277| 629 261| 628 245| 627 239| 627 237| 626 223| 624 223"/>
                                                  <Edge fillStyle0="0" fillStyle1="2" edges="! 624 223| 622 223| 622 214"/>
                                                  <Edge fillStyle0="0" fillStyle1="5" edges="! 622 214| 622 209"/>
                                                  <Edge fillStyle0="1" fillStyle1="3" edges="! 1619 118| 1627 114| 1629 111| 1646 105"/>
                                                  <Edge fillStyle0="1" fillStyle1="4" edges="! 1646 105| 1668 97| 1665 122"/>
                                                  <Edge fillStyle0="1" fillStyle1="2" edges="! 1665 122| 1672 96| 1674 96| 1679 101| 1682 100| 1693 109| 1712 83| 1713 82| 1710 107| 1692 181[ 1673 245 1673 276[ 1673 296 1714 344| 1715 347| 1716 346| 1720 352[ 1767 405 1767 474| 1761 549[ 1755 555 1755 572| 1758 578| 1757 588| 1752 628| 1745 668[ 1743 673 1733 673[ 1722 673 1718 614| 1717 603"/>
                                                  <Edge fillStyle0="1" fillStyle1="4" edges="! 1717 603| 1717 722| 1718 730"/>
                                                  <Edge fillStyle0="1" fillStyle1="2" edges="! 1718 730| 1726 733| 1726 735[ 1726 745 1734 751[ 1719 764 1625 768| 1514 769| 1524 757"/>
                                                  <Edge fillStyle0="1" fillStyle1="5" edges="! 1524 757| 1534 742"/>
                                                  <Edge fillStyle0="1" fillStyle1="4" edges="! 1534 742| 1549 716"/>
                                                  <Edge fillStyle0="1" fillStyle1="3" edges="! 1549 716| 1570 674"/>
                                                  <Edge fillStyle0="1" fillStyle1="7" edges="! 1570 674| 1587 636| 1585 607| 1611 595"/>
                                                  <Edge fillStyle0="1" fillStyle1="3" edges="! 1611 595[ 1673 567 1703 543"/>
                                                  <Edge fillStyle0="1" fillStyle1="4" edges="! 1703 543| 1717 532| 1717 585"/>
                                                  <Edge fillStyle0="1" fillStyle1="2" edges="! 1717 585| 1721 528[ 1734 514 1734 502[ 1734 476 1726 451| 1726 439[ 1726 426 1714 406"/>
                                                  <Edge fillStyle0="1" fillStyle1="5" edges="! 1714 406| 1684 369| 1681 366[ 1650 332 1640 311"/>
                                                  <Edge fillStyle0="1" fillStyle1="2" edges="! 1640 311| 1638 307"/>
                                                  <Edge fillStyle0="1" fillStyle1="4" edges="! 1638 307| 1575 287[ 1584 272 1589 250"/>
                                                  <Edge fillStyle0="1" fillStyle1="3" edges="! 1589 250| 1593 232"/>
                                                  <Edge fillStyle0="1" fillStyle1="7" edges="! 1593 232| 1593 228| 1596 137| 1596 123| 1615 115| 1618 118| 1619 118"/>
                                                  <Edge fillStyle0="3" fillStyle1="7" edges="! 1619 118| 1623 159[ 1623 232 1594 232| 1593 232"/>
                                                  <Edge fillStyle0="4" fillStyle1="3" edges="! 1646 105| 1652 120| 1645 193[ 1632 262 1608 262[ 1596 262 1589 250"/>
                                                  <Edge fillStyle0="2" fillStyle1="4" edges="! 1665 122| 1665 123| 1665 125| 1662 134| 1661 137| 1660 139[ 1641 255 1639 307| 1638 307"/>
                                                  <Edge fillStyle0="2" fillStyle1="0" edges="! 1800 297| 1799 297| 1791 304| 1783 311| 1781 314"/>
                                                  <Edge fillStyle0="2" fillStyle1="1" edges="! 1781 314| 1780 319| 1781 327| 1775 328| 1762 331"/>
                                                  <Edge fillStyle0="2" fillStyle1="0" edges="! 1762 331| 1754 340"/>
                                                  <Edge fillStyle0="2" fillStyle1="0" edges="! 1822 248| 1822 251| 1815 277"/>
                                                  <Edge fillStyle0="1" fillStyle1="0" edges="! 1781 314| 1762 331"/>
                                                  <Edge fillStyle0="3" fillStyle1="1" edges="! 1699 400| 1691 389| 1689 387| 1642 325| 1641 325| 1639 325| 1617 326| 1586 318| 1582 316| 1551 312| 1540 316| 1263 316| 1170 313| 1160 326"/>
                                                  <Edge fillStyle0="3" fillStyle1="7" edges="! 1160 326| 1185 326[ 1490 324 1569 334[ 1627 340 1627 369[ 1627 403 1550 417| 1422 418| 1316 428| 1206 436| 1047 436| 1029 436"/>
                                                  <Edge fillStyle0="3" fillStyle1="1" edges="! 1029 436| 1020 446"/>
                                                  <Edge fillStyle0="3" fillStyle1="4" edges="! 1020 446| 1371 446[ 1604 445 1670 424[ 1691 416 1699 400"/>
                                                  <Edge fillStyle0="1" fillStyle1="4" edges="! 1699 400[ 1715 422 1720 448| 1544 460| 1083 462| 1057 457| 1025 459[ 1018 454 1018 450| 1020 446"/>
                                                  <Edge fillStyle0="2" fillStyle1="5" edges="! 1640 311[ 1653 185 1673 283[ 1668 310 1705 354| 1745 404[ 1745 418 1731 431| 1714 406"/>
                                                  <Edge fillStyle0="1" fillStyle1="4" edges="! 1045 497| 1037 484| 1040 479| 1043 478| 1049 477| 1060 478| 1544 479| 1712 466| 1710 477[ 1709 502 1700 514"/>
                                                  <Edge fillStyle0="1" fillStyle1="3" edges="! 1700 514| 1696 519| 1645 553| 1611 571"/>
                                                  <Edge fillStyle0="1" fillStyle1="7" edges="! 1611 571| 1573 589[ 1529 605 1499 619"/>
                                                  <Edge fillStyle0="1" fillStyle1="4" edges="! 1499 619| 1483 627| 1482 626| 1481 628| 1479 629| 1478 613[ 1476 570 1468 552[ 1451 535 1434 528"/>
                                                  <Edge fillStyle0="1" fillStyle1="3" edges="! 1434 528| 1406 524| 1404 525| 1381 520| 1235 512| 1153 516| 1147 516"/>
                                                  <Edge fillStyle0="1" fillStyle1="4" edges="! 1147 516| 1138 517| 1045 522| 1048 515"/>
                                                  <Edge fillStyle0="1" fillStyle1="3" edges="! 1048 515| 1048 513| 1045 497"/>
                                                  <Edge fillStyle0="4" fillStyle1="3" edges="! 1045 497| 1077 493| 1128 488| 1282 486| 1381 479| 1538 495| 1544 497"/>
                                                  <Edge fillStyle0="4" fillStyle1="7" edges="! 1544 497| 1546 497| 1547 497| 1551 498| 1588 496"/>
                                                  <Edge fillStyle0="4" fillStyle1="3" edges="! 1588 496| 1653 495[ 1690 495 1700 513| 1700 514"/>
                                                  <Edge fillStyle0="0" fillStyle1="1" edges="! 1796 702[ 1833 691 1833 665[ 1833 633 1795 606| 1788 602| 1785 669"/>
                                                  <Edge fillStyle0="0" fillStyle1="6" edges="! 1785 669| 1789 685| 1796 702"/>
                                                  <Edge fillStyle0="1" fillStyle1="6" edges="! 1796 702| 1785 704| 1783 692| 1785 669"/>
                                                  <Edge fillStyle0="4" fillStyle1="2" edges="! 1717 603| 1717 585"/>
                                                  <Edge fillStyle0="4" fillStyle1="3" edges="! 1703 543| 1701 581| 1704 604[ 1704 655 1696 670[ 1669 717 1565 717| 1549 716"/>
                                                  <Edge fillStyle0="4" fillStyle1="2" edges="! 1604 741| 1633 741| 1689 739| 1718 740| 1718 738| 1718 730"/>
                                                  <Edge fillStyle0="0" fillStyle1="1" edges="! 1891 752[ 1891 739 1908 739[ 1925 739 1925 753| 1923 766| 1910 769[ 1900 769 1894 761| 1891 752"/>
                                                  <Edge fillStyle0="3" fillStyle1="0" edges="! 1613 25| 1614 24| 1613 24| 1613 25"/>
                                                  <Edge fillStyle0="2" fillStyle1="1" edges="! 1535 208| 1528 248| 1524 254| 1523 254[ 1514 261 1502 264| 1483 272| 1517 272| 1517 278| 1518 286[ 1522 293 1537 293[ 1556 293 1556 236| 1555 206| 1535 208"/>
                                                  <Edge fillStyle0="0" fillStyle1="1" edges="! 1251 200| 1214 199| 1189 225| 1188 250[ 1190 269 1208 269[ 1239 269 1267 258| 1269 253| 1260 235| 1251 200"/>
                                                  <Edge fillStyle0="2" fillStyle1="1" edges="! 1383 242[ 1375 242 1360 265| 1396 268| 1455 271| 1426 261| 1406 249| 1401 247| 1383 242"/>
                                                  <Edge fillStyle0="0" fillStyle1="1" edges="! 835 85| 840 95| 836 96| 831 86| 835 85"/>
                                                  <Edge fillStyle0="2" fillStyle1="1" edges="! 791 273[ 797 292 806 292[ 817 292 820 286| 822 264| 818 216| 817 210| 810 192| 798 165| 789 155| 787 153| 777 158"/>
                                                  <Edge fillStyle0="2" fillStyle1="4" edges="! 777 158| 777 161| 778 166| 778 171| 778 180| 779 185| 791 271| 791 273"/>
                                                  <Edge fillStyle0="1" fillStyle1="4" edges="! 791 273| 796 290| 781 291| 735 301| 712 303[ 707 259 694 224| 694 199"/>
                                                  <Edge fillStyle0="1" fillStyle1="7" edges="! 694 199| 713 190| 719 187| 720 187| 729 186"/>
                                                  <Edge fillStyle0="1" fillStyle1="3" edges="! 729 186| 737 181| 740 179| 744 179| 756 174| 759 170"/>
                                                  <Edge fillStyle0="1" fillStyle1="4" edges="! 759 170| 761 167[ 770 161 777 158"/>
                                                  <Edge fillStyle0="1" fillStyle1="2" edges="! 976 283| 904 288| 904 291| 844 290| 840 282[ 843 274 853 274| 886 270| 943 269| 976 283"/>
                                                  <Edge fillStyle0="1" fillStyle1="7" edges="! 843 324| 979 323| 1006 320| 1007 320"/>
                                                  <Edge fillStyle0="1" fillStyle1="3" edges="! 1007 320| 1084 315| 1099 315| 1105 325"/>
                                                  <Edge fillStyle0="1" fillStyle1="7" edges="! 1105 325| 1111 333[ 1086 348 1057 369[ 1004 409 988 434"/>
                                                  <Edge fillStyle0="1" fillStyle1="3" edges="! 988 434| 983 444| 976 446"/>
                                                  <Edge fillStyle0="1" fillStyle1="4" edges="! 976 446| 950 460| 946 464| 896 465| 637 454[ 641 439 657 422"/>
                                                  <Edge fillStyle0="1" fillStyle1="3" edges="! 657 422| 675 406[ 714 376 714 356| 714 330"/>
                                                  <Edge fillStyle0="1" fillStyle1="4" edges="! 714 330| 714 328| 716 328"/>
                                                  <Edge fillStyle0="1" fillStyle1="3" edges="! 716 328| 757 327| 764 327| 811 318[ 817 324 823 324| 843 324"/>
                                                  <Edge fillStyle0="7" fillStyle1="3" edges="! 843 324| 753 344[ 720 353 720 377[ 720 405 760 414| 988 434"/>
                                                  <Edge fillStyle0="1" fillStyle1="4" edges="! 813 486| 918 485| 917 487| 917 493"/>
                                                  <Edge fillStyle0="1" fillStyle1="3" edges="! 917 493| 921 521"/>
                                                  <Edge fillStyle0="1" fillStyle1="4" edges="! 921 521| 925 530[ 914 534 910 538[ 900 547 904 569| 894 662| 871 665| 858 647"/>
                                                  <Edge fillStyle0="1" fillStyle1="3" edges="! 858 647| 827 607[ 820 584 803 569"/>
                                                  <Edge fillStyle0="1" fillStyle1="7" edges="! 803 569[ 776 549 727 546| 678 537"/>
                                                  <Edge fillStyle0="1" fillStyle1="3" edges="! 678 537| 664 527"/>
                                                  <Edge fillStyle0="1" fillStyle1="4" edges="! 664 527[ 651 516 651 499| 652 490| 654 487| 662 481| 690 483"/>
                                                  <Edge fillStyle0="1" fillStyle1="3" edges="! 690 483| 709 484| 778 486| 813 486"/>
                                                  <Edge fillStyle0="4" fillStyle1="3" edges="! 813 486[ 835 491 849 499| 909 492| 917 493"/>
                                                  <Edge fillStyle0="4" fillStyle1="1" edges="! 1002 500| 998 492| 996 485| 992 483| 970 483| 953 497"/>
                                                  <Edge fillStyle0="4" fillStyle1="3" edges="! 953 497| 983 500| 1002 500"/>
                                                  <Edge fillStyle0="1" fillStyle1="3" edges="! 1002 500| 1003 505| 998 517"/>
                                                  <Edge fillStyle0="1" fillStyle1="4" edges="! 998 517| 996 523| 941 526| 942 520"/>
                                                  <Edge fillStyle0="1" fillStyle1="3" edges="! 942 520[ 945 507 953 497"/>
                                                  <Edge fillStyle0="3" fillStyle1="7" edges="! 1007 320| 1053 325| 1105 325"/>
                                                  <Edge fillStyle0="7" fillStyle1="1" edges="! 1160 326| 1095 380| 1029 436"/>
                                                  <Edge fillStyle0="3" fillStyle1="4" edges="! 1048 515| 1093 514| 1092 515| 1097 515| 1115 516| 1147 516"/>
                                                  <Edge fillStyle0="4" fillStyle1="3" edges="! 998 517| 942 520"/>
                                                  <Edge fillStyle0="4" fillStyle1="3" edges="! 921 521| 871 524| 872 531| 867 578[ 860 603 858 633| 858 647"/>
                                                  <Edge fillStyle0="4" fillStyle1="1" edges="! 891 691| 890 692| 892 694| 891 691"/>
                                                  <Edge fillStyle0="3" fillStyle1="7" edges="! 1588 496[ 1611 508 1611 553| 1611 571"/>
                                                  <Edge fillStyle0="7" fillStyle1="3" edges="! 1544 497| 1543 497[ 1504 508 1490 534"/>
                                                  <Edge fillStyle0="7" fillStyle1="4" edges="! 1490 534| 1499 535| 1499 542| 1502 570| 1499 619"/>
                                                  <Edge fillStyle0="4" fillStyle1="3" edges="! 1490 534| 1434 528"/>
                                                  <Edge fillStyle0="1" fillStyle1="4" edges="! 1481 738| 1481 732[ 1491 700 1492 651| 1494 648| 1499 644"/>
                                                  <Edge fillStyle0="1" fillStyle1="3" edges="! 1499 644| 1503 641"/>
                                                  <Edge fillStyle0="1" fillStyle1="7" edges="! 1503 641| 1528 629| 1566 614| 1565 630[ 1566 662 1552 674| 1549 677"/>
                                                  <Edge fillStyle0="1" fillStyle1="3" edges="! 1549 677| 1521 706"/>
                                                  <Edge fillStyle0="1" fillStyle1="4" edges="! 1521 706| 1511 716| 1488 742"/>
                                                  <Edge fillStyle0="1" fillStyle1="2" edges="! 1488 742| 1471 765| 1473 769| 1458 769| 1479 739| 1481 738"/>
                                                  <Edge fillStyle0="4" fillStyle1="2" edges="! 1481 738| 1481 742| 1488 742"/>
                                                  <Edge fillStyle0="4" fillStyle1="3" edges="! 1521 706[ 1507 698 1502 681[ 1499 673 1499 644"/>
                                                  <Edge fillStyle0="7" fillStyle1="3" edges="! 1570 674[ 1599 665 1609 621| 1611 595"/>
                                                  <Edge fillStyle0="5" fillStyle1="4" edges="! 1604 741| 1603 741| 1596 741| 1534 742"/>
                                                  <Edge fillStyle0="7" fillStyle1="3" edges="! 1503 641[ 1521 676 1549 677"/>
                                                  <Edge fillStyle0="5" fillStyle1="2" edges="! 1524 757| 1532 758| 1548 754[ 1551 748 1606 743| 1604 741"/>
                                                  <Edge fillStyle0="5" fillStyle1="2" edges="! 622 214| 624 223"/>
                                                  <Edge fillStyle0="7" fillStyle1="4" edges="! 694 199| 695 206[ 698 241 709 257"/>
                                                  <Edge fillStyle0="7" fillStyle1="3" edges="! 709 257[ 722 252 729 186"/>
                                                  <Edge fillStyle0="4" fillStyle1="3" edges="! 759 170| 757 226[ 754 268 726 268[ 715 268 709 257"/>
                                                  <Edge fillStyle0="1" fillStyle1="0" edges="! 556 312| 546 312| 546 323| 556 312"/>
                                                  <Edge fillStyle0="2" fillStyle1="5" edges="! 613 380| 625 369[ 675 332 675 353| 641 394[ 602 440 589 501| 587 503[ 578 487 576 474| 575 444[ 575 426 587 407"/>
                                                  <Edge fillStyle0="2" fillStyle1="1" edges="! 587 407| 577 420"/>
                                                  <Edge fillStyle0="1" fillStyle1="5" edges="! 587 407| 603 393| 609 384| 613 380"/>
                                                  <Edge fillStyle0="1" fillStyle1="2" edges="! 613 380| 645 347| 637 336"/>
                                                  <Edge fillStyle0="3" fillStyle1="4" edges="! 716 328| 714 330"/>
                                                  <Edge fillStyle0="2" fillStyle1="5" edges="! 653 216| 658 296| 656 339| 654 340| 645 342[ 640 342 635 313"/>
                                                  <Edge fillStyle0="3" fillStyle1="4" edges="! 657 422[ 664 443 706 446| 976 446"/>
                                                  <Edge fillStyle0="1" fillStyle1="2" edges="! 222 637| 246 635[ 268 635 270 663| 270 669[ 270 687 262 699| 260 712| 114 724| 115 710"/>
                                                  <Edge fillStyle0="1" fillStyle1="5" edges="! 115 710| 114 702[ 113 692 108 688| 108 687| 110 673| 110 663| 112 648[ 115 639 122 639| 124 640[ 133 630 144 630| 199 633| 215 635| 219 637| 222 637"/>
                                                  <Edge fillStyle0="2" fillStyle1="5" edges="! 222 637[ 244 646 244 663[ 244 681 217 697| 199 706| 186 710| 141 716| 115 710"/>
                                                  <Edge fillStyle0="5" fillStyle1="1" edges="! 334 690| 328 684| 322 683[ 306 683 306 705| 306 707| 307 707| 336 713| 338 704| 334 690"/>
                                                  <Edge fillStyle0="1" fillStyle1="5" edges="! 343 709| 343 706| 343 703| 343 700| 343 699[ 343 680 354 680[ 367 680 367 704"/>
                                                  <Edge fillStyle0="1" fillStyle1="2" edges="! 367 704| 363 716[ 358 720 354 720[ 345 720 343 709"/>
                                                  <Edge fillStyle0="5" fillStyle1="2" edges="! 343 709| 352 711[ 363 711 367 704"/>
                                                  <Edge fillStyle0="2" fillStyle1="5" edges="! 346 736| 350 735| 373 740"/>
                                                  <Edge fillStyle0="1" fillStyle1="2" edges="! 341 734| 378 736"/>
                                                  <Edge fillStyle0="7" fillStyle1="3" edges="! 803 569| 805 523[ 805 509 783 497| 734 492[ 696 500 678 537"/>
                                                  <Edge fillStyle0="4" fillStyle1="3" edges="! 664 527| 670 514| 669 510[ 669 491 690 483"/>
                                                  <Edge fillStyle0="3" fillStyle1="4" edges="! 660 564[ 660 590 663 606"/>
                                                  <Edge fillStyle0="3" fillStyle1="7" edges="! 663 606[ 664 584 668 567"/>
                                                  <Edge fillStyle0="7" fillStyle1="4" edges="! 663 606| 665 618| 665 639| 665 640"/>
                                                  <Edge fillStyle0="7" fillStyle1="3" edges="! 665 640| 672 650[ 690 671 728 671[ 775 671 794 612"/>
                                                  <Edge fillStyle0="3" fillStyle1="4" edges="! 665 640| 667 681[ 680 720 753 720[ 842 720 858 690"/>
                                                  <Edge fillStyle0="2" fillStyle1="4" edges="! 854 744| 729 743| 693 737| 673 734"/>
                                                  <Edge fillStyle0="1" fillStyle1="2" edges="! 577 620| 577 606| 575 571| 575 559| 573 559| 569 540| 567 531| 578 513| 573 507| 566 505"/>
                                                  <Edge fillStyle0="0" fillStyle1="1" edges="! 566 533[ 559 543 558 553| 568 555| 567 546| 566 533"/>
                                                  <Edge fillStyle0="5" fillStyle1="1" edges="! 559 610| 564 592[ 564 577 555 571| 546 569[ 527 569 527 593| 527 596| 527 597"/>
                                                  <Edge fillStyle0="5" fillStyle1="2" edges="! 527 597[ 532 612 546 613| 549 613| 559 610"/>
                                                  <Edge fillStyle0="1" fillStyle1="2" edges="! 559 610| 546 615[ 529 615 527 597"/>
                                                  <Edge fillStyle0="5" fillStyle1="1" edges="! 515 606| 515 601| 515 600[ 515 585 507 578| 504 576| 501 575"/>
                                                  <Edge fillStyle0="5" fillStyle1="1" edges="! 477 586| 475 600| 475 602| 466 600| 462 601"/>
                                                  <Edge fillStyle0="2" fillStyle1="5" edges="! 515 606| 506 609| 501 609| 490 626"/>
                                                  <Edge fillStyle0="2" fillStyle1="1" edges="! 490 626| 495 626[ 513 626 515 606"/>
                                                  <Edge fillStyle0="5" fillStyle1="1" edges="! 486 630| 486 627| 486 625| 490 626"/>
                                                  <Edge fillStyle0="2" fillStyle1="1" edges="! 462 655| 465 655[ 475 655 481 646| 486 630"/>
                                                  <Edge fillStyle0="2" fillStyle1="5" edges="! 486 630| 462 654| 462 655"/>
                                                  <Edge fillStyle0="1" fillStyle1="5" edges="! 462 655| 460 655| 456 654| 457 658"/>
                                                  <Edge fillStyle0="1" fillStyle1="2" edges="! 457 658| 457 663[ 457 676 448 685| 435 693| 427 692| 425 697| 412 705[ 396 705 396 685[ 396 665 411 664| 411 663| 411 655"/>
                                                  <Edge fillStyle0="5" fillStyle1="1" edges="! 449 617| 447 627| 447 638| 435 632"/>
                                                  <Edge fillStyle0="2" fillStyle1="5" edges="! 457 658| 453 663[ 421 690 412 690| 406 688| 402 686| 413 663| 422 646"/>
                                                  <Edge fillStyle0="0" fillStyle1="2" edges="! 591 682| 588 646| 582 619| 577 620"/>
                                                  <Edge fillStyle0="0" fillStyle1="1" edges="! 577 620| 565 620| 542 625| 542 628| 538 638| 533 647[ 533 662 563 683| 584 699"/>
                                                  <Edge fillStyle0="0" fillStyle1="6" edges="! 584 699| 591 682"/>
                                                  <Edge fillStyle0="2" fillStyle1="6" edges="! 591 682| 589 702"/>
                                                  <Edge fillStyle0="2" fillStyle1="1" edges="! 589 702| 593 706[ 593 715 586 717"/>
                                                  <Edge fillStyle0="2" fillStyle1="6" edges="! 586 717| 580 746[ 584 784 636 798"/>
                                                  <Edge fillStyle0="1" fillStyle1="6" edges="! 589 702| 584 699"/>
                                                  <Edge fillStyle0="1" fillStyle1="6" edges="! 576 718| 580 718| 586 717"/>
                                                  <Edge fillStyle0="6" fillStyle1="1" edges="! 564 742| 564 743| 557 760"/>
                                             </edges>
                                        </DOMShape>
                                   </elements>
                              </DOMFrame>
                         </frames>
                    </DOMLayer>
               </layers>
          </DOMTimeline>
     </timeline>
</DOMSymbolItem>
