<DOMSymbolItem xmlns="http://ns.adobe.com/xfl/2008/" xmlns:xsi="http://www.w3.org/2001/XMLSchema-instance" name="Symbol 1692" lastModified="1681431985" symbolType="graphic">
     <timeline>
          <DOMTimeline name="Symbol 1692" currentFrame="0">
               <layers>
                    <DOMLayer name="Layer 1">
                         <frames>
                              <DOMFrame index="0" motionTweenScale="false" keyMode="8192">
                                   <elements>
                                        <DOMShape isFloating="true">
                                             <fills>
                                                  <FillStyle index="1">
                                                       <SolidColor color="#666666" alpha="0.8"/>
                                                  </FillStyle>
                                             </fills>
                                             <strokes/>
                                             <edges>
                                                  <Edge fillStyle1="1" edges="! 488 -531[ 521 -481 533 -445[ 544 -410 544 -365[ 547 -240 519 -240[ 510 -240 508 -246| 508 -253| 508 -254| 465 -366[ 453 -394 428 -418[ 381 -465 307 -465[ 254 -465 203 -416[ 159 -375 153 -344| 142 -311| 130 -282| 129 -246[ 129 -222 116 -222| 112 -227| 109 -227[ 88 -286 54 -345[ -14 -463 -89 -463| -203 -449| -230 -436[ -247 -436 -245 -449| -240 -458| -242 -467[ -242 -490 -180 -528[ -116 -567 -71 -564| -14 -564| 16 -552| 26 -547| 59 -582| 108 -621[ 212 -667 284 -667[ 320 -667 366 -646[ 401 -630 422 -614[ 447 -593 488 -531"/>
                                                  <Edge fillStyle1="1" edges="! 306 -67| 366 -68[ 423 -51 434 -39| 451 27[ 451 59 437 59[ 432 59 413 31[ 393 0 386 -4[ 306 -57 306 -67"/>
                                                  <Edge fillStyle1="1" edges="! 1034 -255| 968 -312| 902 -366[ 902 -390 974 -355[ 1045 -319 1045 -269[ 1045 -255 1034 -255"/>
                                             </edges>
                                        </DOMShape>
                                   </elements>
                              </DOMFrame>
                         </frames>
                    </DOMLayer>
               </layers>
          </DOMTimeline>
     </timeline>
</DOMSymbolItem>
