<DOMSymbolItem xmlns="http://ns.adobe.com/xfl/2008/" xmlns:xsi="http://www.w3.org/2001/XMLSchema-instance" name="Symbol 2123" lastModified="1681431985" symbolType="graphic">
     <timeline>
          <DOMTimeline name="Symbol 2123" currentFrame="0">
               <layers>
                    <DOMLayer name="Layer 1">
                         <frames>
                              <DOMFrame index="0" motionTweenScale="false" keyMode="8192">
                                   <elements>
                                        <DOMShape isFloating="true">
                                             <fills>
                                                  <FillStyle index="1">
                                                       <SolidColor color="#410101" alpha="0.4"/>
                                                  </FillStyle>
                                             </fills>
                                             <strokes/>
                                             <edges>
                                                  <Edge fillStyle0="0" fillStyle1="0" strokeStyle="0" edges="! 0 0"/>
                                                  <Edge fillStyle0="0" fillStyle1="1" strokeStyle="0" edges="! 612 207| 610 194[ 610 166 640 169[ 670 172 670 195[ 670 216 640 216[ 618 216 612 207"/>
                                                  <Edge fillStyle0="0" fillStyle1="1" strokeStyle="0" edges="! 555 177| 552 186| 541 186| 540 178[ 540 173 543 171| 547 169| 555 177"/>
                                                  <Edge fillStyle0="0" fillStyle1="1" strokeStyle="0" edges="! 543 306[ 539 310 534 310[ 523 310 520 303| 520 296[ 520 282 534 283[ 547 284 547 296| 543 306"/>
                                                  <Edge fillStyle0="0" fillStyle1="1" strokeStyle="0" edges="! 296 167[ 309 167 309 181[ 309 195 297 195[ 288 195 284 188| 283 181[ 283 167 296 167"/>
                                                  <Edge fillStyle0="0" fillStyle1="1" strokeStyle="0" edges="! 403 201[ 403 220 386 220[ 373 220 370 210| 369 201[ 369 182 386 182[ 403 182 403 201"/>
                                                  <Edge fillStyle0="0" fillStyle1="1" strokeStyle="0" edges="! 113 202[ 102 213 82 213[ 57 213 57 189[ 57 165 89 162[ 120 159 120 185| 113 202"/>
                                                  <Edge fillStyle0="0" fillStyle1="1" strokeStyle="0" edges="! 78 297[ 81 300 73 300| 67 300[ 64 300 64 293[ 64 288 67 287| 72 286[ 78 290 78 297"/>
                                                  <Edge fillStyle0="0" fillStyle1="1" strokeStyle="0" edges="! 180 288[ 180 265 203 267[ 225 268 225 288| 218 302[ 211 309 201 309[ 188 309 183 299| 180 288"/>
                                             </edges>
                                        </DOMShape>
                                   </elements>
                              </DOMFrame>
                         </frames>
                    </DOMLayer>
                    <DOMLayer name="Layer 2">
                         <frames>
                              <DOMFrame index="0" motionTweenScale="false" keyMode="8192">
                                   <elements>
                                        <DOMShape isFloating="true">
                                             <fills>
                                                  <FillStyle index="1">
                                                       <SolidColor color="#201d1d" alpha="1.0"/>
                                                  </FillStyle>
                                                  <FillStyle index="2">
                                                       <SolidColor color="#990000" alpha="1.0"/>
                                                  </FillStyle>
                                                  <FillStyle index="3">
                                                       <SolidColor color="#690000" alpha="1.0"/>
                                                  </FillStyle>
                                             </fills>
                                             <strokes/>
                                             <edges>
                                                  <Edge fillStyle0="1" edges="! 738 139| 744 124[ 738 97 738 79| 741 35[ 741 5 679 5| 552 0| 359 5| 123 6| 33 6[ 0 3 -9 36| -12 81| -11 116| 1 138"/>
                                                  <Edge fillStyle0="1" fillStyle1="2" edges="! 1 138| 26 145| 79 142| 106 138| 255 151| 401 139[ 485 130 530 142| 693 142| 736 141| 738 139"/>
                                                  <Edge fillStyle0="0" fillStyle1="2" edges="! 738 139| 744 144| 744 242"/>
                                                  <Edge fillStyle0="0" fillStyle1="3" edges="! 744 242| 744 331[ 732 354 672 354| 647 352| 512 352| 373 337| 344 342| 105 342| 23 345[ -1 345 0 321| 0 222"/>
                                                  <Edge fillStyle0="0" fillStyle1="2" edges="! 0 222| 0 144| 1 138"/>
                                                  <Edge fillStyle0="3" fillStyle1="2" edges="! 744 242[ 744 235 736 230[ 729 225 723 225| 627 240| 565 232| 503 223[ 458 223 427 235| 374 247| 282 232| 183 216| 119 223| 104 229| 48 221| 15 213| 5 217| 2 222| 0 222"/>
                                             </edges>
                                        </DOMShape>
                                   </elements>
                              </DOMFrame>
                         </frames>
                    </DOMLayer>
               </layers>
          </DOMTimeline>
     </timeline>
</DOMSymbolItem>
