<DOMSymbolItem xmlns="http://ns.adobe.com/xfl/2008/" xmlns:xsi="http://www.w3.org/2001/XMLSchema-instance" name="Symbol 1810" lastModified="1681431985">
     <timeline>
          <DOMTimeline name="Symbol 1810">
               <layers>
                    <DOMLayer name="Layer 1" color="#9842cf" current="true" isSelected="true">
                         <frames>
                              <DOMFrame index="0" keyMode="9728">
                                   <elements>
                                        <DOMShape isFloating="true">
                                             <fills>
                                                  <FillStyle index="1">
                                                       <SolidColor color="#cd5c5c" alpha="0.4"/>
                                                  </FillStyle>
                                                  <FillStyle index="2">
                                                       <SolidColor color="#000000" alpha="1.0"/>
                                                  </FillStyle>
                                                  <FillStyle index="3">
                                                       <SolidColor color="#912b2b" alpha="0.4"/>
                                                  </FillStyle>
                                                  <FillStyle index="4">
                                                       <SolidColor color="#ffffff" alpha="1.0"/>
                                                  </FillStyle>
                                             </fills>
                                             <strokes/>
                                             <edges>
                                                  <Edge fillStyle0="1" fillStyle1="2" edges="! 983 251[ 957 220 924 194| 920 190| 776 123| 771 121| 587 115[ 389 141 249 276[ 113 409 97 588| 95 636[ 95 698 111 754"/>
                                                  <Edge fillStyle0="1" fillStyle1="3" edges="! 111 754[ 203 815 390 804[ 571 793 701 683[ 768 627 817 553| 951 401[ 986 353 986 289| 983 251"/>
                                                  <Edge fillStyle0="2" fillStyle1="3" edges="! 983 251[ 1078 367 1078 562[ 1078 684 1030 806[ 936 1051 700 1066[ 324 1089 175 886[ 130 825 111 754"/>
                                                  <Edge fillStyle0="0" fillStyle1="2" edges="! 1102 876[ 980 1145 705 1161[ 253 1189 83 931[ 0 805 0 640[ 0 381 183 200[ 351 32 586 5[ 826 -23 988 116[ 1171 273 1171 590[ 1171 725 1102 876"/>
                                                  <Edge fillStyle0="1" fillStyle1="4" edges="! 548 258[ 548 302 500 368[ 437 454 346 454[ 291 454 275 428[ 269 419 269 398[ 269 318 409 248[ 465 219 504 220[ 548 220 548 258"/>
                                                  <Edge fillStyle0="1" fillStyle1="4" edges="! 233 529[ 260 531 265 552| 261 573| 235 579| 216 577| 211 575| 208 568[ 205 563 205 551[ 205 526 233 529"/>
                                             </edges>
                                        </DOMShape>
                                   </elements>
                              </DOMFrame>
                         </frames>
                    </DOMLayer>
               </layers>
          </DOMTimeline>
     </timeline>
</DOMSymbolItem>
