<DOMSymbolItem xmlns="http://ns.adobe.com/xfl/2008/" xmlns:xsi="http://www.w3.org/2001/XMLSchema-instance" name="Symbol 1839" lastModified="1681431985">
     <timeline>
          <DOMTimeline name="Symbol 1839">
               <layers>
                    <DOMLayer name="Script Layer" color="#ceba70">
                         <frames>
                              <DOMFrame index="0" keyMode="9728">
                                   <Actionscript>
                                        <script>stop();
</script>
                                   </Actionscript>
                                   <elements/>
                              </DOMFrame>
                         </frames>
                    </DOMLayer>
                    <DOMLayer name="Layer 2" color="#26cca2" current="true" isSelected="true">
                         <frames>
                              <DOMFrame index="0" keyMode="9728">
                                   <elements>
                                        <DOMShape isFloating="true">
                                             <fills>
                                                  <FillStyle index="1">
                                                       <SolidColor color="#000000"/>
                                                  </FillStyle>
                                                  <FillStyle index="2">
                                                       <SolidColor color="#bc3232"/>
                                                  </FillStyle>
                                                  <FillStyle index="3">
                                                       <SolidColor color="#f1c9c9"/>
                                                  </FillStyle>
                                                  <FillStyle index="4">
                                                       <SolidColor color="#872323"/>
                                                  </FillStyle>
                                             </fills>
                                             <strokes/>
                                             <edges>
                                                  <Edge fillStyle1="1" edges="! 457 92| 469 112| 478 134| 478 152[ 478 189 455 222[ 427 261 375 282| 349 292[ 288 323 206 330| 187 333| 136 340| 133 340| 107 343[ 99 343 91 328[ 68 314 41 262| 9 190| 9 185[ 0 160 0 146[ 0 99 26 70[ 35 52 63 33[ 77 24 91 17| 112 9| 127 4| 137 1| 141 0| 151 0| 163 2| 191 9[ 238 17 286 52[ 355 21 412 54[ 441 70 456 91| 457 92"/>
                                                  <Edge fillStyle0="4" fillStyle1="1" edges="! 61 145| 59 150[ 59 194 95 245| 129 295| 156 287| 267 261[ 427 217 427 141[ 427 113 377 92| 358 85| 348 83| 312 83| 287 88"/>
                                                  <Edge fillStyle0="4" fillStyle1="2" edges="! 287 88| 339 90[ 382 102 382 137[ 382 174 336 200[ 302 219 213 244| 165 244[ 137 238 137 214[ 137 166 226 113| 237 108"/>
                                                  <Edge fillStyle0="4" fillStyle1="1" edges="! 237 108| 206 118| 200 116| 200 113[ 200 107 207 101| 207 100[ 207 89 244 69[ 227 56 208 50| 207 50"/>
                                                  <Edge fillStyle0="4" fillStyle1="2" edges="! 207 50[ 216 57 216 70[ 216 82 199 97| 165 123[ 112 171 91 171[ 70 171 63 153| 61 145"/>
                                                  <Edge fillStyle0="1" fillStyle1="2" edges="! 61 145| 60 134[ 60 102 74 82[ 94 54 146 43| 176 43| 207 50"/>
                                                  <Edge fillStyle0="2" fillStyle1="3" edges="! 317 117[ 317 127 296 140[ 273 154 247 154| 223 149| 220 140[ 220 130 248 113[ 276 96 293 96[ 302 96 310 105| 317 117"/>
                                                  <Edge fillStyle0="2" fillStyle1="1" edges="! 287 88[ 269 91 251 100| 246 103| 245 104| 244 104| 244 105| 242 106| 237 108"/>
                                                  <Edge fillStyle0="2" fillStyle1="3" edges="! 209 166| 203 162| 201 158[ 201 150 209 151[ 217 152 217 159| 214 163| 209 166"/>
                                                  <Edge fillStyle0="2" fillStyle1="3" edges="! 105 93[ 89 93 89 82[ 89 76 106 65[ 124 53 141 53[ 152 53 152 63| 135 82| 105 93"/>
                                             </edges>
                                        </DOMShape>
                                   </elements>
                              </DOMFrame>
                              <DOMFrame index="1" keyMode="9728">
                                   <elements>
                                        <DOMShape isFloating="true">
                                             <fills>
                                                  <FillStyle index="1">
                                                       <SolidColor color="#000000" alpha="1.0"/>
                                                  </FillStyle>
                                                  <FillStyle index="2">
                                                       <SolidColor color="#bc3232" alpha="1.0"/>
                                                  </FillStyle>
                                                  <FillStyle index="3">
                                                       <SolidColor color="#f1c9c9" alpha="1.0"/>
                                                  </FillStyle>
                                                  <FillStyle index="4">
                                                       <SolidColor color="#872323" alpha="1.0"/>
                                                  </FillStyle>
                                                  <FillStyle index="5">
                                                       <SolidColor color="#000000" alpha="0.27058825"/>
                                                  </FillStyle>
                                             </fills>
                                             <strokes/>
                                             <edges>
                                                  <Edge fillStyle1="1" edges="! 260 64| 263 63| 272 59| 274 58| 277 57| 279 56| 291 51[ 293 49 294 49[ 358 23 412 54[ 441 70 456 91| 457 92| 469 112| 478 134| 478 152[ 478 189 455 222[ 427 261 375 282| 349 292[ 288 323 206 330| 187 333| 136 340| 133 340| 107 343| 105 343| 105 342[ 95 340 95 330[ 95 317 101 295"/>
                                                  <Edge fillStyle1="5" edges="! 101 295| 90 287"/>
                                                  <Edge fillStyle1="1" edges="! 90 287| 89 287| 79 307| 62 292| 56 283| 45 262| 43 259| 43 258[ 43 248 53 244| 53 243| 57 236"/>
                                                  <Edge fillStyle1="5" edges="! 57 236| 56 234"/>
                                                  <Edge fillStyle1="1" edges="! 56 234| 52 236| 35 241| 31 240| 23 222| 14 206| 13 202| 14 201| 14 200| 24 191| 38 185| 39 184"/>
                                                  <Edge fillStyle1="5" edges="! 39 184| 36 176| 35 172"/>
                                                  <Edge fillStyle1="1" edges="! 35 172| 27 174| 12 179| 6 169| 6 168| 4 158| 0 146[ 0 140 9 136| 30 131"/>
                                                  <Edge fillStyle1="5" edges="! 30 131| 32 120"/>
                                                  <Edge fillStyle1="1" edges="! 32 120| 11 120| 6 117| 5 110| 14 90| 30 70| 32 70| 41 75| 52 79"/>
                                                  <Edge fillStyle1="5" edges="! 52 79| 57 72| 62 66"/>
                                                  <Edge fillStyle1="1" edges="! 62 66| 53 61| 42 56| 42 54[ 93 -2 101 32"/>
                                                  <Edge fillStyle1="5" edges="! 101 32| 104 30"/>
                                                  <Edge fillStyle1="1" edges="! 104 30| 100 20| 102 15| 126 10| 152 4| 153 5| 152 24"/>
                                                  <Edge fillStyle1="5" edges="! 152 24| 162 25"/>
                                                  <Edge fillStyle1="1" edges="! 162 25| 162 9| 164 5| 190 8| 201 13| 215 17| 218 24| 214 35"/>
                                                  <Edge fillStyle1="5" edges="! 214 35| 220 37"/>
                                                  <Edge fillStyle1="1" edges="! 220 37[ 226 25 230 23[ 231 13 250 28| 250 29| 275 44| 273 45| 257 57"/>
                                                  <Edge fillStyle1="5" edges="! 257 57| 260 64"/>
                                                  <Edge fillStyle0="1" fillStyle1="5" edges="! 260 64| 253 67| 246 71| 228 79[ 221 82 213 89| 205 95| 182 115[ 161 136 151 159| 148 163[ 135 184 124 218| 117 246| 116 247| 101 295"/>
                                                  <Edge fillStyle0="4" fillStyle1="1" edges="! 151 239| 144 273| 145 290| 156 287| 267 261[ 427 217 427 141[ 427 113 377 92| 358 85| 348 83| 312 83| 287 88"/>
                                                  <Edge fillStyle0="4" fillStyle1="2" edges="! 287 88| 339 90[ 382 102 382 137[ 382 174 336 200[ 302 219 213 244| 165 244| 151 239"/>
                                                  <Edge fillStyle0="1" fillStyle1="2" edges="! 151 239| 152 234| 154 226| 163 205| 180 173[ 195 137 232 110| 233 110"/>
                                                  <Edge fillStyle0="1" fillStyle1="4" edges="! 233 110| 234 109| 237 108"/>
                                                  <Edge fillStyle0="1" fillStyle1="2" edges="! 237 108| 242 106| 244 105| 244 104| 245 104| 246 103| 251 100[ 269 91 287 88"/>
                                                  <Edge fillStyle0="2" fillStyle1="3" edges="! 317 117[ 317 127 296 140[ 273 154 247 154| 223 149| 220 140[ 220 130 248 113[ 276 96 293 96[ 302 96 310 105| 317 117"/>
                                                  <Edge fillStyle0="5" fillStyle1="1" edges="! 257 57[ 254 59 250 62| 248 63[ 243 63 231 55| 221 47| 219 45| 217 42| 220 37"/>
                                                  <Edge fillStyle0="5" fillStyle1="1" edges="! 214 35| 214 37| 211 43| 211 44| 205 47| 180 41| 161 34| 159 32| 162 26| 162 25"/>
                                                  <Edge fillStyle0="2" fillStyle1="4" edges="! 237 108| 233 110"/>
                                                  <Edge fillStyle0="2" fillStyle1="3" edges="! 203 162| 201 158[ 201 150 209 151[ 217 152 217 159| 214 163| 209 166| 203 162"/>
                                                  <Edge fillStyle0="1" fillStyle1="5" edges="! 104 30| 105 33| 113 44| 114 45| 119 43| 122 43[ 146 43 151 35| 152 32| 152 31| 152 25| 152 24"/>
                                                  <Edge fillStyle0="5" fillStyle1="1" edges="! 101 32| 102 47| 104 52| 75 74| 70 71| 70 70| 67 70| 62 66"/>
                                                  <Edge fillStyle0="5" fillStyle1="1" edges="! 52 79| 57 81| 58 80[ 65 75 65 86| 57 104| 44 119| 43 119| 41 121| 40 120| 32 120"/>
                                                  <Edge fillStyle0="5" fillStyle1="1" edges="! 30 131| 32 131| 33 132| 34 131[ 44 127 48 137| 51 161[ 51 170 43 170| 41 170| 35 172"/>
                                                  <Edge fillStyle0="5" fillStyle1="1" edges="! 39 184[ 41 180 51 180[ 60 180 70 216| 65 225| 59 231| 57 232| 56 234"/>
                                                  <Edge fillStyle0="5" fillStyle1="1" edges="! 57 236[ 60 233 65 231[ 69 228 80 239| 99 265| 95 274| 96 276| 90 287"/>
                                             </edges>
                                        </DOMShape>
                                   </elements>
                              </DOMFrame>
                              <DOMFrame index="2" keyMode="9728">
                                   <elements>
                                        <DOMShape isFloating="true">
                                             <fills>
                                                  <FillStyle index="1">
                                                       <SolidColor color="#ced8ff"/>
                                                  </FillStyle>
                                                  <FillStyle index="2">
                                                       <SolidColor color="#0000ff"/>
                                                  </FillStyle>
                                                  <FillStyle index="3">
                                                       <SolidColor color="#4d62b3"/>
                                                  </FillStyle>
                                                  <FillStyle index="4">
                                                       <SolidColor color="#3d5965"/>
                                                  </FillStyle>
                                                  <FillStyle index="5">
                                                       <SolidColor color="#598495"/>
                                                  </FillStyle>
                                                  <FillStyle index="6">
                                                       <SolidColor color="#404040"/>
                                                  </FillStyle>
                                             </fills>
                                             <strokes/>
                                             <edges>
                                                  <Edge fillStyle1="6" edges="! 457 92| 469 112| 478 134| 478 152[ 478 189 455 222[ 427 261 375 282| 349 292[ 288 323 206 330| 187 333| 136 340| 133 340| 107 343[ 99 343 91 328[ 68 314 41 262| 9 190| 9 185[ 0 160 0 146[ 0 99 26 70[ 35 52 63 33[ 77 24 91 17| 112 9| 127 4| 137 1| 141 0| 151 0| 163 2| 191 9[ 238 17 286 52[ 355 21 412 54[ 441 70 456 91| 457 92"/>
                                                  <Edge fillStyle0="5" fillStyle1="1" edges="! 317 117[ 317 127 296 140[ 273 154 247 154| 223 149| 220 140[ 220 130 248 113[ 276 96 293 96[ 302 96 310 105| 317 117"/>
                                                  <Edge fillStyle0="4" fillStyle1="6" edges="! 61 145| 59 150[ 59 194 95 245| 129 295| 156 287| 267 261[ 427 217 427 141[ 427 113 377 92| 358 85| 348 83| 312 83| 287 88"/>
                                                  <Edge fillStyle0="4" fillStyle1="5" edges="! 287 88| 339 90[ 382 102 382 137[ 382 174 336 200[ 302 219 213 244| 165 244[ 137 238 137 214[ 137 166 225 114"/>
                                                  <Edge fillStyle0="4" fillStyle1="3" edges="! 225 114| 224 113"/>
                                                  <Edge fillStyle0="4" fillStyle1="6" edges="! 224 113| 206 118| 200 116| 200 113[ 200 107 207 101| 207 100[ 207 89 244 69[ 227 56 208 50"/>
                                                  <Edge fillStyle0="4" fillStyle1="2" edges="! 208 50| 208 51"/>
                                                  <Edge fillStyle0="4" fillStyle1="5" edges="! 208 51[ 216 57 216 70[ 216 82 199 97| 165 123[ 112 171 91 171[ 70 171 63 153| 61 145"/>
                                                  <Edge fillStyle0="6" fillStyle1="5" edges="! 61 145| 60 134[ 60 102 74 82[ 94 54 146 43| 176 43| 207 50"/>
                                                  <Edge fillStyle0="6" fillStyle1="2" edges="! 207 50| 208 50"/>
                                                  <Edge fillStyle0="2" fillStyle1="5" edges="! 207 50| 208 51"/>
                                                  <Edge fillStyle0="2" fillStyle1="3" edges="! 224 113| 226 113"/>
                                                  <Edge fillStyle0="2" fillStyle1="5" edges="! 226 113| 237 108"/>
                                                  <Edge fillStyle0="2" fillStyle1="6" edges="! 237 108| 224 113"/>
                                                  <Edge fillStyle0="5" fillStyle1="3" edges="! 226 113| 225 114"/>
                                                  <Edge fillStyle0="5" fillStyle1="6" edges="! 287 88[ 269 91 251 100| 246 103| 245 104| 244 104| 244 105| 242 106| 237 108"/>
                                                  <Edge fillStyle0="5" fillStyle1="1" edges="! 209 166| 203 162| 201 158[ 201 150 209 151[ 217 152 217 159| 214 163| 209 166"/>
                                                  <Edge fillStyle0="5" fillStyle1="1" edges="! 105 93[ 89 93 89 82[ 89 76 106 65[ 124 53 141 53[ 152 53 152 63| 135 82| 105 93"/>
                                             </edges>
                                        </DOMShape>
                                   </elements>
                              </DOMFrame>
                              <DOMFrame index="3" keyMode="9728">
                                   <elements>
                                        <DOMShape isFloating="true">
                                             <fills>
                                                  <FillStyle index="1">
                                                       <SolidColor color="#872323" alpha="1.0"/>
                                                  </FillStyle>
                                                  <FillStyle index="2">
                                                       <SolidColor color="#000000" alpha="0.27058825"/>
                                                  </FillStyle>
                                                  <FillStyle index="3">
                                                       <SolidColor color="#d9d9d9" alpha="1.0"/>
                                                  </FillStyle>
                                                  <FillStyle index="4">
                                                       <SolidColor color="#bbbbbb" alpha="1.0"/>
                                                  </FillStyle>
                                                  <FillStyle index="5">
                                                       <SolidColor color="#ffffff" alpha="1.0"/>
                                                  </FillStyle>
                                                  <FillStyle index="6">
                                                       <SolidColor color="#404040" alpha="1.0"/>
                                                  </FillStyle>
                                             </fills>
                                             <strokes/>
                                             <edges>
                                                  <Edge fillStyle1="6" edges="! 260 64| 263 63| 272 59| 274 58| 277 57| 279 56| 291 51[ 293 49 294 49[ 358 23 412 54[ 441 70 456 91| 457 92| 469 112| 478 134| 478 152[ 478 189 455 222[ 427 261 375 282| 349 292[ 288 323 206 330| 187 333| 136 340| 133 340| 107 343| 105 343| 105 342[ 95 340 95 330[ 95 317 101 295"/>
                                                  <Edge fillStyle1="2" edges="! 101 295| 90 287"/>
                                                  <Edge fillStyle1="5" edges="! 90 287| 89 287| 79 307| 62 292| 56 283| 45 262| 43 259| 43 258[ 43 248 53 244| 53 243| 57 236"/>
                                                  <Edge fillStyle1="2" edges="! 57 236| 56 234"/>
                                                  <Edge fillStyle1="5" edges="! 56 234| 52 236| 35 241| 31 240| 23 222| 14 206| 13 202| 14 201| 14 200| 24 191| 38 185| 39 184"/>
                                                  <Edge fillStyle1="2" edges="! 39 184| 36 176| 35 172"/>
                                                  <Edge fillStyle1="5" edges="! 35 172| 27 174| 12 179| 6 169| 6 168| 4 158| 0 146[ 0 140 9 136| 30 131"/>
                                                  <Edge fillStyle1="2" edges="! 30 131| 32 120"/>
                                                  <Edge fillStyle1="5" edges="! 32 120| 11 120| 6 117| 5 110| 14 90| 30 70| 32 70| 41 75| 52 79"/>
                                                  <Edge fillStyle1="2" edges="! 52 79| 57 72| 62 66"/>
                                                  <Edge fillStyle1="5" edges="! 62 66| 53 61| 42 56| 42 54[ 93 -2 101 32"/>
                                                  <Edge fillStyle1="2" edges="! 101 32| 104 30"/>
                                                  <Edge fillStyle1="5" edges="! 104 30| 100 20| 102 15| 126 10| 152 4| 153 5| 152 24"/>
                                                  <Edge fillStyle1="2" edges="! 152 24| 162 25"/>
                                                  <Edge fillStyle1="5" edges="! 162 25| 162 9| 164 5| 190 8| 201 13| 215 17| 218 24| 214 35"/>
                                                  <Edge fillStyle1="2" edges="! 214 35| 220 37"/>
                                                  <Edge fillStyle1="5" edges="! 220 37[ 226 25 230 23[ 231 13 250 28| 250 29| 275 44| 273 45| 257 57"/>
                                                  <Edge fillStyle1="2" edges="! 257 57| 260 64"/>
                                                  <Edge fillStyle0="6" fillStyle1="2" edges="! 260 64| 253 67| 246 71| 228 79[ 221 82 213 89| 205 95| 182 115[ 161 136 151 159| 148 163[ 135 184 124 218| 117 246| 116 247| 101 295"/>
                                                  <Edge fillStyle0="3" fillStyle1="5" edges="! 317 117[ 317 127 296 140[ 273 154 247 154| 223 149| 220 140[ 220 130 248 113[ 276 96 293 96[ 302 96 310 105| 317 117"/>
                                                  <Edge fillStyle0="4" fillStyle1="6" edges="! 151 239| 144 273| 145 290| 156 287| 267 261[ 427 217 427 141[ 427 113 377 92| 358 85| 348 83| 312 83| 287 88"/>
                                                  <Edge fillStyle0="4" fillStyle1="3" edges="! 287 88| 339 90[ 382 102 382 137[ 382 174 336 200[ 302 219 213 244| 165 244| 151 239"/>
                                                  <Edge fillStyle0="6" fillStyle1="3" edges="! 151 239| 152 234| 154 226| 163 205| 180 173[ 195 137 232 110| 233 110"/>
                                                  <Edge fillStyle0="6" fillStyle1="1" edges="! 233 110| 234 109| 237 108"/>
                                                  <Edge fillStyle0="6" fillStyle1="3" edges="! 237 108| 242 106| 244 105| 244 104| 245 104| 246 103| 251 100[ 269 91 287 88"/>
                                                  <Edge fillStyle0="2" fillStyle1="5" edges="! 257 57[ 254 59 250 62| 248 63[ 243 63 231 55| 221 47| 219 45| 217 42| 220 37"/>
                                                  <Edge fillStyle0="2" fillStyle1="5" edges="! 214 35| 214 37| 211 43| 211 44| 205 47| 180 41| 161 34| 159 32| 162 26| 162 25"/>
                                                  <Edge fillStyle0="3" fillStyle1="1" edges="! 237 108| 233 110"/>
                                                  <Edge fillStyle0="3" fillStyle1="5" edges="! 214 163| 209 166| 203 162| 201 158[ 201 150 209 151[ 217 152 217 159| 214 163"/>
                                                  <Edge fillStyle0="5" fillStyle1="2" edges="! 104 30| 105 33| 113 44| 114 45| 119 43| 122 43[ 146 43 151 35| 152 32| 152 31| 152 25| 152 24"/>
                                                  <Edge fillStyle0="2" fillStyle1="5" edges="! 101 32| 102 47| 104 52| 75 74| 70 71| 70 70| 67 70| 62 66"/>
                                                  <Edge fillStyle0="2" fillStyle1="5" edges="! 52 79| 57 81| 58 80[ 65 75 65 86| 57 104| 44 119| 43 119| 41 121| 40 120| 32 120"/>
                                                  <Edge fillStyle0="2" fillStyle1="5" edges="! 30 131| 32 131| 33 132| 34 131[ 44 127 48 137| 51 161[ 51 170 43 170| 41 170| 35 172"/>
                                                  <Edge fillStyle0="2" fillStyle1="5" edges="! 39 184[ 41 180 51 180[ 60 180 70 216| 65 225| 59 231| 57 232| 56 234"/>
                                                  <Edge fillStyle0="2" fillStyle1="5" edges="! 57 236[ 60 233 65 231[ 69 228 80 239| 99 265| 95 274| 96 276| 90 287"/>
                                             </edges>
                                        </DOMShape>
                                   </elements>
                              </DOMFrame>
                         </frames>
                    </DOMLayer>
               </layers>
          </DOMTimeline>
     </timeline>
</DOMSymbolItem>
