<DOMSymbolItem xmlns="http://ns.adobe.com/xfl/2008/" xmlns:xsi="http://www.w3.org/2001/XMLSchema-instance" name="Symbol 1358" lastModified="1681431985" symbolType="graphic">
     <timeline>
          <DOMTimeline name="Symbol 1358" currentFrame="0">
               <layers>
                    <DOMLayer name="Layer 1">
                         <frames>
                              <DOMFrame index="0" motionTweenScale="false" keyMode="8192">
                                   <elements>
                                        <DOMShape isFloating="true">
                                             <fills>
                                                  <FillStyle index="1">
                                                       <SolidColor color="#cccccc"/>
                                                  </FillStyle>
                                             </fills>
                                             <strokes/>
                                             <edges>
                                                  <Edge fillStyle0="0" fillStyle1="0" strokeStyle="0" edges="! 0 0"/>
                                                  <Edge fillStyle0="0" fillStyle1="1" strokeStyle="0" edges="! 159 -46[ 207 -48 240 -19[ 278 14 278 74| 271 121| 307 150[ 307 162 297 168| 282 172| 239 164[ 212 185 167 185[ 83 185 54 144[ 39 122 39 86[ 39 27 77 -10[ 110 -43 159 -46"/>
                                                  <Edge fillStyle0="0" fillStyle1="1" strokeStyle="0" edges="! 220 72[ 220 52 201 36[ 182 20 159 16[ 97 8 97 84[ 97 103 111 114[ 124 124 145 124| 182 124| 163 104[ 163 60 219 88| 220 72"/>
                                             </edges>
                                        </DOMShape>
                                   </elements>
                              </DOMFrame>
                         </frames>
                    </DOMLayer>
                    <DOMLayer name="Layer 2">
                         <frames>
                              <DOMFrame index="0" motionTweenScale="false" keyMode="8192">
                                   <elements>
                                        <DOMShape isFloating="true">
                                             <fills>
                                                  <FillStyle index="1">
                                                       <SolidColor color="#000000"/>
                                                  </FillStyle>
                                             </fills>
                                             <strokes/>
                                             <edges>
                                                  <Edge fillStyle1="1" edges="! 160 -93[ 233 -91 286 -48[ 318 -22 333 14[ 354 48 354 94[ 354 131 331 167| 327 172| 324 178[ 289 243 186 243[ 67 243 11 169[ -18 132 -23 90[ -23 -1 35 -50[ 85 -94 160 -93"/>
                                             </edges>
                                        </DOMShape>
                                   </elements>
                              </DOMFrame>
                         </frames>
                    </DOMLayer>
               </layers>
          </DOMTimeline>
     </timeline>
</DOMSymbolItem>
