<DOMSymbolItem xmlns="http://ns.adobe.com/xfl/2008/" xmlns:xsi="http://www.w3.org/2001/XMLSchema-instance" name="Symbol 1460" lastModified="1681431985">
     <timeline>
          <DOMTimeline name="Symbol 1460">
               <layers>
                    <DOMLayer name="Script Layer" color="#93aa74">
                         <frames>
                              <DOMFrame index="0" keyMode="9728">
                                   <Actionscript>
                                        <script>stop();
</script>
                                   </Actionscript>
                                   <elements/>
                              </DOMFrame>
                         </frames>
                    </DOMLayer>
                    <DOMLayer name="Layer 2" color="#b421cf">
                         <frames>
                              <DOMFrame index="0" duration="4" keyMode="9728">
                                   <elements/>
                              </DOMFrame>
                              <DOMFrame index="4" keyMode="9728">
                                   <elements>
                                        <DOMSymbolInstance libraryItemName="Symbol 463" symbolType="graphic" loop="loop">
                                             <matrix>
                                                  <Matrix tx="-0.75" ty="-11.55" a="0.5448760986328125" d="0.5448760986328125"/>
                                             </matrix>
                                             <transformationPoint>
                                                  <Point/>
                                             </transformationPoint>
                                             <color>
                                                  <Color redMultiplier="0.0" greenMultiplier="0.0" blueMultiplier="0.0" redOffset="255" greenOffset="204"/>
                                             </color>
                                        </DOMSymbolInstance>
                                   </elements>
                              </DOMFrame>
                              <DOMFrame index="5" keyMode="9728">
                                   <elements>
                                        <DOMSymbolInstance libraryItemName="Symbol 466" symbolType="graphic" loop="loop">
                                             <matrix>
                                                  <Matrix tx="-0.75" ty="-11.55" a="0.5448760986328125" d="0.5448760986328125"/>
                                             </matrix>
                                             <transformationPoint>
                                                  <Point/>
                                             </transformationPoint>
                                             <color>
                                                  <Color redMultiplier="0.0" greenMultiplier="0.0" blueMultiplier="0.0" redOffset="255" greenOffset="204"/>
                                             </color>
                                        </DOMSymbolInstance>
                                   </elements>
                              </DOMFrame>
                              <DOMFrame index="6" keyMode="9728">
                                   <elements>
                                        <DOMSymbolInstance libraryItemName="Symbol 467" symbolType="graphic" loop="loop">
                                             <matrix>
                                                  <Matrix tx="-0.75" ty="-11.55" a="0.5448760986328125" d="0.5448760986328125"/>
                                             </matrix>
                                             <transformationPoint>
                                                  <Point/>
                                             </transformationPoint>
                                             <color>
                                                  <Color redMultiplier="0.0" greenMultiplier="0.0" blueMultiplier="0.0" redOffset="255" greenOffset="204"/>
                                             </color>
                                        </DOMSymbolInstance>
                                   </elements>
                              </DOMFrame>
                              <DOMFrame index="7" keyMode="9728">
                                   <elements>
                                        <DOMSymbolInstance libraryItemName="Symbol 468" symbolType="graphic" loop="loop">
                                             <matrix>
                                                  <Matrix tx="-0.75" ty="-11.55" a="0.5448760986328125" d="0.5448760986328125"/>
                                             </matrix>
                                             <transformationPoint>
                                                  <Point/>
                                             </transformationPoint>
                                             <color>
                                                  <Color redMultiplier="0.0" greenMultiplier="0.0" blueMultiplier="0.0" redOffset="255" greenOffset="204"/>
                                             </color>
                                        </DOMSymbolInstance>
                                   </elements>
                              </DOMFrame>
                              <DOMFrame index="8" keyMode="9728">
                                   <elements>
                                        <DOMSymbolInstance libraryItemName="Symbol 469" symbolType="graphic" loop="loop">
                                             <matrix>
                                                  <Matrix tx="-0.75" ty="-11.55" a="0.5448760986328125" d="0.5448760986328125"/>
                                             </matrix>
                                             <transformationPoint>
                                                  <Point/>
                                             </transformationPoint>
                                             <color>
                                                  <Color redMultiplier="0.0" greenMultiplier="0.0" blueMultiplier="0.0" redOffset="255" greenOffset="204"/>
                                             </color>
                                        </DOMSymbolInstance>
                                   </elements>
                              </DOMFrame>
                              <DOMFrame index="9" keyMode="9728">
                                   <elements>
                                        <DOMSymbolInstance libraryItemName="Symbol 470" symbolType="graphic" loop="loop">
                                             <matrix>
                                                  <Matrix tx="-0.75" ty="-11.55" a="0.5448760986328125" d="0.5448760986328125"/>
                                             </matrix>
                                             <transformationPoint>
                                                  <Point/>
                                             </transformationPoint>
                                             <color>
                                                  <Color redMultiplier="0.0" greenMultiplier="0.0" blueMultiplier="0.0" redOffset="255" greenOffset="204"/>
                                             </color>
                                        </DOMSymbolInstance>
                                   </elements>
                              </DOMFrame>
                              <DOMFrame index="10" keyMode="9728">
                                   <elements>
                                        <DOMSymbolInstance libraryItemName="Symbol 471" symbolType="graphic" loop="loop">
                                             <matrix>
                                                  <Matrix tx="-0.75" ty="-11.55" a="0.5448760986328125" d="0.5448760986328125"/>
                                             </matrix>
                                             <transformationPoint>
                                                  <Point/>
                                             </transformationPoint>
                                             <color>
                                                  <Color redMultiplier="0.0" greenMultiplier="0.0" blueMultiplier="0.0" redOffset="255" greenOffset="204"/>
                                             </color>
                                        </DOMSymbolInstance>
                                   </elements>
                              </DOMFrame>
                              <DOMFrame index="11" keyMode="9728">
                                   <elements>
                                        <DOMSymbolInstance libraryItemName="Symbol 472" symbolType="graphic" loop="loop">
                                             <matrix>
                                                  <Matrix tx="-0.75" ty="-11.55" a="0.5448760986328125" d="0.5448760986328125"/>
                                             </matrix>
                                             <transformationPoint>
                                                  <Point/>
                                             </transformationPoint>
                                             <color>
                                                  <Color redMultiplier="0.0" greenMultiplier="0.0" blueMultiplier="0.0" redOffset="255" greenOffset="204"/>
                                             </color>
                                        </DOMSymbolInstance>
                                   </elements>
                              </DOMFrame>
                              <DOMFrame index="12" keyMode="9728">
                                   <elements>
                                        <DOMSymbolInstance libraryItemName="Symbol 473" symbolType="graphic" loop="loop">
                                             <matrix>
                                                  <Matrix tx="-0.75" ty="-11.55" a="0.5448760986328125" d="0.5448760986328125"/>
                                             </matrix>
                                             <transformationPoint>
                                                  <Point/>
                                             </transformationPoint>
                                             <color>
                                                  <Color redMultiplier="0.0" greenMultiplier="0.0" blueMultiplier="0.0" redOffset="255" greenOffset="204"/>
                                             </color>
                                        </DOMSymbolInstance>
                                   </elements>
                              </DOMFrame>
                              <DOMFrame index="13" keyMode="9728">
                                   <elements>
                                        <DOMSymbolInstance libraryItemName="Symbol 474" symbolType="graphic" loop="loop">
                                             <matrix>
                                                  <Matrix tx="-0.75" ty="-11.55" a="0.5448760986328125" d="0.5448760986328125"/>
                                             </matrix>
                                             <transformationPoint>
                                                  <Point/>
                                             </transformationPoint>
                                             <color>
                                                  <Color redMultiplier="0.0" greenMultiplier="0.0" blueMultiplier="0.0" redOffset="255" greenOffset="204"/>
                                             </color>
                                        </DOMSymbolInstance>
                                   </elements>
                              </DOMFrame>
                              <DOMFrame index="14" keyMode="9728">
                                   <elements>
                                        <DOMSymbolInstance libraryItemName="Symbol 475" symbolType="graphic" loop="loop">
                                             <matrix>
                                                  <Matrix tx="-0.75" ty="-11.55" a="0.5448760986328125" d="0.5448760986328125"/>
                                             </matrix>
                                             <transformationPoint>
                                                  <Point/>
                                             </transformationPoint>
                                             <color>
                                                  <Color redMultiplier="0.0" greenMultiplier="0.0" blueMultiplier="0.0" redOffset="255" greenOffset="204"/>
                                             </color>
                                        </DOMSymbolInstance>
                                   </elements>
                              </DOMFrame>
                              <DOMFrame index="15" keyMode="9728">
                                   <elements>
                                        <DOMSymbolInstance libraryItemName="Symbol 476" symbolType="graphic" loop="loop">
                                             <matrix>
                                                  <Matrix tx="-0.75" ty="-11.55" a="0.5448760986328125" d="0.5448760986328125"/>
                                             </matrix>
                                             <transformationPoint>
                                                  <Point/>
                                             </transformationPoint>
                                             <color>
                                                  <Color redMultiplier="0.0" greenMultiplier="0.0" blueMultiplier="0.0" redOffset="255" greenOffset="204"/>
                                             </color>
                                        </DOMSymbolInstance>
                                   </elements>
                              </DOMFrame>
                              <DOMFrame index="16" keyMode="9728">
                                   <elements>
                                        <DOMSymbolInstance libraryItemName="Symbol 477" symbolType="graphic" loop="loop">
                                             <matrix>
                                                  <Matrix tx="-0.75" ty="-11.55" a="0.5448760986328125" d="0.5448760986328125"/>
                                             </matrix>
                                             <transformationPoint>
                                                  <Point/>
                                             </transformationPoint>
                                             <color>
                                                  <Color redMultiplier="0.0" greenMultiplier="0.0" blueMultiplier="0.0" redOffset="255" greenOffset="204"/>
                                             </color>
                                        </DOMSymbolInstance>
                                   </elements>
                              </DOMFrame>
                              <DOMFrame index="17" keyMode="9728">
                                   <elements>
                                        <DOMSymbolInstance libraryItemName="Symbol 478" symbolType="graphic" loop="loop">
                                             <matrix>
                                                  <Matrix tx="-0.75" ty="-11.55" a="0.5448760986328125" d="0.5448760986328125"/>
                                             </matrix>
                                             <transformationPoint>
                                                  <Point/>
                                             </transformationPoint>
                                             <color>
                                                  <Color redMultiplier="0.0" greenMultiplier="0.0" blueMultiplier="0.0" redOffset="255" greenOffset="204"/>
                                             </color>
                                        </DOMSymbolInstance>
                                   </elements>
                              </DOMFrame>
                              <DOMFrame index="18" keyMode="9728">
                                   <elements>
                                        <DOMSymbolInstance libraryItemName="Symbol 479" symbolType="graphic" loop="loop">
                                             <matrix>
                                                  <Matrix tx="-0.75" ty="-11.55" a="0.5448760986328125" d="0.5448760986328125"/>
                                             </matrix>
                                             <transformationPoint>
                                                  <Point/>
                                             </transformationPoint>
                                             <color>
                                                  <Color redMultiplier="0.0" greenMultiplier="0.0" blueMultiplier="0.0" redOffset="255" greenOffset="204"/>
                                             </color>
                                        </DOMSymbolInstance>
                                   </elements>
                              </DOMFrame>
                              <DOMFrame index="19" duration="2" keyMode="9728">
                                   <elements/>
                              </DOMFrame>
                         </frames>
                    </DOMLayer>
                    <DOMLayer name="Layer 3" color="#fa44bc" current="true" isSelected="true">
                         <frames>
                              <DOMFrame index="0" duration="2" keyMode="9728">
                                   <elements>
                                        <DOMSymbolInstance libraryItemName="Symbol 1459" centerPoint3DX="11.05" centerPoint3DY="18.45">
                                             <matrix>
                                                  <Matrix tx="0.0" ty="0.0"/>
                                             </matrix>
                                             <transformationPoint>
                                                  <Point/>
                                             </transformationPoint>
                                        </DOMSymbolInstance>
                                   </elements>
                              </DOMFrame>
                              <DOMFrame index="2" duration="2" keyMode="9728">
                                   <elements>
                                        <DOMSymbolInstance libraryItemName="Symbol 1459" centerPoint3DX="8.7" centerPoint3DY="24.1">
                                             <matrix>
                                                  <Matrix tx="-2.35" ty="5.65" a="1.212677001953125" d="0.8563690185546875"/>
                                             </matrix>
                                             <transformationPoint>
                                                  <Point/>
                                             </transformationPoint>
                                        </DOMSymbolInstance>
                                   </elements>
                              </DOMFrame>
                              <DOMFrame index="4" duration="2" keyMode="9728">
                                   <elements>
                                        <DOMSymbolInstance libraryItemName="Symbol 1459" centerPoint3DX="13.7" centerPoint3DY="8.55">
                                             <matrix>
                                                  <Matrix tx="2.65" ty="-9.9" a="0.7601776123046875" d="1.29266357421875"/>
                                             </matrix>
                                             <transformationPoint>
                                                  <Point/>
                                             </transformationPoint>
                                             <color>
                                                  <Color redMultiplier="0.7265625" greenMultiplier="0.7265625" blueMultiplier="0.7265625" redOffset="69" greenOffset="55"/>
                                             </color>
                                        </DOMSymbolInstance>
                                   </elements>
                              </DOMFrame>
                              <DOMFrame index="6" duration="2" keyMode="9728">
                                   <elements>
                                        <DOMSymbolInstance libraryItemName="Symbol 1459" centerPoint3DX="10.7" centerPoint3DY="21.15">
                                             <matrix>
                                                  <Matrix tx="-0.35" ty="2.7" a="1.0355682373046875" d="0.9597625732421875"/>
                                             </matrix>
                                             <transformationPoint>
                                                  <Point/>
                                             </transformationPoint>
                                             <color>
                                                  <Color/>
                                             </color>
                                        </DOMSymbolInstance>
                                   </elements>
                              </DOMFrame>
                              <DOMFrame index="8" duration="2" keyMode="9728">
                                   <elements>
                                        <DOMSymbolInstance libraryItemName="Symbol 1459" centerPoint3DX="11.95" centerPoint3DY="15.5">
                                             <matrix>
                                                  <Matrix tx="0.9" ty="-2.95" a="0.918548583984375" d="1.0867156982421875"/>
                                             </matrix>
                                             <transformationPoint>
                                                  <Point/>
                                             </transformationPoint>
                                             <color>
                                                  <Color redMultiplier="0.8671875" greenMultiplier="0.8671875" blueMultiplier="0.8671875" redOffset="33" greenOffset="27"/>
                                             </color>
                                        </DOMSymbolInstance>
                                   </elements>
                              </DOMFrame>
                              <DOMFrame index="10" duration="11" keyMode="9728">
                                   <elements>
                                        <DOMSymbolInstance libraryItemName="Symbol 1459" centerPoint3DX="11.05" centerPoint3DY="18.45">
                                             <matrix>
                                                  <Matrix tx="0.0" ty="0.0"/>
                                             </matrix>
                                             <transformationPoint>
                                                  <Point/>
                                             </transformationPoint>
                                             <color>
                                                  <Color/>
                                             </color>
                                        </DOMSymbolInstance>
                                   </elements>
                              </DOMFrame>
                         </frames>
                    </DOMLayer>
               </layers>
          </DOMTimeline>
     </timeline>
</DOMSymbolItem>
