<DOMSymbolItem xmlns="http://ns.adobe.com/xfl/2008/" xmlns:xsi="http://www.w3.org/2001/XMLSchema-instance" name="Symbol 1819" lastModified="1681431985" symbolType="graphic">
     <timeline>
          <DOMTimeline name="Symbol 1819" currentFrame="0">
               <layers>
                    <DOMLayer name="Layer 1">
                         <frames>
                              <DOMFrame index="0" motionTweenScale="false" keyMode="8192">
                                   <elements>
                                        <DOMShape isFloating="true">
                                             <fills>
                                                  <FillStyle index="1">
                                                       <SolidColor color="#4d3833"/>
                                                  </FillStyle>
                                                  <FillStyle index="2">
                                                       <SolidColor color="#59403b"/>
                                                  </FillStyle>
                                                  <FillStyle index="3">
                                                       <SolidColor color="#473430"/>
                                                  </FillStyle>
                                             </fills>
                                             <strokes/>
                                             <edges>
                                                  <Edge fillStyle1="3" edges="! 297 160[ 287 193 267 207| 207 251[ 147 288 96 288[ -27 288 -27 144[ -27 60 25 11[ 70 -31 139 -32[ 205 -33 252 5[ 304 47 304 114| 297 160"/>
                                                  <Edge fillStyle0="1" fillStyle1="2" edges="! 120 119[ 106 144 79 144[ 48 144 35 115[ 28 100 28 83[ 28 57 43 44[ 56 22 89 23[ 144 26 144 65| 145 65[ 172 62 172 92[ 172 118 149 118[ 136 118 128 110| 120 119"/>
                                                  <Edge fillStyle0="3" fillStyle1="1" edges="! 196 23[ 231 50 231 99[ 231 128 188 165[ 136 210 69 210[ 25 210 12 163| 7 116[ 7 64 42 32[ 73 3 119 1[ 164 -1 196 23"/>
                                                  <Edge fillStyle0="3" fillStyle1="1" edges="! 71 163| 102 154| 105 153[ 68 155 57 144[ 56 163 71 163"/>
                                             </edges>
                                        </DOMShape>
                                   </elements>
                              </DOMFrame>
                         </frames>
                    </DOMLayer>
               </layers>
          </DOMTimeline>
     </timeline>
</DOMSymbolItem>
