<DOMSymbolItem xmlns="http://ns.adobe.com/xfl/2008/" xmlns:xsi="http://www.w3.org/2001/XMLSchema-instance" name="Symbol 1421" lastModified="1681431985" symbolType="graphic">
     <timeline>
          <DOMTimeline name="Symbol 1421" currentFrame="0">
               <layers>
                    <DOMLayer name="Layer 1">
                         <frames>
                              <DOMFrame index="0" motionTweenScale="false" keyMode="8192">
                                   <elements>
                                        <DOMShape isFloating="true">
                                             <fills>
                                                  <FillStyle index="1">
                                                       <SolidColor color="#7e1212"/>
                                                  </FillStyle>
                                             </fills>
                                             <strokes/>
                                             <edges>
                                                  <Edge fillStyle1="1" edges="! 909 355[ 889 368 854 368| 839 368| 813 373[ 768 373 754 323| 684 333| 618 343| 574 339| 563 328[ 586 306 632 310| 675 319[ 699 319 739 295| 804 254[ 857 224 870 276[ 930 274 930 320[ 930 342 909 355"/>
                                                  <Edge fillStyle1="1" edges="! 1055 94[ 1055 207 800 216[ 799 242 785 257[ 758 285 683 285[ 615 285 586 258[ 568 242 568 224[ 568 204 595 185[ 560 181 547 165| 544 152| 523 161| 523 170[ 523 187 504 196| 470 203[ 455 203 447 189| 442 180| 364 184[ 194 184 194 122[ 194 72 276 48| 276 47[ 276 17 297 9| 370 4[ 427 4 444 18| 450 28| 532 37[ 595 52 595 83| 589 110| 608 109| 616 109[ 626 65 683 36[ 744 5 835 1[ 923 -3 986 21[ 1055 47 1055 94"/>
                                                  <Edge fillStyle1="1" edges="! 547 363[ 535 375 518 375[ 510 375 500 366| 486 358| 492 382[ 492 438 463 455[ 430 474 313 474[ 125 474 78 447[ 64 439 64 410[ 64 366 131 337| 154 328[ 109 326 93 305| 86 279| 87 267| 84 250[ 84 207 131 207| 146 208| 196 196[ 306 180 306 231| 342 231[ 446 236 465 271| 486 271[ 559 277 559 333[ 559 350 547 363"/>
                                                  <Edge fillStyle1="1" edges="! 135 53[ 173 57 173 86| 163 108[ 151 124 134 124[ 110 124 101 106| 96 87[ 96 49 135 53"/>
                                                  <Edge fillStyle1="1" edges="! 35 310[ 69 310 69 340[ 69 355 57 364[ 47 371 34 371[ 9 371 2 352| 0 339[ 0 311 35 310"/>
                                             </edges>
                                        </DOMShape>
                                   </elements>
                              </DOMFrame>
                         </frames>
                    </DOMLayer>
               </layers>
          </DOMTimeline>
     </timeline>
</DOMSymbolItem>
