<DOMSymbolItem xmlns="http://ns.adobe.com/xfl/2008/" xmlns:xsi="http://www.w3.org/2001/XMLSchema-instance" name="Symbol 1543" lastModified="1681431985" symbolType="graphic">
     <timeline>
          <DOMTimeline name="Symbol 1543" currentFrame="0">
               <layers>
                    <DOMLayer name="Layer 1">
                         <frames>
                              <DOMFrame index="0" motionTweenScale="false" keyMode="8192">
                                   <elements>
                                        <DOMShape isFloating="true">
                                             <fills>
                                                  <FillStyle index="1">
                                                       <SolidColor color="#000000" alpha="1.0"/>
                                                  </FillStyle>
                                                  <FillStyle index="2">
                                                       <SolidColor color="#cc9999" alpha="1.0"/>
                                                  </FillStyle>
                                             </fills>
                                             <strokes>
                                                  <StrokeStyle index="1">
                                                       <SolidStroke weight="2.0" scaleMode="normal">
                                                            <fill>
                                                                 <SolidColor color="#000000"/>
                                                            </fill>
                                                       </SolidStroke>
                                                  </StrokeStyle>
                                             </strokes>
                                             <edges>
                                                  <Edge fillStyle0="2" fillStyle1="1" edges="! 304 -52| 260 -29| 234 -8| 233 -6| 220 8[ 155 86 155 140[ 155 195 169 195[ 205 195 237 158| 237 139[ 237 46 286 -1| 288 7| 278 68[ 267 130 267 169| 272 191| 277 212| 273 223| 273 224| 273 238| 253 347[ 253 367 348 367| 368 358[ 368 292 380 264| 354 264[ 330 264 319 252[ 312 245 312 237[ 312 228 338 228| 440 230[ 456 230 456 243[ 456 258 402 263| 405 313| 404 350| 403 357| 419 352| 419 355| 429 355| 477 352| 505 342| 497 288| 498 283| 499 250| 498 226[ 533 216 533 192[ 533 150 495 57[ 443 -69 372 -69| 310 -55| 304 -52"/>
                                                  <Edge fillStyle0="0" fillStyle1="1" strokeStyle="1" edges="! 253 -70| 260 -73| 306 -98[ 370 -123 424 -104| 477 -58| 509 -13[ 519 0 543 75| 568 168[ 568 199 555 222[ 545 242 527 251[ 546 288 546 338[ 546 397 430 397| 401 394| 395 397[ 360 411 285 411[ 244 411 221 393[ 205 381 205 370[ 205 286 233 221[ 205 236 170 236[ 129 236 118 207| 113 177[ 113 94 138 44[ 156 7 193 -23[ 205 -45 253 -70"/>
                                             </edges>
                                        </DOMShape>
                                   </elements>
                              </DOMFrame>
                         </frames>
                    </DOMLayer>
               </layers>
          </DOMTimeline>
     </timeline>
</DOMSymbolItem>
