<DOMSymbolItem xmlns="http://ns.adobe.com/xfl/2008/" xmlns:xsi="http://www.w3.org/2001/XMLSchema-instance" name="Symbol 1565" lastModified="1681431985">
     <timeline>
          <DOMTimeline name="Symbol 1565">
               <layers>
                    <DOMLayer name="Script Layer" color="#bfed93">
                         <frames>
                              <DOMFrame index="0" keyMode="9728">
                                   <Actionscript>
                                        <script>stop();
</script>
                                   </Actionscript>
                                   <elements/>
                              </DOMFrame>
                         </frames>
                    </DOMLayer>
                    <DOMLayer name="Layer 2" color="#7db690">
                         <frames>
                              <DOMFrame index="0" duration="2" keyMode="9728">
                                   <elements>
                                        <DOMSymbolInstance libraryItemName="Symbol 1535" name="bb" centerPoint3DX="12.2" centerPoint3DY="8.5">
                                             <matrix>
                                                  <Matrix tx="-19.5" ty="-17.95"/>
                                             </matrix>
                                             <transformationPoint>
                                                  <Point/>
                                             </transformationPoint>
                                        </DOMSymbolInstance>
                                   </elements>
                              </DOMFrame>
                         </frames>
                    </DOMLayer>
                    <DOMLayer name="Layer 3" color="#f108f1" current="true" isSelected="true">
                         <frames>
                              <DOMFrame index="0" keyMode="9728">
                                   <elements>
                                        <DOMShape isFloating="true">
                                             <fills>
                                                  <FillStyle index="1">
                                                       <SolidColor color="#000000" alpha="1.0"/>
                                                  </FillStyle>
                                                  <FillStyle index="2">
                                                       <SolidColor color="#271a14" alpha="0.3019608"/>
                                                  </FillStyle>
                                                  <FillStyle index="3">
                                                       <SolidColor color="#3d5966" alpha="1.0"/>
                                                  </FillStyle>
                                             </fills>
                                             <strokes>
                                                  <StrokeStyle index="1">
                                                       <SolidStroke weight="2.0" scaleMode="normal">
                                                            <fill>
                                                                 <SolidColor color="#000000"/>
                                                            </fill>
                                                       </SolidStroke>
                                                  </StrokeStyle>
                                             </strokes>
                                             <edges>
                                                  <Edge fillStyle0="3" fillStyle1="1" edges="! 16 -401| -46 -387| -52 -384| -96 -361| -122 -340| -123 -338| -136 -324[ -201 -246 -201 -192[ -201 -137 -187 -137[ -134 -137 -91 -216[ -48 -295 -31 -295[ -18 -295 -18 -280[ -44 -187 -86 -141[ -83 -126 -83 -94| -103 15[ -103 35 -8 35[ 23 35 26 -28[ 27 -48 33 -62| 7 -68[ -10 -73 -14 -77[ -4 -94 33 -92| 60 -88| 74 -91| 90 -95| 114 -98| 137 -105[ 177 -115 177 -140[ 177 -182 139 -275[ 87 -401 16 -401"/>
                                                  <Edge fillStyle0="0" fillStyle1="1" strokeStyle="1" edges="! -132 -86| -123 -111[ -151 -96 -186 -96[ -227 -96 -238 -125| -243 -155[ -243 -238 -218 -288[ -200 -325 -163 -355[ -151 -377 -103 -402| -96 -405[ -82 -418 -50 -430[ 14 -455 68 -436[ 99 -416 121 -390| 153 -345[ 163 -332 187 -257| 212 -164[ 212 -133 199 -110[ 190 -91 173 -82"/>
                                                  <Edge fillStyle0="0" fillStyle1="2" strokeStyle="0" edges="! 173 -82| 247 -59[ 345 -19 345 38[ 345 95 247 135[ 149 175 11 175[ -127 175 -225 135[ -323 95 -323 38[ -323 -19 -225 -59[ -182 -76 -132 -86"/>
                                                  <Edge fillStyle0="1" fillStyle1="2" strokeStyle="1" edges="! -132 -86[ -151 -30 -151 38[ -151 49 -135 61[ -112 79 -71 79[ 4 79 39 65| 45 62| 74 65[ 190 65 190 6[ 190 -44 171 -81| 173 -82"/>
                                                  <Edge fillStyle0="3" fillStyle1="1" strokeStyle="0" edges="! 129 -72| 124 -72| 107 -64| 63 -52| 63 23| 73 23| 121 20| 149 10[ 139 -46 139 -65| 139 -72| 129 -72"/>
                                             </edges>
                                        </DOMShape>
                                   </elements>
                              </DOMFrame>
                              <DOMFrame index="1" keyMode="9728">
                                   <elements>
                                        <DOMSymbolInstance libraryItemName="Symbol 1564" name="d" centerPoint3DX="-0.9" centerPoint3DY="-0.65">
                                             <matrix>
                                                  <Matrix tx="-17.8" ty="-16.6"/>
                                             </matrix>
                                             <transformationPoint>
                                                  <Point/>
                                             </transformationPoint>
                                        </DOMSymbolInstance>
                                   </elements>
                              </DOMFrame>
                         </frames>
                    </DOMLayer>
               </layers>
          </DOMTimeline>
     </timeline>
</DOMSymbolItem>
