<DOMSymbolItem xmlns="http://ns.adobe.com/xfl/2008/" xmlns:xsi="http://www.w3.org/2001/XMLSchema-instance" name="Symbol 2246" lastModified="1681431985">
     <timeline>
          <DOMTimeline name="Symbol 2246">
               <layers>
                    <DOMLayer name="Layer 1" color="#10b0c1" current="true" isSelected="true">
                         <frames>
                              <DOMFrame index="0" keyMode="9728">
                                   <elements>
                                        <DOMShape isFloating="true">
                                             <fills>
                                                  <FillStyle index="1">
                                                       <SolidColor color="#990000"/>
                                                  </FillStyle>
                                             </fills>
                                             <strokes/>
                                             <edges>
                                                  <Edge fillStyle1="1" edges="! 128 16| 107 22[ 97 25 85 39| 92 38| 110 36[ 137 36 148 54| 153 73| 148 92| 146 96| 172 100[ 197 115 197 161[ 198 207 180 196[ 177 194 179 187| 184 166[ 186 156 180 139| 178 145| 170 161[ 156 185 136 185| 116 181| 103 166| 100 169[ 82 192 35 185[ -10 180 3 164[ 6 161 12 164| 33 172[ 43 176 60 172| 54 169| 39 159[ 18 142 21 121[ 22 111 29 103| 44 91| 70 93| 66 90[ 56 79 56 66[ 56 36 96 13[ 135 -11 135 10| 128 16"/>
                                                  <Edge fillStyle1="1" edges="! 121 107| 76 98[ 98 116 105 134[ 115 116 127 107| 121 107"/>
                                                  <Edge fillStyle1="1" edges="! 137 121| 125 137[ 120 147 123 155| 127 163| 137 162| 153 146[ 159 129 146 122| 137 121"/>
                                                  <Edge fillStyle1="1" edges="! 132 73| 127 64[ 119 57 105 59[ 87 62 87 77| 91 85| 111 87| 128 81| 132 73"/>
                                                  <Edge fillStyle1="1" edges="! 53 113| 45 116| 43 126[ 45 137 57 144| 82 141| 84 133| 70 118[ 61 111 53 113"/>
                                             </edges>
                                        </DOMShape>
                                   </elements>
                              </DOMFrame>
                              <DOMFrame index="1" keyMode="9728">
                                   <elements>
                                        <DOMShape isFloating="true">
                                             <fills>
                                                  <FillStyle index="1">
                                                       <SolidColor color="#990000"/>
                                                  </FillStyle>
                                             </fills>
                                             <strokes/>
                                             <edges>
                                                  <Edge fillStyle0="1" edges="! 408 176| 401 156| 391 162| 381 163| 377 155[ 374 147 378 137| 388 123| 386 119| 378 108| 358 134[ 350 116 328 98[ 344 107 373 107| 377 107| 362 87| 342 85| 338 77[ 338 68 344 63| 336 53| 320 32[ 306 48 307 66[ 307 79 317 90| 322 93| 296 91| 281 103[ 274 111 274 121[ 271 142 293 159| 309 169| 315 172[ 298 176 288 172| 266 164[ 260 161 257 164[ 245 180 290 185[ 337 192 355 169| 357 166| 371 181| 391 185| 409 180| 408 176"/>
                                                  <Edge fillStyle0="0" fillStyle1="1" edges="! 305 113| 297 116[ 295 119 296 126[ 298 137 311 144[ 327 153 335 141| 337 133| 323 118| 305 113"/>
                                             </edges>
                                        </DOMShape>
                                   </elements>
                              </DOMFrame>
                              <DOMFrame index="2" keyMode="9728">
                                   <elements/>
                              </DOMFrame>
                              <DOMFrame index="3" keyMode="9728">
                                   <elements>
                                        <DOMShape isFloating="true">
                                             <fills>
                                                  <FillStyle index="1">
                                                       <SolidColor color="#990000"/>
                                                  </FillStyle>
                                             </fills>
                                             <strokes/>
                                             <edges>
                                                  <Edge fillStyle1="1" edges="! -86 103[ -79 111 -79 121[ -76 142 -98 159| -114 169| -120 172[ -103 176 -93 172| -71 164[ -65 161 -62 164[ -50 180 -95 185[ -142 192 -160 169| -162 166| -176 181| -196 185| -214 180| -213 176| -206 156| -196 162| -186 163| -182 155[ -179 147 -183 137| -193 123| -191 119| -183 108| -163 134| -133 98[ -149 107 -178 107| -182 107| -167 87| -147 85| -143 77[ -143 68 -149 63| -141 53| -125 32[ -111 48 -112 66[ -112 79 -122 90| -124 92| -101 91| -86 103"/>
                                                  <Edge fillStyle0="1" fillStyle1="0" edges="! -110 113| -102 116[ -100 119 -101 126[ -103 137 -116 144[ -132 153 -140 141| -142 133| -128 118| -110 113"/>
                                             </edges>
                                        </DOMShape>
                                   </elements>
                              </DOMFrame>
                         </frames>
                    </DOMLayer>
               </layers>
          </DOMTimeline>
     </timeline>
</DOMSymbolItem>
