<DOMSymbolItem xmlns="http://ns.adobe.com/xfl/2008/" xmlns:xsi="http://www.w3.org/2001/XMLSchema-instance" name="Symbol 1666" lastModified="1681431985" symbolType="graphic">
     <timeline>
          <DOMTimeline name="Symbol 1666" currentFrame="0">
               <layers>
                    <DOMLayer name="Layer 1">
                         <frames>
                              <DOMFrame index="0" motionTweenScale="false" keyMode="8192">
                                   <elements>
                                        <DOMShape isFloating="true">
                                             <fills>
                                                  <FillStyle index="1">
                                                       <SolidColor color="#000000"/>
                                                  </FillStyle>
                                                  <FillStyle index="2">
                                                       <SolidColor color="#646464"/>
                                                  </FillStyle>
                                                  <FillStyle index="3">
                                                       <SolidColor color="#808080"/>
                                                  </FillStyle>
                                             </fills>
                                             <strokes/>
                                             <edges>
                                                  <Edge fillStyle0="1" edges="! 834 303| 805 282| 807 266[ 807 202 699 117[ 589 30 436 12| 310 12[ 156 30 46 117[ -62 202 -62 266| -60 282| -89 303[ -176 374 -176 433| -174 448[ -166 461 -140 461| -44 419| 22 388| 87 425| 101 432| 100 437| 101 507[ 108 576 140 576| 259 484| 352 492| 373 492| 393 492| 486 484[ 521 514 605 576[ 637 576 644 507| 645 437| 644 432| 658 425| 723 388| 789 419| 885 461[ 911 461 919 448| 921 433[ 921 374 834 303"/>
                                                  <Edge fillStyle0="1" fillStyle1="2" edges="! 599 376[ 577 396 545 403[ 474 430 397 431| 397 430| 373 431| 348 430| 348 431[ 271 430 200 403[ 168 396 146 376| 145 376| 112 356[ 19 295 19 263[ 19 251 109 152[ 191 59 355 68| 372 64| 390 68[ 554 59 636 152[ 726 251 726 263[ 726 295 633 356| 600 376| 599 376"/>
                                                  <Edge fillStyle0="2" fillStyle1="3" edges="! 385 113[ 433 127 433 162[ 433 195 399 236[ 344 300 238 300[ 181 300 148 257[ 127 229 127 211[ 127 133 280 110| 385 113"/>
                                             </edges>
                                        </DOMShape>
                                   </elements>
                              </DOMFrame>
                         </frames>
                    </DOMLayer>
               </layers>
          </DOMTimeline>
     </timeline>
</DOMSymbolItem>
