<DOMSymbolItem xmlns="http://ns.adobe.com/xfl/2008/" xmlns:xsi="http://www.w3.org/2001/XMLSchema-instance" name="Symbol 1754" lastModified="1681431985">
     <timeline>
          <DOMTimeline name="Symbol 1754">
               <layers>
                    <DOMLayer name="Layer 1" color="#b30ae4" current="true" isSelected="true">
                         <frames>
                              <DOMFrame index="0" keyMode="9728">
                                   <elements>
                                        <DOMShape isFloating="true">
                                             <fills>
                                                  <FillStyle index="1">
                                                       <SolidColor color="#5f1818"/>
                                                  </FillStyle>
                                             </fills>
                                             <strokes/>
                                             <edges>
                                                  <Edge fillStyle1="1" edges="! 686 55| 663 73[ 715 92 749 124[ 803 172 798 231[ 794 271 751 316[ 767 331 765 350| 755 381[ 745 399 726 397| 674 375[ 566 441 405 431[ 258 421 167 392[ 152 413 128 411[ 104 410 96 396| 88 387| 88 369| 94 361| 56 334[ 13 295 19 235[ 25 160 82 121| 90 116[ 34 86 36 70[ 37 57 53 48| 108 40| 189 74[ 250 54 340 37| 469 43| 543 48[ 562 33 592 17[ 637 -7 656 4[ 691 1 686 55"/>
                                                  <Edge fillStyle1="1" edges="! 681 158[ 643 134 587 123| 477 192| 484 195| 681 270| 697 277[ 732 249 734 226[ 737 192 681 158"/>
                                                  <Edge fillStyle1="1" edges="! 485 108| 288 114| 405 163| 485 108"/>
                                                  <Edge fillStyle1="1" edges="! 571 323[ 450 262 403 240| 233 346| 395 367[ 505 375 597 336| 571 323"/>
                                                  <Edge fillStyle1="1" edges="! 161 150[ 89 185 83 243[ 80 281 135 311| 150 319[ 209 280 324 210| 200 165| 161 150"/>
                                             </edges>
                                        </DOMShape>
                                   </elements>
                              </DOMFrame>
                         </frames>
                    </DOMLayer>
               </layers>
          </DOMTimeline>
     </timeline>
</DOMSymbolItem>
