<DOMSymbolItem xmlns="http://ns.adobe.com/xfl/2008/" xmlns:xsi="http://www.w3.org/2001/XMLSchema-instance" name="Symbol 1926" lastModified="1681431985">
     <timeline>
          <DOMTimeline name="Symbol 1926">
               <layers>
                    <DOMLayer name="Layer 1" color="#bf3ede" current="true" isSelected="true">
                         <frames>
                              <DOMFrame index="0" keyMode="9728">
                                   <elements>
                                        <DOMShape isFloating="true">
                                             <fills>
                                                  <FillStyle index="1">
                                                       <SolidColor color="#333333"/>
                                                  </FillStyle>
                                                  <FillStyle index="2">
                                                       <SolidColor color="#000000"/>
                                                  </FillStyle>
                                                  <FillStyle index="3">
                                                       <SolidColor color="#4d4d4d"/>
                                                  </FillStyle>
                                                  <FillStyle index="4">
                                                       <SolidColor color="#595959"/>
                                                  </FillStyle>
                                             </fills>
                                             <strokes/>
                                             <edges>
                                                  <Edge fillStyle0="1" fillStyle1="2" edges="! 416 314| 422 301[ 430 288 445 288| 452 289| 453 293| 427 320"/>
                                                  <Edge fillStyle0="1" fillStyle1="3" edges="! 427 320| 444 338"/>
                                                  <Edge fillStyle0="1" fillStyle1="2" edges="! 444 338| 497 327| 512 329[ 460 268 380 280[ 227 309 178 374[ 149 413 149 493| 157 485| 168 477"/>
                                                  <Edge fillStyle0="1" fillStyle1="3" edges="! 168 477| 168 471[ 168 362 241 334| 268 325"/>
                                                  <Edge fillStyle0="1" fillStyle1="2" edges="! 268 325| 267 321[ 267 308 287 319"/>
                                                  <Edge fillStyle0="1" fillStyle1="3" edges="! 287 319| 416 314"/>
                                                  <Edge fillStyle0="2" fillStyle1="3" edges="! 416 314| 416 316| 421 325| 427 320"/>
                                                  <Edge fillStyle0="4" fillStyle1="2" edges="! 443 370| 442 371| 451 370| 448 366| 443 370"/>
                                                  <Edge fillStyle0="3" fillStyle1="2" edges="! 453 395| 432 401[ 421 401 418 389| 417 376[ 417 357 427 347[ 433 342 444 338"/>
                                                  <Edge fillStyle0="4" fillStyle1="2" edges="! 489 356| 487 364| 514 363| 489 354| 489 356"/>
                                                  <Edge fillStyle0="1" fillStyle1="2" edges="! 421 470| 457 458| 525 429| 554 412| 557 411| 553 400| 552 400| 518 420[ 509 420 509 413[ 509 400 548 387| 545 381| 536 388| 513 393| 505 390| 499 387| 454 394| 453 395"/>
                                                  <Edge fillStyle0="1" fillStyle1="3" edges="! 453 395[ 447 429 421 470"/>
                                                  <Edge fillStyle0="2" fillStyle1="3" edges="! 421 470[ 331 498 273 498[ 224 498 201 487| 204 487| 212 487| 226 489[ 239 489 239 481| 235 474"/>
                                                  <Edge fillStyle0="2" fillStyle1="4" edges="! 235 474| 221 469| 213 469"/>
                                                  <Edge fillStyle0="2" fillStyle1="3" edges="! 213 469| 206 471| 193 469[ 180 469 168 477"/>
                                                  <Edge fillStyle0="4" fillStyle1="2" edges="! 459 484| 429 493| 432 505| 436 522| 434 533| 470 517| 492 506| 481 477| 459 484"/>
                                                  <Edge fillStyle0="4" fillStyle1="2" edges="! 499 485| 503 499| 522 485| 534 473| 526 460| 489 474| 499 485"/>
                                                  <Edge fillStyle0="1" fillStyle1="2" edges="! 547 460| 563 442| 563 438| 542 452| 547 460"/>
                                                  <Edge fillStyle0="0" fillStyle1="2" edges="! 630 455[ 630 532 587 605[ 515 724 358 724[ 201 724 128 631[ 81 570 81 500[ 81 385 149 308| 133 276[ 113 227 113 213[ 113 183 167 148| 174 144| 167 132| 159 111[ 143 58 129 58[ 95 58 86 100| 84 132| 84 151[ 84 165 66 186[ 45 210 20 210[ 0 210 0 192[ 0 178 22 169[ 46 159 50 136| 51 132[ 52 115 45 84[ 45 26 95 7[ 140 -10 183 12[ 201 31 223 79| 239 117| 300 109[ 319 109 336 132| 352 164| 367 210[ 471 206 544 265[ 630 333 630 455"/>
                                                  <Edge fillStyle0="1" fillStyle1="3" edges="! 237 232| 223 227[ 215 224 216 215[ 216 205 226 204[ 232 192 249 187[ 275 178 275 205[ 275 217 262 225[ 250 232 237 232"/>
                                                  <Edge fillStyle0="1" fillStyle1="2" edges="! 231 193[ 191 211 177 220| 198 264[ 249 227 315 215| 314 213| 293 172[ 278 172 231 193"/>
                                                  <Edge fillStyle0="3" fillStyle1="2" edges="! 209 457| 205 458[ 185 458 180 450| 179 441[ 179 426 195 405[ 214 379 243 377"/>
                                                  <Edge fillStyle0="3" fillStyle1="4" edges="! 243 377[ 255 346 286 337"/>
                                                  <Edge fillStyle0="3" fillStyle1="2" edges="! 286 337| 268 325"/>
                                                  <Edge fillStyle0="3" fillStyle1="4" edges="! 307 334| 316 333[ 345 333 357 356[ 364 367 364 380[ 364 402 349 417[ 328 439 279 439| 269 438"/>
                                                  <Edge fillStyle0="3" fillStyle1="2" edges="! 269 438| 248 444"/>
                                                  <Edge fillStyle0="3" fillStyle1="4" edges="! 248 444| 250 455| 245 466| 235 474"/>
                                                  <Edge fillStyle0="2" fillStyle1="4" edges="! 286 337| 289 340| 308 352| 313 350| 314 345| 307 334"/>
                                                  <Edge fillStyle0="2" fillStyle1="3" edges="! 307 334| 291 321| 287 319"/>
                                                  <Edge fillStyle0="4" fillStyle1="2" edges="! 270 401| 254 399| 254 402| 249 412| 241 417| 232 418| 221 414| 207 429| 206 431[ 213 425 242 418| 243 417| 286 406| 289 405| 270 401"/>
                                                  <Edge fillStyle0="2" fillStyle1="4" edges="! 269 438| 278 436| 309 424| 315 406[ 315 378 281 378| 249 376| 243 377"/>
                                                  <Edge fillStyle0="2" fillStyle1="4" edges="! 209 457| 232 449| 248 444"/>
                                                  <Edge fillStyle0="3" fillStyle1="4" edges="! 213 469| 210 465| 209 457"/>
                                                  <Edge fillStyle0="4" fillStyle1="2" edges="! 360 547| 424 536| 420 509[ 420 500 423 495| 397 502| 348 513| 359 536| 360 547"/>
                                                  <Edge fillStyle0="4" fillStyle1="2" edges="! 341 547| 341 546| 339 540| 335 518| 335 515| 288 520| 289 540| 339 547| 341 547"/>
                                                  <Edge fillStyle0="4" fillStyle1="2" edges="! 333 597| 340 597| 383 597| 389 583| 339 579| 333 597"/>
                                                  <Edge fillStyle0="4" fillStyle1="2" edges="! 327 577| 281 569| 270 586| 322 596| 327 577"/>
                                                  <Edge fillStyle0="4" fillStyle1="2" edges="! 399 597[ 446 595 479 578| 415 583| 404 583| 401 591| 399 597"/>
                                                  <Edge fillStyle0="4" fillStyle1="2" edges="! 270 520| 218 517| 240 528| 270 536| 270 520"/>
                                                  <Edge fillStyle0="3" fillStyle1="2" edges="! 217 552| 218 550| 220 547| 207 539| 214 550"/>
                                                  <Edge fillStyle0="3" fillStyle1="1" edges="! 214 550| 217 552"/>
                                                  <Edge fillStyle0="2" fillStyle1="1" edges="! 217 552| 217 553| 214 550"/>
                                                  <Edge fillStyle0="4" fillStyle1="2" edges="! 229 556| 226 561| 258 581| 259 582[ 260 574 267 565| 258 562| 253 561| 231 552| 229 556"/>
                                                  <Edge fillStyle0="1" fillStyle1="2" edges="! 249 619| 277 622| 341 633| 346 637| 364 639| 346 642| 312 648[ 288 648 268 638[ 249 628 249 619"/>
                                                  <Edge fillStyle0="1" fillStyle1="2" edges="! 314 622[ 253 614 209 579[ 169 548 169 521| 170 503| 154 516| 151 516[ 157 562 192 598[ 248 656 358 656[ 468 656 523 580[ 463 618 393 622| 314 622"/>
                                             </edges>
                                        </DOMShape>
                                   </elements>
                              </DOMFrame>
                         </frames>
                    </DOMLayer>
               </layers>
          </DOMTimeline>
     </timeline>
</DOMSymbolItem>
