<DOMSymbolItem xmlns="http://ns.adobe.com/xfl/2008/" xmlns:xsi="http://www.w3.org/2001/XMLSchema-instance" name="Symbol 2105" lastModified="1681431985">
     <timeline>
          <DOMTimeline name="Symbol 2105">
               <layers>
                    <DOMLayer name="Layer 1" color="#bcd29e">
                         <frames>
                              <DOMFrame index="0" duration="5" keyMode="9728">
                                   <elements/>
                              </DOMFrame>
                              <DOMFrame index="5" keyMode="9728">
                                   <elements>
                                        <DOMSymbolInstance libraryItemName="Symbol 341" symbolType="graphic" loop="loop">
                                             <matrix>
                                                  <Matrix tx="13.25" ty="23.3" a="0.6336669921875" d="0.7048187255859375"/>
                                             </matrix>
                                             <transformationPoint>
                                                  <Point/>
                                             </transformationPoint>
                                             <color>
                                                  <Color alphaMultiplier="0.48828125"/>
                                             </color>
                                        </DOMSymbolInstance>
                                   </elements>
                              </DOMFrame>
                              <DOMFrame index="6" keyMode="9728">
                                   <elements>
                                        <DOMSymbolInstance libraryItemName="Symbol 345" symbolType="graphic" loop="loop">
                                             <matrix>
                                                  <Matrix tx="13.25" ty="23.3" a="0.6336669921875" d="0.7048187255859375"/>
                                             </matrix>
                                             <transformationPoint>
                                                  <Point/>
                                             </transformationPoint>
                                             <color>
                                                  <Color alphaMultiplier="0.48828125"/>
                                             </color>
                                        </DOMSymbolInstance>
                                   </elements>
                              </DOMFrame>
                              <DOMFrame index="7" keyMode="9728">
                                   <elements>
                                        <DOMSymbolInstance libraryItemName="Symbol 349" symbolType="graphic" loop="loop">
                                             <matrix>
                                                  <Matrix tx="13.25" ty="23.3" a="0.6336669921875" d="0.7048187255859375"/>
                                             </matrix>
                                             <transformationPoint>
                                                  <Point/>
                                             </transformationPoint>
                                             <color>
                                                  <Color alphaMultiplier="0.48828125"/>
                                             </color>
                                        </DOMSymbolInstance>
                                   </elements>
                              </DOMFrame>
                              <DOMFrame index="8" keyMode="9728">
                                   <elements>
                                        <DOMSymbolInstance libraryItemName="Symbol 353" symbolType="graphic" loop="loop">
                                             <matrix>
                                                  <Matrix tx="13.25" ty="23.3" a="0.6336669921875" d="0.7048187255859375"/>
                                             </matrix>
                                             <transformationPoint>
                                                  <Point/>
                                             </transformationPoint>
                                             <color>
                                                  <Color alphaMultiplier="0.48828125"/>
                                             </color>
                                        </DOMSymbolInstance>
                                   </elements>
                              </DOMFrame>
                              <DOMFrame index="9" keyMode="9728">
                                   <elements>
                                        <DOMSymbolInstance libraryItemName="Symbol 357" symbolType="graphic" loop="loop">
                                             <matrix>
                                                  <Matrix tx="13.25" ty="23.3" a="0.6336669921875" d="0.7048187255859375"/>
                                             </matrix>
                                             <transformationPoint>
                                                  <Point/>
                                             </transformationPoint>
                                             <color>
                                                  <Color alphaMultiplier="0.48828125"/>
                                             </color>
                                        </DOMSymbolInstance>
                                   </elements>
                              </DOMFrame>
                              <DOMFrame index="10" keyMode="9728">
                                   <elements>
                                        <DOMSymbolInstance libraryItemName="Symbol 361" symbolType="graphic" loop="loop">
                                             <matrix>
                                                  <Matrix tx="13.25" ty="23.3" a="0.6336669921875" d="0.7048187255859375"/>
                                             </matrix>
                                             <transformationPoint>
                                                  <Point/>
                                             </transformationPoint>
                                             <color>
                                                  <Color alphaMultiplier="0.48828125"/>
                                             </color>
                                        </DOMSymbolInstance>
                                   </elements>
                              </DOMFrame>
                              <DOMFrame index="11" keyMode="9728">
                                   <elements>
                                        <DOMSymbolInstance libraryItemName="Symbol 365" symbolType="graphic" loop="loop">
                                             <matrix>
                                                  <Matrix tx="13.25" ty="23.3" a="0.6336669921875" d="0.7048187255859375"/>
                                             </matrix>
                                             <transformationPoint>
                                                  <Point/>
                                             </transformationPoint>
                                             <color>
                                                  <Color alphaMultiplier="0.48828125"/>
                                             </color>
                                        </DOMSymbolInstance>
                                   </elements>
                              </DOMFrame>
                              <DOMFrame index="12" keyMode="9728">
                                   <elements>
                                        <DOMSymbolInstance libraryItemName="Symbol 369" symbolType="graphic" loop="loop">
                                             <matrix>
                                                  <Matrix tx="13.25" ty="23.3" a="0.6336669921875" d="0.7048187255859375"/>
                                             </matrix>
                                             <transformationPoint>
                                                  <Point/>
                                             </transformationPoint>
                                             <color>
                                                  <Color alphaMultiplier="0.48828125"/>
                                             </color>
                                        </DOMSymbolInstance>
                                   </elements>
                              </DOMFrame>
                              <DOMFrame index="13" keyMode="9728">
                                   <elements>
                                        <DOMSymbolInstance libraryItemName="Symbol 373" symbolType="graphic" loop="loop">
                                             <matrix>
                                                  <Matrix tx="13.25" ty="23.3" a="0.6336669921875" d="0.7048187255859375"/>
                                             </matrix>
                                             <transformationPoint>
                                                  <Point/>
                                             </transformationPoint>
                                             <color>
                                                  <Color alphaMultiplier="0.48828125"/>
                                             </color>
                                        </DOMSymbolInstance>
                                   </elements>
                              </DOMFrame>
                              <DOMFrame index="14" keyMode="9728">
                                   <elements>
                                        <DOMSymbolInstance libraryItemName="Symbol 377" symbolType="graphic" loop="loop">
                                             <matrix>
                                                  <Matrix tx="13.25" ty="23.3" a="0.6336669921875" d="0.7048187255859375"/>
                                             </matrix>
                                             <transformationPoint>
                                                  <Point/>
                                             </transformationPoint>
                                             <color>
                                                  <Color alphaMultiplier="0.48828125"/>
                                             </color>
                                        </DOMSymbolInstance>
                                   </elements>
                              </DOMFrame>
                              <DOMFrame index="15" keyMode="9728">
                                   <elements>
                                        <DOMSymbolInstance libraryItemName="Symbol 381" symbolType="graphic" loop="loop">
                                             <matrix>
                                                  <Matrix tx="13.25" ty="23.3" a="0.6336669921875" d="0.7048187255859375"/>
                                             </matrix>
                                             <transformationPoint>
                                                  <Point/>
                                             </transformationPoint>
                                             <color>
                                                  <Color alphaMultiplier="0.48828125"/>
                                             </color>
                                        </DOMSymbolInstance>
                                   </elements>
                              </DOMFrame>
                              <DOMFrame index="16" keyMode="9728">
                                   <elements>
                                        <DOMSymbolInstance libraryItemName="Symbol 385" symbolType="graphic" loop="loop">
                                             <matrix>
                                                  <Matrix tx="13.25" ty="23.3" a="0.6336669921875" d="0.7048187255859375"/>
                                             </matrix>
                                             <transformationPoint>
                                                  <Point/>
                                             </transformationPoint>
                                             <color>
                                                  <Color alphaMultiplier="0.48828125"/>
                                             </color>
                                        </DOMSymbolInstance>
                                   </elements>
                              </DOMFrame>
                              <DOMFrame index="17" keyMode="9728">
                                   <elements>
                                        <DOMSymbolInstance libraryItemName="Symbol 389" symbolType="graphic" loop="loop">
                                             <matrix>
                                                  <Matrix tx="13.25" ty="23.3" a="0.6336669921875" d="0.7048187255859375"/>
                                             </matrix>
                                             <transformationPoint>
                                                  <Point/>
                                             </transformationPoint>
                                             <color>
                                                  <Color alphaMultiplier="0.48828125"/>
                                             </color>
                                        </DOMSymbolInstance>
                                   </elements>
                              </DOMFrame>
                              <DOMFrame index="18" keyMode="9728">
                                   <elements>
                                        <DOMSymbolInstance libraryItemName="Symbol 393" symbolType="graphic" loop="loop">
                                             <matrix>
                                                  <Matrix tx="13.25" ty="23.3" a="0.6336669921875" d="0.7048187255859375"/>
                                             </matrix>
                                             <transformationPoint>
                                                  <Point/>
                                             </transformationPoint>
                                             <color>
                                                  <Color alphaMultiplier="0.48828125"/>
                                             </color>
                                        </DOMSymbolInstance>
                                   </elements>
                              </DOMFrame>
                              <DOMFrame index="19" keyMode="9728">
                                   <elements>
                                        <DOMSymbolInstance libraryItemName="Symbol 397" symbolType="graphic" loop="loop">
                                             <matrix>
                                                  <Matrix tx="13.25" ty="23.3" a="0.6336669921875" d="0.7048187255859375"/>
                                             </matrix>
                                             <transformationPoint>
                                                  <Point/>
                                             </transformationPoint>
                                             <color>
                                                  <Color alphaMultiplier="0.48828125"/>
                                             </color>
                                        </DOMSymbolInstance>
                                   </elements>
                              </DOMFrame>
                              <DOMFrame index="20" keyMode="9728">
                                   <elements>
                                        <DOMSymbolInstance libraryItemName="Symbol 401" symbolType="graphic" loop="loop">
                                             <matrix>
                                                  <Matrix tx="13.25" ty="23.3" a="0.6336669921875" d="0.7048187255859375"/>
                                             </matrix>
                                             <transformationPoint>
                                                  <Point/>
                                             </transformationPoint>
                                             <color>
                                                  <Color alphaMultiplier="0.48828125"/>
                                             </color>
                                        </DOMSymbolInstance>
                                   </elements>
                              </DOMFrame>
                              <DOMFrame index="21" keyMode="9728">
                                   <elements>
                                        <DOMSymbolInstance libraryItemName="Symbol 405" symbolType="graphic" loop="loop">
                                             <matrix>
                                                  <Matrix tx="13.25" ty="23.3" a="0.6336669921875" d="0.7048187255859375"/>
                                             </matrix>
                                             <transformationPoint>
                                                  <Point/>
                                             </transformationPoint>
                                             <color>
                                                  <Color alphaMultiplier="0.48828125"/>
                                             </color>
                                        </DOMSymbolInstance>
                                   </elements>
                              </DOMFrame>
                              <DOMFrame index="22" keyMode="9728">
                                   <elements>
                                        <DOMSymbolInstance libraryItemName="Symbol 407" symbolType="graphic" loop="loop">
                                             <matrix>
                                                  <Matrix tx="13.25" ty="23.3" a="0.6336669921875" d="0.7048187255859375"/>
                                             </matrix>
                                             <transformationPoint>
                                                  <Point/>
                                             </transformationPoint>
                                             <color>
                                                  <Color alphaMultiplier="0.48828125"/>
                                             </color>
                                        </DOMSymbolInstance>
                                   </elements>
                              </DOMFrame>
                              <DOMFrame index="23" keyMode="9728">
                                   <elements>
                                        <DOMSymbolInstance libraryItemName="Symbol 409" symbolType="graphic" loop="loop">
                                             <matrix>
                                                  <Matrix tx="13.25" ty="23.3" a="0.6336669921875" d="0.7048187255859375"/>
                                             </matrix>
                                             <transformationPoint>
                                                  <Point/>
                                             </transformationPoint>
                                             <color>
                                                  <Color alphaMultiplier="0.48828125"/>
                                             </color>
                                        </DOMSymbolInstance>
                                   </elements>
                              </DOMFrame>
                              <DOMFrame index="24" keyMode="9728">
                                   <elements>
                                        <DOMSymbolInstance libraryItemName="Symbol 411" symbolType="graphic" loop="loop">
                                             <matrix>
                                                  <Matrix tx="13.25" ty="23.3" a="0.6336669921875" d="0.7048187255859375"/>
                                             </matrix>
                                             <transformationPoint>
                                                  <Point/>
                                             </transformationPoint>
                                             <color>
                                                  <Color alphaMultiplier="0.48828125"/>
                                             </color>
                                        </DOMSymbolInstance>
                                   </elements>
                              </DOMFrame>
                              <DOMFrame index="25" keyMode="9728">
                                   <elements>
                                        <DOMSymbolInstance libraryItemName="Symbol 413" symbolType="graphic" loop="loop">
                                             <matrix>
                                                  <Matrix tx="13.25" ty="23.3" a="0.6336669921875" d="0.7048187255859375"/>
                                             </matrix>
                                             <transformationPoint>
                                                  <Point/>
                                             </transformationPoint>
                                             <color>
                                                  <Color alphaMultiplier="0.48828125"/>
                                             </color>
                                        </DOMSymbolInstance>
                                   </elements>
                              </DOMFrame>
                              <DOMFrame index="26" duration="20" keyMode="9728">
                                   <elements/>
                              </DOMFrame>
                         </frames>
                    </DOMLayer>
                    <DOMLayer name="Layer 2" color="#888d92">
                         <frames>
                              <DOMFrame index="0" keyMode="9728">
                                   <elements>
                                        <DOMSymbolInstance libraryItemName="Symbol 2084" centerPoint3DX="23.25" centerPoint3DY="27.85">
                                             <matrix>
                                                  <Matrix tx="-0.7" ty="0.0"/>
                                             </matrix>
                                             <transformationPoint>
                                                  <Point/>
                                             </transformationPoint>
                                        </DOMSymbolInstance>
                                   </elements>
                              </DOMFrame>
                              <DOMFrame index="1" keyMode="9728">
                                   <elements>
                                        <DOMSymbolInstance libraryItemName="Symbol 2084" centerPoint3DX="24.65" centerPoint3DY="27.85">
                                             <matrix>
                                                  <Matrix tx="0.7" ty="0.0"/>
                                             </matrix>
                                             <transformationPoint>
                                                  <Point/>
                                             </transformationPoint>
                                        </DOMSymbolInstance>
                                   </elements>
                              </DOMFrame>
                              <DOMFrame index="2" keyMode="9728">
                                   <elements>
                                        <DOMSymbolInstance libraryItemName="Symbol 2084" centerPoint3DX="23.25" centerPoint3DY="27.85">
                                             <matrix>
                                                  <Matrix tx="-0.7" ty="0.0"/>
                                             </matrix>
                                             <transformationPoint>
                                                  <Point/>
                                             </transformationPoint>
                                        </DOMSymbolInstance>
                                   </elements>
                              </DOMFrame>
                              <DOMFrame index="3" keyMode="9728">
                                   <elements>
                                        <DOMSymbolInstance libraryItemName="Symbol 2084" centerPoint3DX="24.65" centerPoint3DY="27.85">
                                             <matrix>
                                                  <Matrix tx="0.7" ty="0.0"/>
                                             </matrix>
                                             <transformationPoint>
                                                  <Point/>
                                             </transformationPoint>
                                        </DOMSymbolInstance>
                                   </elements>
                              </DOMFrame>
                              <DOMFrame index="4" keyMode="9728">
                                   <elements>
                                        <DOMSymbolInstance libraryItemName="Symbol 2084" centerPoint3DX="23.25" centerPoint3DY="27.85">
                                             <matrix>
                                                  <Matrix tx="-0.7" ty="0.0"/>
                                             </matrix>
                                             <transformationPoint>
                                                  <Point/>
                                             </transformationPoint>
                                        </DOMSymbolInstance>
                                   </elements>
                              </DOMFrame>
                              <DOMFrame index="5" duration="2" keyMode="9728">
                                   <elements>
                                        <DOMSymbolInstance libraryItemName="Symbol 2084" centerPoint3DX="19.75" centerPoint3DY="34.2">
                                             <matrix>
                                                  <Matrix tx="-4.2" ty="6.35" a="1.14459228515625" d="0.8860931396484375"/>
                                             </matrix>
                                             <transformationPoint>
                                                  <Point/>
                                             </transformationPoint>
                                        </DOMSymbolInstance>
                                   </elements>
                              </DOMFrame>
                              <DOMFrame index="7" duration="2" keyMode="9728">
                                   <elements>
                                        <DOMSymbolInstance libraryItemName="Symbol 2084" centerPoint3DX="26.4" centerPoint3DY="22.45">
                                             <matrix>
                                                  <Matrix tx="2.45" ty="-5.4" a="0.908294677734375" d="1.0968475341796875"/>
                                             </matrix>
                                             <transformationPoint>
                                                  <Point/>
                                             </transformationPoint>
                                        </DOMSymbolInstance>
                                   </elements>
                              </DOMFrame>
                              <DOMFrame index="9" duration="2" keyMode="9728">
                                   <elements>
                                        <DOMSymbolInstance libraryItemName="Symbol 2084" centerPoint3DX="23.05" centerPoint3DY="30.4">
                                             <matrix>
                                                  <Matrix tx="-0.9" ty="2.55" a="1.0395355224609375" d="0.954254150390625"/>
                                             </matrix>
                                             <transformationPoint>
                                                  <Point/>
                                             </transformationPoint>
                                        </DOMSymbolInstance>
                                   </elements>
                              </DOMFrame>
                              <DOMFrame index="11" duration="2" keyMode="9728">
                                   <elements>
                                        <DOMSymbolInstance libraryItemName="Symbol 2084" centerPoint3DX="24.85" centerPoint3DY="26.6">
                                             <matrix>
                                                  <Matrix tx="0.9" ty="-1.25" a="0.9679718017578125" d="1.02239990234375"/>
                                             </matrix>
                                             <transformationPoint>
                                                  <Point/>
                                             </transformationPoint>
                                        </DOMSymbolInstance>
                                   </elements>
                              </DOMFrame>
                              <DOMFrame index="13" duration="33" keyMode="9728">
                                   <elements>
                                        <DOMSymbolInstance libraryItemName="Symbol 2084" centerPoint3DX="23.95" centerPoint3DY="27.85">
                                             <matrix>
                                                  <Matrix tx="0.0" ty="0.0"/>
                                             </matrix>
                                             <transformationPoint>
                                                  <Point/>
                                             </transformationPoint>
                                        </DOMSymbolInstance>
                                   </elements>
                              </DOMFrame>
                         </frames>
                    </DOMLayer>
                    <DOMLayer name="Layer 3" color="#a6fda1">
                         <frames>
                              <DOMFrame index="0" keyMode="9728">
                                   <elements>
                                        <DOMSymbolInstance libraryItemName="Symbol 2080" centerPoint3DX="46.0" centerPoint3DY="21.8">
                                             <matrix>
                                                  <Matrix tx="41.6" ty="8.95"/>
                                             </matrix>
                                             <transformationPoint>
                                                  <Point/>
                                             </transformationPoint>
                                        </DOMSymbolInstance>
                                   </elements>
                              </DOMFrame>
                              <DOMFrame index="1" keyMode="9728">
                                   <elements>
                                        <DOMSymbolInstance libraryItemName="Symbol 2080" centerPoint3DX="47.4" centerPoint3DY="21.8">
                                             <matrix>
                                                  <Matrix tx="43.0" ty="8.95"/>
                                             </matrix>
                                             <transformationPoint>
                                                  <Point/>
                                             </transformationPoint>
                                        </DOMSymbolInstance>
                                   </elements>
                              </DOMFrame>
                              <DOMFrame index="2" keyMode="9728">
                                   <elements>
                                        <DOMSymbolInstance libraryItemName="Symbol 2080" centerPoint3DX="46.0" centerPoint3DY="21.8">
                                             <matrix>
                                                  <Matrix tx="41.6" ty="8.95"/>
                                             </matrix>
                                             <transformationPoint>
                                                  <Point/>
                                             </transformationPoint>
                                        </DOMSymbolInstance>
                                   </elements>
                              </DOMFrame>
                              <DOMFrame index="3" keyMode="9728">
                                   <elements>
                                        <DOMSymbolInstance libraryItemName="Symbol 2080" centerPoint3DX="47.4" centerPoint3DY="21.8">
                                             <matrix>
                                                  <Matrix tx="43.0" ty="8.95"/>
                                             </matrix>
                                             <transformationPoint>
                                                  <Point/>
                                             </transformationPoint>
                                        </DOMSymbolInstance>
                                   </elements>
                              </DOMFrame>
                              <DOMFrame index="4" keyMode="9728">
                                   <elements>
                                        <DOMSymbolInstance libraryItemName="Symbol 2080" centerPoint3DX="46.0" centerPoint3DY="21.8">
                                             <matrix>
                                                  <Matrix tx="41.6" ty="8.95"/>
                                             </matrix>
                                             <transformationPoint>
                                                  <Point/>
                                             </transformationPoint>
                                        </DOMSymbolInstance>
                                   </elements>
                              </DOMFrame>
                              <DOMFrame index="5" duration="2" keyMode="9728">
                                   <elements>
                                        <DOMSymbolInstance libraryItemName="Symbol 2080" centerPoint3DX="48.6" centerPoint3DY="27.1">
                                             <matrix>
                                                  <Matrix tx="44.2" ty="14.25" a="1.14459228515625" d="0.8860931396484375"/>
                                             </matrix>
                                             <transformationPoint>
                                                  <Point/>
                                             </transformationPoint>
                                        </DOMSymbolInstance>
                                   </elements>
                              </DOMFrame>
                              <DOMFrame index="7" duration="2" keyMode="9728">
                                   <elements>
                                        <DOMSymbolInstance libraryItemName="Symbol 2080" centerPoint3DX="45.25" centerPoint3DY="17.25">
                                             <matrix>
                                                  <Matrix tx="40.85" ty="4.4" a="0.908294677734375" d="1.0968475341796875"/>
                                             </matrix>
                                             <transformationPoint>
                                                  <Point/>
                                             </transformationPoint>
                                        </DOMSymbolInstance>
                                   </elements>
                              </DOMFrame>
                              <DOMFrame index="9" duration="2" keyMode="9728">
                                   <elements>
                                        <DOMSymbolInstance libraryItemName="Symbol 2080" centerPoint3DX="47.45" centerPoint3DY="24.0">
                                             <matrix>
                                                  <Matrix tx="43.05" ty="11.15" a="1.0395355224609375" d="0.954254150390625"/>
                                             </matrix>
                                             <transformationPoint>
                                                  <Point/>
                                             </transformationPoint>
                                        </DOMSymbolInstance>
                                   </elements>
                              </DOMFrame>
                              <DOMFrame index="11" duration="2" keyMode="9728">
                                   <elements>
                                        <DOMSymbolInstance libraryItemName="Symbol 2080" centerPoint3DX="46.25" centerPoint3DY="20.75">
                                             <matrix>
                                                  <Matrix tx="41.85" ty="7.9" a="0.9679718017578125" d="1.02239990234375"/>
                                             </matrix>
                                             <transformationPoint>
                                                  <Point/>
                                             </transformationPoint>
                                        </DOMSymbolInstance>
                                   </elements>
                              </DOMFrame>
                              <DOMFrame index="13" duration="33" keyMode="9728">
                                   <elements>
                                        <DOMSymbolInstance libraryItemName="Symbol 2080" centerPoint3DX="46.7" centerPoint3DY="21.8">
                                             <matrix>
                                                  <Matrix tx="42.3" ty="8.95"/>
                                             </matrix>
                                             <transformationPoint>
                                                  <Point/>
                                             </transformationPoint>
                                        </DOMSymbolInstance>
                                   </elements>
                              </DOMFrame>
                         </frames>
                    </DOMLayer>
                    <DOMLayer name="Layer 4" color="#e56152">
                         <frames>
                              <DOMFrame index="0" keyMode="9728">
                                   <elements/>
                              </DOMFrame>
                              <DOMFrame index="1" keyMode="9728">
                                   <elements>
                                        <DOMSymbolInstance libraryItemName="Symbol 2091" centerPoint3DX="13.85" centerPoint3DY="25.35">
                                             <matrix>
                                                  <Matrix tx="8.95" ty="19.8"/>
                                             </matrix>
                                             <transformationPoint>
                                                  <Point/>
                                             </transformationPoint>
                                        </DOMSymbolInstance>
                                   </elements>
                              </DOMFrame>
                              <DOMFrame index="2" duration="44" keyMode="9728">
                                   <elements/>
                              </DOMFrame>
                         </frames>
                    </DOMLayer>
                    <DOMLayer name="Layer 5" color="#f37569">
                         <frames>
                              <DOMFrame index="0" keyMode="9728">
                                   <elements>
                                        <DOMSymbolInstance libraryItemName="Symbol 2093" centerPoint3DX="12.45" centerPoint3DY="24.85">
                                             <matrix>
                                                  <Matrix tx="7.55" ty="19.8"/>
                                             </matrix>
                                             <transformationPoint>
                                                  <Point/>
                                             </transformationPoint>
                                        </DOMSymbolInstance>
                                   </elements>
                              </DOMFrame>
                              <DOMFrame index="1" keyMode="9728">
                                   <elements>
                                        <DOMSymbolInstance libraryItemName="Symbol 2093" centerPoint3DX="24.85" centerPoint3DY="25.2">
                                             <matrix>
                                                  <Matrix tx="19.95" ty="20.15"/>
                                             </matrix>
                                             <transformationPoint>
                                                  <Point/>
                                             </transformationPoint>
                                        </DOMSymbolInstance>
                                   </elements>
                              </DOMFrame>
                              <DOMFrame index="2" keyMode="9728">
                                   <elements>
                                        <DOMSymbolInstance libraryItemName="Symbol 2089" centerPoint3DX="12.45" centerPoint3DY="25.15">
                                             <matrix>
                                                  <Matrix tx="7.55" ty="19.8"/>
                                             </matrix>
                                             <transformationPoint>
                                                  <Point/>
                                             </transformationPoint>
                                        </DOMSymbolInstance>
                                   </elements>
                              </DOMFrame>
                              <DOMFrame index="3" duration="43" keyMode="9728">
                                   <elements/>
                              </DOMFrame>
                         </frames>
                    </DOMLayer>
                    <DOMLayer name="Layer 6" color="#b732d2">
                         <frames>
                              <DOMFrame index="0" keyMode="9728">
                                   <elements/>
                              </DOMFrame>
                              <DOMFrame index="1" keyMode="9728">
                                   <elements>
                                        <DOMSymbolInstance libraryItemName="Symbol 2091" centerPoint3DX="36.45" centerPoint3DY="25.35">
                                             <matrix>
                                                  <Matrix tx="31.55" ty="19.8"/>
                                             </matrix>
                                             <transformationPoint>
                                                  <Point/>
                                             </transformationPoint>
                                        </DOMSymbolInstance>
                                   </elements>
                              </DOMFrame>
                              <DOMFrame index="2" keyMode="9728">
                                   <elements>
                                        <DOMSymbolInstance libraryItemName="Symbol 2091" centerPoint3DX="23.45" centerPoint3DY="25.7">
                                             <matrix>
                                                  <Matrix tx="18.55" ty="20.15"/>
                                             </matrix>
                                             <transformationPoint>
                                                  <Point/>
                                             </transformationPoint>
                                        </DOMSymbolInstance>
                                   </elements>
                              </DOMFrame>
                              <DOMFrame index="3" keyMode="9728">
                                   <elements>
                                        <DOMSymbolInstance libraryItemName="Symbol 2091" centerPoint3DX="13.85" centerPoint3DY="25.35">
                                             <matrix>
                                                  <Matrix tx="8.95" ty="19.8"/>
                                             </matrix>
                                             <transformationPoint>
                                                  <Point/>
                                             </transformationPoint>
                                        </DOMSymbolInstance>
                                   </elements>
                              </DOMFrame>
                              <DOMFrame index="4" keyMode="9728">
                                   <elements>
                                        <DOMSymbolInstance libraryItemName="Symbol 2091" centerPoint3DX="12.45" centerPoint3DY="25.35">
                                             <matrix>
                                                  <Matrix tx="7.55" ty="19.8"/>
                                             </matrix>
                                             <transformationPoint>
                                                  <Point/>
                                             </transformationPoint>
                                        </DOMSymbolInstance>
                                   </elements>
                              </DOMFrame>
                              <DOMFrame index="5" duration="2" keyMode="9728">
                                   <elements>
                                        <DOMSymbolInstance libraryItemName="Symbol 2104" centerPoint3DX="10.1" centerPoint3DY="28.55">
                                             <matrix>
                                                  <Matrix tx="5.2" ty="23.9" a="1.14459228515625" d="0.8860931396484375"/>
                                             </matrix>
                                             <transformationPoint>
                                                  <Point/>
                                             </transformationPoint>
                                        </DOMSymbolInstance>
                                   </elements>
                              </DOMFrame>
                              <DOMFrame index="7" duration="2" keyMode="9728">
                                   <elements>
                                        <DOMSymbolInstance libraryItemName="Symbol 2104" centerPoint3DX="14.8" centerPoint3DY="21.0">
                                             <matrix>
                                                  <Matrix tx="9.9" ty="16.35" a="0.908294677734375" d="1.0968475341796875"/>
                                             </matrix>
                                             <transformationPoint>
                                                  <Point/>
                                             </transformationPoint>
                                        </DOMSymbolInstance>
                                   </elements>
                              </DOMFrame>
                              <DOMFrame index="9" duration="2" keyMode="9728">
                                   <elements>
                                        <DOMSymbolInstance libraryItemName="Symbol 2104" centerPoint3DX="12.6" centerPoint3DY="26.1">
                                             <matrix>
                                                  <Matrix tx="7.7" ty="21.45" a="1.0395355224609375" d="0.954254150390625"/>
                                             </matrix>
                                             <transformationPoint>
                                                  <Point/>
                                             </transformationPoint>
                                        </DOMSymbolInstance>
                                   </elements>
                              </DOMFrame>
                              <DOMFrame index="11" duration="2" keyMode="9728">
                                   <elements>
                                        <DOMSymbolInstance libraryItemName="Symbol 2104" centerPoint3DX="13.8" centerPoint3DY="23.65">
                                             <matrix>
                                                  <Matrix tx="8.9" ty="19.0" a="0.9679718017578125" d="1.02239990234375"/>
                                             </matrix>
                                             <transformationPoint>
                                                  <Point/>
                                             </transformationPoint>
                                        </DOMSymbolInstance>
                                   </elements>
                              </DOMFrame>
                              <DOMFrame index="13" duration="33" keyMode="9728">
                                   <elements>
                                        <DOMSymbolInstance libraryItemName="Symbol 2104" centerPoint3DX="13.15" centerPoint3DY="24.45">
                                             <matrix>
                                                  <Matrix tx="8.25" ty="19.8"/>
                                             </matrix>
                                             <transformationPoint>
                                                  <Point/>
                                             </transformationPoint>
                                        </DOMSymbolInstance>
                                   </elements>
                              </DOMFrame>
                         </frames>
                    </DOMLayer>
                    <DOMLayer name="Layer 7" color="#269dca">
                         <frames>
                              <DOMFrame index="0" keyMode="9728">
                                   <elements>
                                        <DOMSymbolInstance libraryItemName="Symbol 2095" centerPoint3DX="23.45" centerPoint3DY="25.85">
                                             <matrix>
                                                  <Matrix tx="18.55" ty="20.15"/>
                                             </matrix>
                                             <transformationPoint>
                                                  <Point/>
                                             </transformationPoint>
                                        </DOMSymbolInstance>
                                   </elements>
                              </DOMFrame>
                              <DOMFrame index="1" duration="2" keyMode="9728">
                                   <elements/>
                              </DOMFrame>
                              <DOMFrame index="3" keyMode="9728">
                                   <elements>
                                        <DOMSymbolInstance libraryItemName="Symbol 2089" centerPoint3DX="24.85" centerPoint3DY="25.5">
                                             <matrix>
                                                  <Matrix tx="19.95" ty="20.15"/>
                                             </matrix>
                                             <transformationPoint>
                                                  <Point/>
                                             </transformationPoint>
                                        </DOMSymbolInstance>
                                   </elements>
                              </DOMFrame>
                              <DOMFrame index="4" keyMode="9728">
                                   <elements>
                                        <DOMSymbolInstance libraryItemName="Symbol 2093" centerPoint3DX="23.45" centerPoint3DY="25.2">
                                             <matrix>
                                                  <Matrix tx="18.55" ty="20.15"/>
                                             </matrix>
                                             <transformationPoint>
                                                  <Point/>
                                             </transformationPoint>
                                        </DOMSymbolInstance>
                                   </elements>
                              </DOMFrame>
                              <DOMFrame index="5" duration="2" keyMode="9728">
                                   <elements>
                                        <DOMSymbolInstance libraryItemName="Symbol 2104" centerPoint3DX="22.75" centerPoint3DY="28.85">
                                             <matrix>
                                                  <Matrix tx="17.85" ty="24.2" a="1.14459228515625" d="0.8860931396484375"/>
                                             </matrix>
                                             <transformationPoint>
                                                  <Point/>
                                             </transformationPoint>
                                        </DOMSymbolInstance>
                                   </elements>
                              </DOMFrame>
                              <DOMFrame index="7" duration="2" keyMode="9728">
                                   <elements>
                                        <DOMSymbolInstance libraryItemName="Symbol 2104" centerPoint3DX="24.85" centerPoint3DY="21.65">
                                             <matrix>
                                                  <Matrix tx="19.95" ty="17.0" a="0.908294677734375" d="1.0968475341796875"/>
                                             </matrix>
                                             <transformationPoint>
                                                  <Point/>
                                             </transformationPoint>
                                        </DOMSymbolInstance>
                                   </elements>
                              </DOMFrame>
                              <DOMFrame index="9" duration="2" keyMode="9728">
                                   <elements>
                                        <DOMSymbolInstance libraryItemName="Symbol 2104" centerPoint3DX="24.0" centerPoint3DY="26.45">
                                             <matrix>
                                                  <Matrix tx="19.1" ty="21.8" a="1.0395355224609375" d="0.954254150390625"/>
                                             </matrix>
                                             <transformationPoint>
                                                  <Point/>
                                             </transformationPoint>
                                        </DOMSymbolInstance>
                                   </elements>
                              </DOMFrame>
                              <DOMFrame index="11" duration="2" keyMode="9728">
                                   <elements>
                                        <DOMSymbolInstance libraryItemName="Symbol 2104" centerPoint3DX="24.4" centerPoint3DY="24.0">
                                             <matrix>
                                                  <Matrix tx="19.5" ty="19.35" a="0.9679718017578125" d="1.02239990234375"/>
                                             </matrix>
                                             <transformationPoint>
                                                  <Point/>
                                             </transformationPoint>
                                        </DOMSymbolInstance>
                                   </elements>
                              </DOMFrame>
                              <DOMFrame index="13" duration="33" keyMode="9728">
                                   <elements>
                                        <DOMSymbolInstance libraryItemName="Symbol 2104" centerPoint3DX="24.15" centerPoint3DY="24.8">
                                             <matrix>
                                                  <Matrix tx="19.25" ty="20.15"/>
                                             </matrix>
                                             <transformationPoint>
                                                  <Point/>
                                             </transformationPoint>
                                        </DOMSymbolInstance>
                                   </elements>
                              </DOMFrame>
                         </frames>
                    </DOMLayer>
                    <DOMLayer name="Layer 8" color="#c5b4d0">
                         <frames>
                              <DOMFrame index="0" keyMode="9728">
                                   <elements>
                                        <DOMSymbolInstance libraryItemName="Symbol 2089" centerPoint3DX="35.05" centerPoint3DY="25.15">
                                             <matrix>
                                                  <Matrix tx="30.15" ty="19.8"/>
                                             </matrix>
                                             <transformationPoint>
                                                  <Point/>
                                             </transformationPoint>
                                        </DOMSymbolInstance>
                                   </elements>
                              </DOMFrame>
                              <DOMFrame index="1" keyMode="9728">
                                   <elements/>
                              </DOMFrame>
                              <DOMFrame index="2" keyMode="9728">
                                   <elements>
                                        <DOMSymbolInstance libraryItemName="Symbol 2093" centerPoint3DX="35.05" centerPoint3DY="24.85">
                                             <matrix>
                                                  <Matrix tx="30.15" ty="19.8"/>
                                             </matrix>
                                             <transformationPoint>
                                                  <Point/>
                                             </transformationPoint>
                                        </DOMSymbolInstance>
                                   </elements>
                              </DOMFrame>
                              <DOMFrame index="3" keyMode="9728">
                                   <elements>
                                        <DOMSymbolInstance libraryItemName="Symbol 2095" centerPoint3DX="36.45" centerPoint3DY="25.5">
                                             <matrix>
                                                  <Matrix tx="31.55" ty="19.8"/>
                                             </matrix>
                                             <transformationPoint>
                                                  <Point/>
                                             </transformationPoint>
                                        </DOMSymbolInstance>
                                   </elements>
                              </DOMFrame>
                              <DOMFrame index="4" keyMode="9728">
                                   <elements>
                                        <DOMSymbolInstance libraryItemName="Symbol 2095" centerPoint3DX="35.05" centerPoint3DY="25.5">
                                             <matrix>
                                                  <Matrix tx="30.15" ty="19.8"/>
                                             </matrix>
                                             <transformationPoint>
                                                  <Point/>
                                             </transformationPoint>
                                        </DOMSymbolInstance>
                                   </elements>
                              </DOMFrame>
                              <DOMFrame index="5" duration="2" keyMode="9728">
                                   <elements>
                                        <DOMSymbolInstance libraryItemName="Symbol 2104" centerPoint3DX="36.0" centerPoint3DY="28.55">
                                             <matrix>
                                                  <Matrix tx="31.1" ty="23.9" a="1.14459228515625" d="0.8860931396484375"/>
                                             </matrix>
                                             <transformationPoint>
                                                  <Point/>
                                             </transformationPoint>
                                        </DOMSymbolInstance>
                                   </elements>
                              </DOMFrame>
                              <DOMFrame index="7" duration="2" keyMode="9728">
                                   <elements>
                                        <DOMSymbolInstance libraryItemName="Symbol 2104" centerPoint3DX="35.4" centerPoint3DY="21.0">
                                             <matrix>
                                                  <Matrix tx="30.5" ty="16.35" a="0.908294677734375" d="1.0968475341796875"/>
                                             </matrix>
                                             <transformationPoint>
                                                  <Point/>
                                             </transformationPoint>
                                        </DOMSymbolInstance>
                                   </elements>
                              </DOMFrame>
                              <DOMFrame index="9" duration="2" keyMode="9728">
                                   <elements>
                                        <DOMSymbolInstance libraryItemName="Symbol 2104" centerPoint3DX="36.05" centerPoint3DY="26.1">
                                             <matrix>
                                                  <Matrix tx="31.15" ty="21.45" a="1.0395355224609375" d="0.954254150390625"/>
                                             </matrix>
                                             <transformationPoint>
                                                  <Point/>
                                             </transformationPoint>
                                        </DOMSymbolInstance>
                                   </elements>
                              </DOMFrame>
                              <DOMFrame index="11" duration="2" keyMode="9728">
                                   <elements>
                                        <DOMSymbolInstance libraryItemName="Symbol 2104" centerPoint3DX="35.65" centerPoint3DY="23.65">
                                             <matrix>
                                                  <Matrix tx="30.75" ty="19.0" a="0.9679718017578125" d="1.02239990234375"/>
                                             </matrix>
                                             <transformationPoint>
                                                  <Point/>
                                             </transformationPoint>
                                        </DOMSymbolInstance>
                                   </elements>
                              </DOMFrame>
                              <DOMFrame index="13" duration="33" keyMode="9728">
                                   <elements>
                                        <DOMSymbolInstance libraryItemName="Symbol 2104" centerPoint3DX="35.75" centerPoint3DY="24.45">
                                             <matrix>
                                                  <Matrix tx="30.85" ty="19.8"/>
                                             </matrix>
                                             <transformationPoint>
                                                  <Point/>
                                             </transformationPoint>
                                        </DOMSymbolInstance>
                                   </elements>
                              </DOMFrame>
                         </frames>
                    </DOMLayer>
                    <DOMLayer name="Layer 9" color="#c5f2d1" current="true" isSelected="true">
                         <frames>
                              <DOMFrame index="0" keyMode="9728">
                                   <elements>
                                        <DOMSymbolInstance libraryItemName="Symbol 2071" symbolType="graphic" loop="loop">
                                             <matrix>
                                                  <Matrix tx="-0.7" ty="0.0"/>
                                             </matrix>
                                             <transformationPoint>
                                                  <Point/>
                                             </transformationPoint>
                                        </DOMSymbolInstance>
                                   </elements>
                              </DOMFrame>
                              <DOMFrame index="1" keyMode="9728">
                                   <elements>
                                        <DOMSymbolInstance libraryItemName="Symbol 2071" symbolType="graphic" loop="loop">
                                             <matrix>
                                                  <Matrix tx="0.7" ty="0.0"/>
                                             </matrix>
                                             <transformationPoint>
                                                  <Point/>
                                             </transformationPoint>
                                        </DOMSymbolInstance>
                                   </elements>
                              </DOMFrame>
                              <DOMFrame index="2" keyMode="9728">
                                   <elements>
                                        <DOMSymbolInstance libraryItemName="Symbol 2071" symbolType="graphic" loop="loop">
                                             <matrix>
                                                  <Matrix tx="-0.7" ty="0.0"/>
                                             </matrix>
                                             <transformationPoint>
                                                  <Point/>
                                             </transformationPoint>
                                        </DOMSymbolInstance>
                                   </elements>
                              </DOMFrame>
                              <DOMFrame index="3" keyMode="9728">
                                   <elements>
                                        <DOMSymbolInstance libraryItemName="Symbol 2071" symbolType="graphic" loop="loop">
                                             <matrix>
                                                  <Matrix tx="0.7" ty="0.0"/>
                                             </matrix>
                                             <transformationPoint>
                                                  <Point/>
                                             </transformationPoint>
                                        </DOMSymbolInstance>
                                   </elements>
                              </DOMFrame>
                              <DOMFrame index="4" keyMode="9728">
                                   <elements>
                                        <DOMSymbolInstance libraryItemName="Symbol 2071" symbolType="graphic" loop="loop">
                                             <matrix>
                                                  <Matrix tx="-0.7" ty="0.0"/>
                                             </matrix>
                                             <transformationPoint>
                                                  <Point/>
                                             </transformationPoint>
                                        </DOMSymbolInstance>
                                   </elements>
                              </DOMFrame>
                              <DOMFrame index="5" duration="2" keyMode="9728">
                                   <elements>
                                        <DOMSymbolInstance libraryItemName="Symbol 2071" symbolType="graphic" loop="loop">
                                             <matrix>
                                                  <Matrix tx="-6.15" ty="6.25" a="1.25" d="0.89166259765625"/>
                                             </matrix>
                                             <transformationPoint>
                                                  <Point/>
                                             </transformationPoint>
                                        </DOMSymbolInstance>
                                   </elements>
                              </DOMFrame>
                              <DOMFrame index="7" duration="2" keyMode="9728">
                                   <elements>
                                        <DOMSymbolInstance libraryItemName="Symbol 2071" symbolType="graphic" loop="loop">
                                             <matrix>
                                                  <Matrix tx="0.8" ty="-5.45" a="1.0" d="1.100006103515625"/>
                                             </matrix>
                                             <transformationPoint>
                                                  <Point/>
                                             </transformationPoint>
                                        </DOMSymbolInstance>
                                   </elements>
                              </DOMFrame>
                              <DOMFrame index="9" duration="2" keyMode="9728">
                                   <elements>
                                        <DOMSymbolInstance libraryItemName="Symbol 2071" symbolType="graphic" loop="loop">
                                             <matrix>
                                                  <Matrix tx="-0.2" ty="2.7" a="1.0" d="0.9499969482421875"/>
                                             </matrix>
                                             <transformationPoint>
                                                  <Point/>
                                             </transformationPoint>
                                        </DOMSymbolInstance>
                                   </elements>
                              </DOMFrame>
                              <DOMFrame index="11" duration="2" keyMode="9728">
                                   <elements>
                                        <DOMSymbolInstance libraryItemName="Symbol 2097" symbolType="graphic" loop="loop">
                                             <matrix>
                                                  <Matrix tx="0.0" ty="0.0"/>
                                             </matrix>
                                             <transformationPoint>
                                                  <Point/>
                                             </transformationPoint>
                                        </DOMSymbolInstance>
                                   </elements>
                              </DOMFrame>
                              <DOMFrame index="13" duration="33" keyMode="9728">
                                   <elements>
                                        <DOMSymbolInstance libraryItemName="Symbol 2071" symbolType="graphic" loop="loop">
                                             <matrix>
                                                  <Matrix tx="0.0" ty="0.0"/>
                                             </matrix>
                                             <transformationPoint>
                                                  <Point/>
                                             </transformationPoint>
                                        </DOMSymbolInstance>
                                   </elements>
                              </DOMFrame>
                         </frames>
                    </DOMLayer>
               </layers>
          </DOMTimeline>
     </timeline>
</DOMSymbolItem>
