<DOMSymbolItem xmlns="http://ns.adobe.com/xfl/2008/" xmlns:xsi="http://www.w3.org/2001/XMLSchema-instance" name="Symbol 1006" lastModified="1681431985" symbolType="graphic">
     <timeline>
          <DOMTimeline name="Symbol 1006" currentFrame="0">
               <layers>
                    <DOMLayer name="Layer 1">
                         <frames>
                              <DOMFrame index="0" motionTweenScale="false" keyMode="8192">
                                   <elements>
                                        <DOMShape isFloating="true">
                                             <fills>
                                                  <FillStyle index="1">
                                                       <SolidColor color="#000000" alpha="0.3529412"/>
                                                  </FillStyle>
                                             </fills>
                                             <strokes/>
                                             <edges>
                                                  <Edge fillStyle1="1" edges="! 2463 216[ 2505 247 2515 280| 2518 333[ 2518 476 2328 476[ 2218 476 2218 394[ 2218 324 2273 324[ 2297 324 2309 345[ 2321 366 2366 366[ 2406 366 2415 351| 2417 332[ 2417 315 2387 301| 2320 275[ 2222 234 2222 155[ 2222 21 2358 21[ 2410 21 2451 45[ 2493 71 2493 108| 2485 158[ 2475 204 2463 216"/>
                                                  <Edge fillStyle1="1" edges="! 2419 201[ 2393 128 2351 108[ 2307 87 2307 158[ 2307 179 2328 189| 2419 201"/>
                                                  <Edge fillStyle1="1" edges="! 2039 186| 2030 129[ 2030 77 2077 68[ 2126 57 2153 138[ 2161 189 2161 296| 2161 385[ 2150 455 2095 455[ 2068 455 1987 385| 1880 290[ 1880 309 1894 391[ 1895 463 1833 463[ 1799 463 1776 296| 1761 126[ 1761 107 1772 91[ 1787 70 1816 70[ 1852 70 1938 164| 2043 277| 2047 243| 2039 186"/>
                                                  <Edge fillStyle1="1" edges="! 1690 385[ 1633 449 1558 449[ 1439 449 1396 360[ 1383 332 1379 298| 1377 268[ 1377 180 1433 134[ 1483 93 1556 100[ 1628 107 1678 158[ 1734 215 1734 302[ 1734 334 1690 385"/>
                                                  <Edge fillStyle1="1" edges="! 1630 263[ 1630 256 1606 238[ 1580 218 1554 209[ 1478 182 1478 266[ 1478 277 1493 305[ 1513 341 1537 341[ 1601 341 1622 301[ 1633 281 1630 263"/>
                                                  <Edge fillStyle1="1" edges="! 1288 106[ 1259 126 1164 127| 1159 186| 1165 402[ 1165 480 1106 480[ 1058 480 1043 309| 1038 141| 1039 124| 958 115[ 990 159 990 218[ 990 286 973 309[ 928 369 766 375| 771 493[ 763 582 700 582[ 631 582 631 496| 643 385| 633 269| 632 259[ 629 330 579 411[ 495 548 324 548[ 123 548 42 432[ 0 371 0 302[ 0 188 30 140[ 82 55 252 17[ 491 -38 583 81[ 613 119 625 173[ 628 101 681 63[ 733 25 807 33[ 865 38 909 69| 909 64[ 909 37 971 19[ 1027 2 1106 0[ 1303 -5 1303 68[ 1303 95 1288 106"/>
                                                  <Edge fillStyle1="1" edges="! 1341 205[ 1349 295 1349 351[ 1349 386 1343 402[ 1331 436 1292 436[ 1246 436 1235 322| 1233 207[ 1233 163 1260 147[ 1295 127 1341 205"/>
                                                  <Edge fillStyle1="1" edges="! 846 165[ 826 146 800 148[ 734 153 742 250| 835 250[ 870 230 867 219[ 867 185 846 165"/>
                                                  <Edge fillStyle1="1" edges="! 514 249[ 514 168 429 119[ 282 79 186 144[ 112 195 112 252[ 112 312 135 353[ 177 427 286 427[ 424 427 482 341[ 512 298 514 249"/>
                                             </edges>
                                        </DOMShape>
                                   </elements>
                              </DOMFrame>
                         </frames>
                    </DOMLayer>
               </layers>
          </DOMTimeline>
     </timeline>
</DOMSymbolItem>
