<DOMSymbolItem xmlns="http://ns.adobe.com/xfl/2008/" xmlns:xsi="http://www.w3.org/2001/XMLSchema-instance" name="Symbol 2129" lastModified="1681431985">
     <timeline>
          <DOMTimeline name="Symbol 2129">
               <layers>
                    <DOMLayer name="Layer 1" color="#a5f8ee" current="true" isSelected="true">
                         <frames>
                              <DOMFrame index="0" keyMode="9728">
                                   <elements>
                                        <DOMShape isFloating="true">
                                             <fills>
                                                  <FillStyle index="1">
                                                       <SolidColor color="#000000" alpha="1.0"/>
                                                  </FillStyle>
                                                  <FillStyle index="2">
                                                       <SolidColor color="#872323" alpha="1.0"/>
                                                  </FillStyle>
                                                  <FillStyle index="3">
                                                       <SolidColor color="#bc3232" alpha="1.0"/>
                                                  </FillStyle>
                                                  <FillStyle index="4">
                                                       <SolidColor color="#f1c9c9" alpha="1.0"/>
                                                  </FillStyle>
                                                  <FillStyle index="5">
                                                       <SolidColor color="#000000" alpha="0.27058825"/>
                                                  </FillStyle>
                                             </fills>
                                             <strokes/>
                                             <edges>
                                                  <Edge fillStyle1="1" edges="! 180 52| 181 51| 186 45| 188 43| 189 41| 191 40| 197 33| 198 30[ 236 -10 294 3[ 325 9 346 23| 348 24| 367 38| 386 54| 395 70[ 413 102 412 136[ 409 178 379 210| 363 226[ 331 269 270 297| 257 305| 221 324| 218 325| 199 335| 197 336| 197 335| 183 327| 170 295"/>
                                                  <Edge fillStyle1="5" edges="! 170 295| 158 292"/>
                                                  <Edge fillStyle1="1" edges="! 158 292| 157 292| 159 312| 139 303| 129 297| 110 282| 107 279| 107 278[ 102 270 108 264| 107 263| 107 256"/>
                                                  <Edge fillStyle1="5" edges="! 107 256| 105 255"/>
                                                  <Edge fillStyle1="1" edges="! 105 255| 103 257| 91 267| 88 267| 73 253| 58 241| 55 238| 55 236[ 53 234 58 226| 66 217| 67 215"/>
                                                  <Edge fillStyle1="5" edges="! 67 215| 60 209| 57 207"/>
                                                  <Edge fillStyle1="1" edges="! 57 207| 52 211| 42 219| 33 211| 33 210| 26 203| 17 193[ 14 188 19 183[ 22 175 33 172"/>
                                                  <Edge fillStyle1="5" edges="! 33 172| 29 162"/>
                                                  <Edge fillStyle1="1" edges="! 29 162| 13 168| 7 166| 3 161| 0 141[ -1 124 3 120| 4 119| 13 121| 24 121"/>
                                                  <Edge fillStyle1="5" edges="! 24 121| 25 114| 26 107"/>
                                                  <Edge fillStyle1="1" edges="! 26 107| 16 106| 5 104| 4 103[ 16 40 39 68"/>
                                                  <Edge fillStyle1="5" edges="! 39 68| 40 65"/>
                                                  <Edge fillStyle1="1" edges="! 40 65| 32 57| 31 52| 48 42| 65 29| 66 30| 75 47"/>
                                                  <Edge fillStyle1="5" edges="! 75 47| 83 45"/>
                                                  <Edge fillStyle1="1" edges="! 83 45| 75 31| 75 27| 97 23| 107 24| 120 24[ 125 25 127 29| 129 39"/>
                                                  <Edge fillStyle1="5" edges="! 129 39| 134 40"/>
                                                  <Edge fillStyle1="1" edges="! 134 40[ 133 28 135 25| 154 24| 154 25| 181 31| 180 32| 173 47"/>
                                                  <Edge fillStyle1="5" edges="! 173 47| 180 52"/>
                                                  <Edge fillStyle0="1" fillStyle1="5" edges="! 180 52| 175 57| 172 62| 162 74| 155 87| 152 94[ 145 108 144 118[ 138 142 141 164| 141 168[ 142 190 150 223[ 153 237 159 248| 158 250| 170 295"/>
                                                  <Edge fillStyle0="2" fillStyle1="1" edges="! 181 233| 193 264| 203 279| 209 274| 283 221[ 387 140 349 74[ 335 50 285 45| 267 44| 258 45| 229 55| 213 66"/>
                                                  <Edge fillStyle0="2" fillStyle1="3" edges="! 213 66[ 231 54 255 54[ 294 52 311 83[ 330 115 307 149[ 290 176 233 221| 195 234| 181 233"/>
                                                  <Edge fillStyle0="1" fillStyle1="3" edges="! 181 233| 180 229| 178 221| 174 201| 171 168[ 165 133 181 99| 182 99"/>
                                                  <Edge fillStyle0="1" fillStyle1="2" edges="! 182 99| 181 98| 184 97"/>
                                                  <Edge fillStyle0="1" fillStyle1="3" edges="! 184 97| 187 94| 187 92| 187 91| 188 91| 188 90[ 188 87 191 86[ 200 73 213 66"/>
                                                  <Edge fillStyle0="3" fillStyle1="4" edges="! 239 74| 250 83[ 255 92 246 108[ 235 126 215 133| 193 136| 186 129[ 181 121 194 98[ 208 76 222 71| 239 74"/>
                                                  <Edge fillStyle0="5" fillStyle1="1" edges="! 173 47| 171 54| 169 55| 152 53| 140 48| 138 47| 135 44| 134 40"/>
                                                  <Edge fillStyle0="5" fillStyle1="1" edges="! 129 39| 130 41| 130 47| 131 48| 128 53| 105 54| 87 53| 85 52| 84 46| 83 45"/>
                                                  <Edge fillStyle0="3" fillStyle1="2" edges="! 184 97| 182 99"/>
                                                  <Edge fillStyle0="1" fillStyle1="5" edges="! 40 65| 42 68| 55 75| 58 72| 61 71[ 79 65 79 56| 79 54| 78 53| 75 48| 75 47"/>
                                                  <Edge fillStyle0="5" fillStyle1="1" edges="! 39 68| 47 80| 51 84| 40 111| 34 109| 31 110| 26 107"/>
                                                  <Edge fillStyle0="5" fillStyle1="1" edges="! 24 121| 29 122| 29 120[ 32 114 38 123| 41 142[ 41 157 37 158| 36 161| 35 160| 29 162"/>
                                                  <Edge fillStyle0="5" fillStyle1="1" edges="! 33 172| 34 171| 36 172| 36 171[ 41 165 50 173| 64 192[ 69 200 63 202| 61 203| 57 207"/>
                                                  <Edge fillStyle0="5" fillStyle1="1" edges="! 67 215[ 66 212 74 209[ 81 207 107 235[ 111 242 107 244| 105 251| 105 253| 105 255"/>
                                                  <Edge fillStyle0="3" fillStyle1="4" edges="! 193 146| 193 150| 191 155| 184 152| 180 150[ 176 143 183 142[ 190 140 193 146"/>
                                                  <Edge fillStyle0="5" fillStyle1="1" edges="! 107 256[ 107 253 110 249[ 112 245 126 252| 154 269| 155 278| 157 280| 158 292"/>
                                             </edges>
                                        </DOMShape>
                                   </elements>
                              </DOMFrame>
                         </frames>
                    </DOMLayer>
               </layers>
          </DOMTimeline>
     </timeline>
</DOMSymbolItem>
