<DOMSymbolItem xmlns="http://ns.adobe.com/xfl/2008/" xmlns:xsi="http://www.w3.org/2001/XMLSchema-instance" name="Symbol 1918" lastModified="1681431985" symbolType="graphic">
     <timeline>
          <DOMTimeline name="Symbol 1918" currentFrame="0">
               <layers>
                    <DOMLayer name="Layer 1">
                         <frames>
                              <DOMFrame index="0" motionTweenScale="false" keyMode="8192">
                                   <elements>
                                        <DOMShape isFloating="true">
                                             <fills>
                                                  <FillStyle index="1">
                                                       <SolidColor color="#ff9900"/>
                                                  </FillStyle>
                                                  <FillStyle index="2">
                                                       <SolidColor color="#ffff00"/>
                                                  </FillStyle>
                                             </fills>
                                             <strokes/>
                                             <edges>
                                                  <Edge fillStyle0="1" fillStyle1="2" edges="! 97 -2| 92 17[ 83 32 62 32[ 41 32 35 19| 33 6[ 33 -27 65 -29[ 97 -31 97 -2"/>
                                                  <Edge fillStyle0="0" fillStyle1="2" edges="! 79 -55[ 67 -55 67 -64[ 67 -71 78 -72[ 88 -73 88 -64[ 88 -55 79 -55"/>
                                                  <Edge fillStyle0="0" fillStyle1="1" edges="! 109 44[ 94 73 67 73| 31 67| 25 78[ 18 85 8 85[ -18 85 -14 58| -13 42[ -10 33 4 31| 3 26[ 3 -35 61 -40[ 119 -45 119 7[ 119 24 109 44"/>
                                                  <Edge fillStyle0="0" fillStyle1="1" edges="! 157 73[ 146 73 144 67| 144 60[ 144 49 156 48[ 168 47 168 59| 164 68| 157 73"/>
                                             </edges>
                                        </DOMShape>
                                   </elements>
                              </DOMFrame>
                         </frames>
                    </DOMLayer>
               </layers>
          </DOMTimeline>
     </timeline>
</DOMSymbolItem>
