<DOMSymbolItem xmlns="http://ns.adobe.com/xfl/2008/" xmlns:xsi="http://www.w3.org/2001/XMLSchema-instance" name="Symbol 1134" lastModified="1681431985" symbolType="graphic">
     <timeline>
          <DOMTimeline name="Symbol 1134" currentFrame="0">
               <layers>
                    <DOMLayer name="Layer 1">
                         <frames>
                              <DOMFrame index="0" motionTweenScale="false" keyMode="8192">
                                   <elements>
                                        <DOMShape isFloating="true">
                                             <fills>
                                                  <FillStyle index="1">
                                                       <SolidColor color="#949191" alpha="0.7137255"/>
                                                  </FillStyle>
                                             </fills>
                                             <strokes/>
                                             <edges>
                                                  <Edge fillStyle1="1" edges="! 1998 278| 1998 640| 1882 640| 1882 810| 1420 810[ 1417 848 1382 848| 1345 810| 1335 810| 1335 1126| 787 1126| 787 1334| 254 1334[ 281 1370 280 1376| 271 1400[ 262 1413 248 1413[ 209 1413 151 1334| -99 1334| -99 417| 389 417[ 400 399 425 407| 425 263| 456 263| 456 201| 1096 201| 1096 16| 1383 16[ 1412 -16 1504 16| 1882 16| 1882 278| 1998 278"/>
                                             </edges>
                                        </DOMShape>
                                   </elements>
                              </DOMFrame>
                         </frames>
                    </DOMLayer>
               </layers>
          </DOMTimeline>
     </timeline>
</DOMSymbolItem>
