<DOMSymbolItem xmlns="http://ns.adobe.com/xfl/2008/" xmlns:xsi="http://www.w3.org/2001/XMLSchema-instance" name="Symbol 1949" lastModified="1681431985">
     <timeline>
          <DOMTimeline name="Symbol 1949">
               <layers>
                    <DOMLayer name="Layer 1" color="#eff0b9">
                         <frames>
                              <DOMFrame index="0" keyMode="9728">
                                   <elements>
                                        <DOMShape isFloating="true">
                                             <fills>
                                                  <FillStyle index="1">
                                                       <SolidColor color="#737373" alpha="0.3019608"/>
                                                  </FillStyle>
                                             </fills>
                                             <strokes/>
                                             <edges>
                                                  <Edge fillStyle0="1" edges="! 470 339| 379 326[ 268 317 178 347[ 111 370 83 398[ 37 446 62 502[ 83 558 155 569| 204 565[ 236 561 268 566[ 317 573 339 587[ 364 602 389 605[ 462 616 538 571[ 577 549 600 523[ 647 474 634 434[ 617 375 470 339"/>
                                             </edges>
                                        </DOMShape>
                                   </elements>
                              </DOMFrame>
                              <DOMFrame index="1" keyMode="9728">
                                   <elements>
                                        <DOMShape isFloating="true">
                                             <fills>
                                                  <FillStyle index="1">
                                                       <SolidColor color="#737373" alpha="0.3019608"/>
                                                  </FillStyle>
                                             </fills>
                                             <strokes/>
                                             <edges>
                                                  <Edge fillStyle0="1" edges="! 644 413[ 625 380 561 350[ 498 322 433 309| 393 303| 275 300[ 199 301 188 311| 187 315[ 157 323 128 334[ 43 367 17 394[ -16 428 -22 478[ -31 557 83 573| 150 572| 241 574[ 294 582 307 595| 313 601| 318 612| 319 618[ 325 632 358 640[ 420 673 509 657| 583 623| 615 592[ 649 558 659 531[ 670 509 674 462[ 675 439 644 413"/>
                                             </edges>
                                        </DOMShape>
                                   </elements>
                              </DOMFrame>
                              <DOMFrame index="2" keyMode="9728">
                                   <elements>
                                        <DOMShape isFloating="true">
                                             <fills>
                                                  <FillStyle index="1">
                                                       <SolidColor color="#737373" alpha="0.3019608"/>
                                                  </FillStyle>
                                             </fills>
                                             <strokes/>
                                             <edges>
                                                  <Edge fillStyle0="1" edges="! 688 406[ 624 341 499 324| 400 310| 368 304| 319 302| 298 300| 229 304| 231 309| 204 313[ 114 326 80 338[ 53 346 13 370| -39 408[ -51 421 -63 451[ -77 482 -73 490[ -64 512 5 549[ 79 587 103 562| 100 543[ 95 526 109 513[ 122 498 154 485[ 208 462 280 472[ 351 481 352 517[ 352 534 338 551[ 323 552 305 563| 279 580[ 245 616 282 644[ 318 669 395 677| 546 669[ 627 651 665 612| 717 554[ 732 529 734 482[ 734 449 688 406"/>
                                             </edges>
                                        </DOMShape>
                                   </elements>
                              </DOMFrame>
                              <DOMFrame index="3" keyMode="9728">
                                   <elements>
                                        <DOMShape isFloating="true">
                                             <fills>
                                                  <FillStyle index="1">
                                                       <SolidColor color="#737373" alpha="0.3019608"/>
                                                  </FillStyle>
                                             </fills>
                                             <strokes/>
                                             <edges>
                                                  <Edge fillStyle0="1" edges="! 443 299[ 292 277 130 301[ -33 325 -83 378[ -134 431 -139 461[ -142 488 -131 508| -102 538[ -81 554 -66 559| -47 568[ -19 575 -6 562| -2 539[ 2 517 22 498[ 60 456 174 441[ 263 430 333 439[ 396 448 419 476[ 432 491 429 502| 262 516[ 218 525 206 533[ 197 539 187 554[ 159 585 164 613[ 175 650 249 677| 337 690[ 465 712 583 656[ 653 624 695 579[ 794 475 694 393[ 609 322 443 299"/>
                                             </edges>
                                        </DOMShape>
                                   </elements>
                              </DOMFrame>
                              <DOMFrame index="4" duration="12" keyMode="9728">
                                   <elements/>
                              </DOMFrame>
                         </frames>
                    </DOMLayer>
                    <DOMLayer name="Layer 2" color="#76c6b5">
                         <frames>
                              <DOMFrame index="0" keyMode="9728">
                                   <elements>
                                        <DOMSymbolInstance libraryItemName="Symbol 1933" name="p" centerPoint3DX="22.9" centerPoint3DY="21.8">
                                             <matrix>
                                                  <Matrix tx="0.0" ty="0.0"/>
                                             </matrix>
                                             <transformationPoint>
                                                  <Point/>
                                             </transformationPoint>
                                        </DOMSymbolInstance>
                                   </elements>
                              </DOMFrame>
                              <DOMFrame index="1" keyMode="9728">
                                   <elements>
                                        <DOMSymbolInstance libraryItemName="Symbol 1933" name="p" centerPoint3DX="27.05" centerPoint3DY="12.6">
                                             <matrix>
                                                  <Matrix tx="4.15" ty="-9.2" a="0.621002197265625" d="1.3143768310546875"/>
                                             </matrix>
                                             <transformationPoint>
                                                  <Point/>
                                             </transformationPoint>
                                        </DOMSymbolInstance>
                                   </elements>
                              </DOMFrame>
                              <DOMFrame index="2" keyMode="9728">
                                   <elements>
                                        <DOMSymbolInstance libraryItemName="Symbol 1933" name="p" centerPoint3DX="9.05" centerPoint3DY="33.3">
                                             <matrix>
                                                  <Matrix tx="-13.85" ty="11.5" a="1.8538818359375" d="0.6220703125"/>
                                             </matrix>
                                             <transformationPoint>
                                                  <Point/>
                                             </transformationPoint>
                                        </DOMSymbolInstance>
                                   </elements>
                              </DOMFrame>
                              <DOMFrame index="3" keyMode="9728">
                                   <elements>
                                        <DOMSymbolInstance libraryItemName="Symbol 1933" name="p" centerPoint3DX="-16.75" centerPoint3DY="40.55">
                                             <matrix>
                                                  <Matrix tx="-39.65" ty="18.75" a="3.387603759765625" d="0.32843017578125"/>
                                             </matrix>
                                             <transformationPoint>
                                                  <Point/>
                                             </transformationPoint>
                                        </DOMSymbolInstance>
                                   </elements>
                              </DOMFrame>
                              <DOMFrame index="4" keyMode="9728">
                                   <elements>
                                        <DOMShape isFloating="true">
                                             <fills>
                                                  <FillStyle index="1">
                                                       <SolidColor color="#737373" alpha="0.3019608"/>
                                                  </FillStyle>
                                             </fills>
                                             <strokes/>
                                             <edges>
                                                  <Edge fillStyle0="1" edges="! 651 355[ 563 310 501 301[ 216 260 25 311[ -87 341 -133 389[ -164 423 -162 486[ -160 552 -112 559| -109 560| -106 560| -63 558| -52 525[ -41 490 -24 473[ 76 368 371 409[ 485 425 509 468[ 527 497 509 516| 507 518| 505 500[ 489 459 375 443[ 289 431 207 459[ 144 481 115 512[ 95 533 91 548[ 86 567 99 590[ 120 623 144 637| 169 646| 223 666[ 243 676 324 684| 414 690[ 481 684 531 666| 612 637[ 656 623 680 605| 712 570[ 764 516 759 452[ 756 407 651 355"/>
                                             </edges>
                                        </DOMShape>
                                   </elements>
                              </DOMFrame>
                              <DOMFrame index="5" keyMode="9728">
                                   <elements>
                                        <DOMShape isFloating="true">
                                             <fills>
                                                  <FillStyle index="1">
                                                       <SolidColor color="#737373" alpha="0.3019608"/>
                                                  </FillStyle>
                                             </fills>
                                             <strokes/>
                                             <edges>
                                                  <Edge fillStyle0="1" edges="! 700 372[ 602 304 434 280[ 337 266 210 277[ 98 286 23 308[ -19 319 -59 345| -113 388[ -162 441 -165 464[ -169 504 -100 564| -90 562| -89 567| -73 562| -71 515[ -66 467 -29 427[ 4 393 66 373[ 180 335 360 360[ 474 376 525 427[ 571 474 533 513| 507 535| 517 524[ 539 501 533 477[ 521 435 413 420[ 290 402 188 434[ 161 443 144 451[ 123 453 97 468[ 79 478 67 489[ 24 535 29 564[ 37 587 67 605[ 69 615 90 626[ 126 647 185 658| 260 668[ 315 681 412 658| 502 631| 477 666[ 471 671 475 676| 490 671[ 548 666 614 629[ 666 600 696 568| 746 511[ 759 488 764 443[ 764 420 700 372"/>
                                                  <Edge fillStyle0="1" edges="! 495 544| 482 555| 475 555| 495 544"/>
                                             </edges>
                                        </DOMShape>
                                   </elements>
                              </DOMFrame>
                              <DOMFrame index="6" duration="10" keyMode="9728">
                                   <elements/>
                              </DOMFrame>
                         </frames>
                    </DOMLayer>
                    <DOMLayer name="Layer 3" color="#d18878" current="true" isSelected="true">
                         <frames>
                              <DOMFrame index="0" keyMode="9728">
                                   <elements/>
                              </DOMFrame>
                              <DOMFrame index="1" keyMode="9728">
                                   <elements>
                                        <DOMSymbolInstance libraryItemName="Symbol 1933" centerPoint3DX="25.75" centerPoint3DY="19.1">
                                             <matrix>
                                                  <Matrix tx="2.85" ty="-2.7" a="0.7397308349609375" d="1.08026123046875"/>
                                             </matrix>
                                             <transformationPoint>
                                                  <Point/>
                                             </transformationPoint>
                                             <color>
                                                  <Color redMultiplier="0.0" greenMultiplier="0.0" blueMultiplier="0.0" redOffset="113" greenOffset="113" blueOffset="113"/>
                                             </color>
                                        </DOMSymbolInstance>
                                   </elements>
                              </DOMFrame>
                              <DOMFrame index="2" keyMode="9728">
                                   <elements>
                                        <DOMSymbolInstance libraryItemName="Symbol 1933" centerPoint3DX="13.65" centerPoint3DY="27.8">
                                             <matrix>
                                                  <Matrix tx="-9.25" ty="6.0" a="1.435546875" d="0.7993316650390625"/>
                                             </matrix>
                                             <transformationPoint>
                                                  <Point/>
                                             </transformationPoint>
                                             <color>
                                                  <Color redMultiplier="0.0" greenMultiplier="0.0" blueMultiplier="0.0" redOffset="113" greenOffset="113" blueOffset="113"/>
                                             </color>
                                        </DOMSymbolInstance>
                                   </elements>
                              </DOMFrame>
                              <DOMFrame index="3" keyMode="9728">
                                   <elements>
                                        <DOMSymbolInstance libraryItemName="Symbol 1933" centerPoint3DX="-4.95" centerPoint3DY="33.85">
                                             <matrix>
                                                  <Matrix tx="-27.85" ty="12.05" a="2.353179931640625" d="0.5071258544921875"/>
                                             </matrix>
                                             <transformationPoint>
                                                  <Point/>
                                             </transformationPoint>
                                             <color>
                                                  <Color redMultiplier="0.0" greenMultiplier="0.0" blueMultiplier="0.0" redOffset="113" greenOffset="113" blueOffset="113"/>
                                             </color>
                                        </DOMSymbolInstance>
                                   </elements>
                              </DOMFrame>
                              <DOMFrame index="4" keyMode="9728">
                                   <elements>
                                        <DOMSymbolInstance libraryItemName="Symbol 1933" centerPoint3DX="-11.6" centerPoint3DY="38.2">
                                             <matrix>
                                                  <Matrix tx="-34.5" ty="16.4" a="2.97869873046875" d="0.3655548095703125" b="0.0" c="-0.0122528076171875"/>
                                             </matrix>
                                             <transformationPoint>
                                                  <Point/>
                                             </transformationPoint>
                                             <color>
                                                  <Color redMultiplier="0.0" greenMultiplier="0.0" blueMultiplier="0.0" redOffset="113" greenOffset="113" blueOffset="113"/>
                                             </color>
                                        </DOMSymbolInstance>
                                   </elements>
                              </DOMFrame>
                              <DOMFrame index="5" keyMode="9728">
                                   <elements>
                                        <DOMSymbolInstance libraryItemName="Symbol 1933" centerPoint3DX="-41.45" centerPoint3DY="44.4">
                                             <matrix>
                                                  <Matrix tx="-64.35" ty="22.6" a="5.2686767578125" d="0.0400390625"/>
                                             </matrix>
                                             <transformationPoint>
                                                  <Point/>
                                             </transformationPoint>
                                             <color>
                                                  <Color redMultiplier="0.0" greenMultiplier="0.0" blueMultiplier="0.0" redOffset="113" greenOffset="113" blueOffset="113"/>
                                             </color>
                                        </DOMSymbolInstance>
                                   </elements>
                              </DOMFrame>
                              <DOMFrame index="6" keyMode="9728">
                                   <elements>
                                        <DOMShape isFloating="true">
                                             <fills>
                                                  <FillStyle index="1">
                                                       <SolidColor color="#737373" alpha="0.3019608"/>
                                                  </FillStyle>
                                             </fills>
                                             <strokes/>
                                             <edges>
                                                  <Edge fillStyle0="1" edges="! 431 392[ 319 376 195 407[ 100 431 82 448| 82 449| 43 473[ 12 507 13 538[ 17 577 66 610[ 69 615 93 603[ 104 597 132 588| 142 585| 183 603[ 239 623 310 630[ 380 642 457 617[ 518 597 537 578| 538 575| 577 569[ 593 570 605 579| 593 613| 590 616| 590 617| 612 614[ 642 606 684 582| 719 557| 743 533| 780 485[ 785 463 769 426[ 757 400 701 358[ 653 320 612 306[ 558 280 446 265| 195 258[ 72 266 18 285[ -13 295 -57 320| -116 360[ -148 393 -157 410| -164 422[ -176 436 -177 449[ -177 462 -162 486| -148 481| -149 473| -133 468| -102 435| -64 405[ -21 368 57 349| 109 341| 181 332[ 218 326 276 331| 280 334| 335 340[ 550 371 583 441[ 605 482 568 521[ 551 540 505 564[ 437 603 379 595| 307 578| 308 578| 394 580| 468 563| 519 538| 539 518[ 565 491 559 461[ 551 408 431 392"/>
                                             </edges>
                                        </DOMShape>
                                   </elements>
                              </DOMFrame>
                              <DOMFrame index="7" keyMode="9728">
                                   <elements>
                                        <DOMShape isFloating="true">
                                             <fills>
                                                  <FillStyle index="1">
                                                       <SolidColor color="#737373" alpha="0.3019608"/>
                                                  </FillStyle>
                                             </fills>
                                             <strokes/>
                                             <edges>
                                                  <Edge fillStyle0="1" edges="! 417 248[ 175 240 18 291[ -95 327 -152 388| -177 434[ -196 479 -177 482| -175 482[ -166 493 -152 478[ -139 449 -117 426[ -64 371 24 339[ 169 286 379 307| 459 319[ 639 384 633 452[ 631 472 608 508[ 597 524 594 535| 588 537| 583 541| 588 551[ 583 559 584 564| 595 560| 601 576| 590 592[ 587 598 590 602| 583 605[ 576 614 590 616| 622 612[ 656 608 695 586[ 730 565 752 542[ 776 518 778 504| 787 453| 793 428[ 795 415 785 403[ 743 355 707 347[ 644 305 514 262| 417 248"/>
                                                  <Edge fillStyle0="1" edges="! 411 385[ 262 364 145 408[ 78 434 46 467[ 31 482 19 503| 0 539[ 0 547 20 579[ 26 593 46 604| 86 602[ 100 539 111 528[ 125 513 153 499[ 194 477 235 484[ 283 491 287 514| 274 523| 253 541[ 242 553 253 574[ 267 602 318 609[ 404 621 494 583[ 555 556 574 535[ 599 509 573 464[ 540 403 411 385"/>
                                             </edges>
                                        </DOMShape>
                                   </elements>
                              </DOMFrame>
                              <DOMFrame index="8" keyMode="9728">
                                   <elements>
                                        <DOMShape isFloating="true">
                                             <fills>
                                                  <FillStyle index="1">
                                                       <SolidColor color="#737373" alpha="0.3019608"/>
                                                  </FillStyle>
                                             </fills>
                                             <strokes/>
                                             <edges>
                                                  <Edge fillStyle0="1" edges="! 827 432[ 827 406 782 354[ 773 342 713 308[ 681 289 589 271| 506 257| 445 249| 440 250| 421 247[ 401 245 393 254[ 387 262 436 271[ 509 284 549 303| 621 348[ 670 382 681 426| 697 464| 707 498| 699 532| 674 563| 627 604| 602 613| 661 610[ 741 586 761 566| 810 502[ 829 469 827 432"/>
                                                  <Edge fillStyle0="1" edges="! 562 282| 552 277| 568 280| 562 282"/>
                                                  <Edge fillStyle0="1" edges="! 678 354| 666 343| 666 342| 678 354"/>
                                                  <Edge fillStyle0="1" edges="! 168 463[ 219 459 251 464[ 294 470 293 486| 285 501| 261 503| 208 512| 174 524| 166 536[ 120 585 191 617| 207 624[ 212 631 243 639| 249 640| 276 645| 369 635[ 511 611 549 572[ 584 534 566 484[ 539 410 369 386[ 261 371 117 449[ 98 467 114 469| 116 468| 120 469| 168 463"/>
                                                  <Edge fillStyle0="1" edges="! 25 303| 34 302| 26 304| 25 304| 25 303"/>
                                                  <Edge fillStyle0="1" edges="! 224 249| 217 248| 188 249[ 144 243 -38 302[ -65 311 -104 334| -157 370| -191 432[ -201 464 -193 483[ -190 498 -176 489[ -171 493 -161 483[ -147 440 -122 416[ -52 341 105 295[ 185 273 256 258[ 262 250 249 249| 224 249"/>
                                                  <Edge fillStyle0="1" edges="! 65 579| 60 568[ 57 554 63 543| 76 523[ 85 511 72 508[ 51 506 29 525[ 13 542 30 569[ 48 596 65 579"/>
                                             </edges>
                                        </DOMShape>
                                   </elements>
                              </DOMFrame>
                              <DOMFrame index="9" keyMode="9728">
                                   <elements>
                                        <DOMShape isFloating="true">
                                             <fills>
                                                  <FillStyle index="1">
                                                       <SolidColor color="#737373" alpha="0.3019608"/>
                                                  </FillStyle>
                                             </fills>
                                             <strokes/>
                                             <edges>
                                                  <Edge fillStyle0="1" edges="! 825 457[ 831 421 814 388[ 768 289 555 259| 524 261| 578 285[ 645 311 682 331| 722 365| 744 396[ 765 425 777 457| 778 472| 778 486[ 784 501 794 502[ 803 504 812 494[ 820 485 825 457"/>
                                                  <Edge fillStyle0="1" edges="! 10 279| -68 308[ -87 315 -116 332| -156 360| -185 395[ -198 416 -190 429| -185 426| -183 421| -179 418| -176 422| -157 405| -114 371[ -72 341 -58 334[ -22 316 46 293| 104 272[ 110 266 97 263[ 69 259 10 279"/>
                                                  <Edge fillStyle0="1" edges="! 292 401| 339 405[ 407 414 410 444[ 411 458 398 473[ 369 502 338 497| 306 486| 302 485| 269 477[ 203 468 158 489[ 135 500 125 513[ 94 545 135 593| 137 594[ 125 612 160 626| 205 638| 208 640| 211 638| 269 643[ 448 644 532 557[ 582 503 531 451[ 486 402 399 391| 348 386| 334 388| 281 391[ 275 399 292 401"/>
                                                  <Edge fillStyle0="1" edges="! 220 427| 285 438| 298 436[ 302 431 289 424| 239 412[ 212 408 206 417[ 199 424 220 427"/>
                                                  <Edge fillStyle0="1" edges="! 758 523| 749 533| 734 548| 702 569| 680 586| 656 604[ 640 620 690 601[ 740 582 761 560| 781 538[ 796 517 777 514[ 770 513 758 523"/>
                                             </edges>
                                        </DOMShape>
                                   </elements>
                              </DOMFrame>
                              <DOMFrame index="10" keyMode="9728">
                                   <elements>
                                        <DOMShape isFloating="true">
                                             <fills>
                                                  <FillStyle index="1">
                                                       <SolidColor color="#737373" alpha="0.3019608"/>
                                                  </FillStyle>
                                             </fills>
                                             <strokes/>
                                             <edges>
                                                  <Edge fillStyle0="1" edges="! 509 438| 488 439| 481 443| 500 468[ 519 494 515 512| 509 543[ 505 555 527 551[ 544 546 551 538[ 573 515 555 479[ 539 442 509 438"/>
                                                  <Edge fillStyle0="1" edges="! 637 275| 625 277| 678 304[ 738 331 746 338| 781 377[ 803 401 815 388[ 822 382 771 331[ 738 311 718 301[ 682 283 637 275"/>
                                                  <Edge fillStyle0="1" edges="! 139 474[ 110 487 86 512[ 61 537 75 569| 75 574[ 80 607 122 625[ 145 640 203 648| 402 639[ 456 623 470 607| 475 600| 488 595| 490 588[ 488 584 478 582| 462 584| 442 587| 418 583[ 405 580 395 562| 395 541| 433 509[ 451 465 404 458| 381 462| 373 472| 369 476| 358 471| 280 461[ 193 453 139 474"/>
                                             </edges>
                                        </DOMShape>
                                   </elements>
                              </DOMFrame>
                              <DOMFrame index="11" keyMode="9728">
                                   <elements>
                                        <DOMShape isFloating="true">
                                             <fills>
                                                  <FillStyle index="1">
                                                       <SolidColor color="#737373" alpha="0.3019608"/>
                                                  </FillStyle>
                                             </fills>
                                             <strokes/>
                                             <edges>
                                                  <Edge fillStyle0="1" edges="! 410 466[ 379 446 329 439[ 227 424 142 455[ 86 474 69 494| 50 519| 35 529[ -22 589 136 631| 250 651| 317 647| 244 619[ 170 593 192 569[ 225 535 322 530| 390 528[ 421 524 429 517[ 432 513 424 498| 422 493| 429 490[ 436 481 410 466"/>
                                                  <Edge fillStyle0="1" edges="! 393 640[ 427 636 438 625| 444 618[ 449 613 439 612[ 424 609 395 620| 368 630[ 356 644 393 640"/>
                                             </edges>
                                        </DOMShape>
                                   </elements>
                              </DOMFrame>
                              <DOMFrame index="12" keyMode="9728">
                                   <elements>
                                        <DOMShape isFloating="true">
                                             <fills>
                                                  <FillStyle index="1">
                                                       <SolidColor color="#737373" alpha="0.3019608"/>
                                                  </FillStyle>
                                             </fills>
                                             <strokes/>
                                             <edges>
                                                  <Edge fillStyle0="1" edges="! 103 446[ 59 465 37 490[ 6 522 15 565[ 24 610 72 617| 103 620| 105 618| 99 579[ 95 567 97 558[ 106 543 131 518| 149 502[ 202 474 276 484[ 349 495 377 506| 404 516[ 424 519 434 509[ 454 488 434 469[ 405 438 297 423[ 187 407 103 446"/>
                                             </edges>
                                        </DOMShape>
                                   </elements>
                              </DOMFrame>
                              <DOMFrame index="13" keyMode="9728">
                                   <elements>
                                        <DOMShape isFloating="true">
                                             <fills>
                                                  <FillStyle index="1">
                                                       <SolidColor color="#737373" alpha="0.3019608"/>
                                                  </FillStyle>
                                             </fills>
                                             <strokes/>
                                             <edges>
                                                  <Edge fillStyle0="1" edges="! 180 453[ 229 449 270 454[ 364 468 400 487| 431 506[ 450 509 457 500[ 471 483 457 463[ 431 428 322 413[ 230 401 150 423[ 95 438 85 451[ 73 461 82 465| 134 460| 180 453"/>
                                                  <Edge fillStyle0="1" edges="! 6 535[ 15 551 26 539| 42 494[ 23 492 3 513[ -3 521 6 535"/>
                                             </edges>
                                        </DOMShape>
                                   </elements>
                              </DOMFrame>
                              <DOMFrame index="14" keyMode="9728">
                                   <elements>
                                        <DOMShape isFloating="true">
                                             <fills>
                                                  <FillStyle index="1">
                                                       <SolidColor color="#737373" alpha="0.3019608"/>
                                                  </FillStyle>
                                             </fills>
                                             <strokes/>
                                             <edges>
                                                  <Edge fillStyle0="1" edges="! 466 494| 470 491[ 485 476 475 457[ 461 427 374 415| 288 408| 257 413| 311 423[ 382 433 418 461| 437 481[ 444 491 466 494"/>
                                             </edges>
                                        </DOMShape>
                                   </elements>
                              </DOMFrame>
                              <DOMFrame index="15" keyMode="9728">
                                   <elements/>
                              </DOMFrame>
                         </frames>
                    </DOMLayer>
               </layers>
          </DOMTimeline>
     </timeline>
</DOMSymbolItem>
