<DOMSymbolItem xmlns="http://ns.adobe.com/xfl/2008/" xmlns:xsi="http://www.w3.org/2001/XMLSchema-instance" name="Symbol 1800" lastModified="1681431985">
     <timeline>
          <DOMTimeline name="Symbol 1800">
               <layers>
                    <DOMLayer name="Layer 1" color="#75d4b5" current="true" isSelected="true">
                         <frames>
                              <DOMFrame index="0" keyMode="9728">
                                   <elements>
                                        <DOMShape isFloating="true">
                                             <fills>
                                                  <FillStyle index="1">
                                                       <SolidColor color="#912b2b" alpha="0.4"/>
                                                  </FillStyle>
                                                  <FillStyle index="2">
                                                       <SolidColor color="#cd5c5c" alpha="0.4"/>
                                                  </FillStyle>
                                                  <FillStyle index="3">
                                                       <SolidColor color="#000000" alpha="1.0"/>
                                                  </FillStyle>
                                                  <FillStyle index="4">
                                                       <SolidColor color="#ffffff" alpha="0.4"/>
                                                  </FillStyle>
                                             </fills>
                                             <strokes/>
                                             <edges>
                                                  <Edge fillStyle0="1" fillStyle1="2" edges="! 1237 236[ 1261 294 1261 352[ 1261 503 1163 572[ 1131 595 1062 626[ 980 663 947 682[ 903 707 869 764[ 834 825 788 855[ 724 898 645 916[ 555 932 504 947| 310 947[ 266 953 160 893[ 112 866 86 843"/>
                                                  <Edge fillStyle0="1" fillStyle1="3" edges="! 86 843| 85 873[ 85 1000 265 1064[ 479 1141 975 1141[ 1296 1141 1440 1056[ 1546 994 1546 893[ 1546 534 1318 307[ 1279 268 1237 236"/>
                                                  <Edge fillStyle0="2" fillStyle1="3" edges="! 1237 236[ 1159 177 1072 142[ 953 94 816 87[ 517 72 313 265[ 136 432 97 706| 96 713| 86 843"/>
                                                  <Edge fillStyle0="0" fillStyle1="3" edges="! 1592 678[ 1626 805 1626 893[ 1626 947 1608 1006[ 1581 1093 1528 1114[ 1246 1226 975 1226[ 441 1226 208 1142[ 0 1066 0 910[ 0 633 127 390[ 320 21 732 0[ 1215 -13 1461 374[ 1547 510 1592 678"/>
                                                  <Edge fillStyle0="2" fillStyle1="4" edges="! 786 238[ 786 298 700 356[ 613 416 517 416[ 450 416 427 376| 417 336[ 417 263 475 210[ 526 163 602 148[ 675 133 728 155[ 786 180 786 238"/>
                                                  <Edge fillStyle0="2" fillStyle1="4" edges="! 372 479[ 372 506 350 515| 298 521[ 280 521 275 507| 274 490[ 274 474 285 458[ 300 439 323 439[ 372 439 372 479"/>
                                             </edges>
                                        </DOMShape>
                                   </elements>
                              </DOMFrame>
                         </frames>
                    </DOMLayer>
               </layers>
          </DOMTimeline>
     </timeline>
</DOMSymbolItem>
