<DOMSymbolItem xmlns="http://ns.adobe.com/xfl/2008/" xmlns:xsi="http://www.w3.org/2001/XMLSchema-instance" name="Symbol 2260" lastModified="1681431985">
     <timeline>
          <DOMTimeline name="Symbol 2260">
               <layers>
                    <DOMLayer name="Layer 1" color="#fb5ecb" current="true" isSelected="true">
                         <frames>
                              <DOMFrame index="0" keyMode="9728">
                                   <elements>
                                        <DOMShape isFloating="true">
                                             <fills>
                                                  <FillStyle index="1">
                                                       <SolidColor color="#cb5757"/>
                                                  </FillStyle>
                                                  <FillStyle index="2">
                                                       <SolidColor color="#000000"/>
                                                  </FillStyle>
                                                  <FillStyle index="3">
                                                       <SolidColor color="#cc9999"/>
                                                  </FillStyle>
                                             </fills>
                                             <strokes/>
                                             <edges>
                                                  <Edge fillStyle0="1" fillStyle1="2" edges="! 655 154| 654 146[ 654 128 672 128[ 689 128 689 145| 683 157| 671 162[ 658 162 655 154"/>
                                                  <Edge fillStyle0="2" fillStyle1="1" edges="! 478 90[ 513 60 562 59| 567 59[ 649 59 688 112[ 714 149 714 192| 714 198| 709 221| 700 250| 699 250"/>
                                                  <Edge fillStyle0="2" fillStyle1="3" edges="! 699 250| 697 255| 682 289| 670 291| 615 281| 605 282"/>
                                                  <Edge fillStyle0="2" fillStyle1="0" edges="! 605 282| 605 289| 635 309| 692 319[ 713 319 722 312[ 750 297 762 243| 770 162[ 770 81 713 38[ 664 1 587 0[ 516 -1 461 28[ 404 58 404 102| 406 118| 410 125"/>
                                                  <Edge fillStyle0="2" fillStyle1="3" edges="! 410 125[ 417 123 430 133| 471 96| 478 90"/>
                                                  <Edge fillStyle0="1" fillStyle1="3" edges="! 478 90| 476 107[ 476 131 517 188[ 571 262 640 262[ 675 262 699 250"/>
                                                  <Edge fillStyle0="1" fillStyle1="2" edges="! 582 119| 573 117[ 570 115 570 107[ 570 95 589 98| 592 99| 594 107| 594 116| 582 119"/>
                                                  <Edge fillStyle0="0" fillStyle1="3" edges="! 605 282| 602 281[ 596 289 577 289[ 529 289 459 223[ 399 166 399 155[ 399 127 410 125"/>
                                             </edges>
                                        </DOMShape>
                                   </elements>
                              </DOMFrame>
                              <DOMFrame index="1" keyMode="9728">
                                   <elements>
                                        <DOMShape isFloating="true">
                                             <fills>
                                                  <FillStyle index="1">
                                                       <SolidColor color="#cb5757"/>
                                                  </FillStyle>
                                                  <FillStyle index="2">
                                                       <SolidColor color="#000000"/>
                                                  </FillStyle>
                                             </fills>
                                             <strokes/>
                                             <edges>
                                                  <Edge fillStyle0="1" edges="! 574 85| 618 116| 620 118"/>
                                                  <Edge fillStyle0="1" fillStyle1="2" edges="! 620 118| 634 117| 637 118| 639 126| 639 133"/>
                                                  <Edge fillStyle0="1" fillStyle1="0" edges="! 639 133[ 694 181 736 234| 749 251"/>
                                                  <Edge fillStyle0="1" fillStyle1="2" edges="! 749 251| 754 234| 759 212| 759 207[ 759 166 733 130[ 694 80 612 80| 607 80| 574 85"/>
                                                  <Edge fillStyle0="0" fillStyle1="2" edges="! 574 85[ 534 58 504 51| 506 50[ 561 23 632 24[ 709 24 758 60[ 815 101 815 178| 807 255[ 799 291 783 310[ 773 284 749 251"/>
                                                  <Edge fillStyle0="2" fillStyle1="0" edges="! 620 118| 639 133"/>
                                             </edges>
                                        </DOMShape>
                                   </elements>
                              </DOMFrame>
                              <DOMFrame index="2" keyMode="9728">
                                   <elements>
                                        <DOMShape isFloating="true">
                                             <fills>
                                                  <FillStyle index="1">
                                                       <SolidColor color="#cb5757"/>
                                                  </FillStyle>
                                                  <FillStyle index="2">
                                                       <SolidColor color="#000000"/>
                                                  </FillStyle>
                                             </fills>
                                             <strokes/>
                                             <edges>
                                                  <Edge fillStyle0="2" fillStyle1="1" edges="! 106 167[ 112 138 130 112[ 169 59 251 59| 256 59| 297 66"/>
                                                  <Edge fillStyle0="2" fillStyle1="0" edges="! 297 66| 312 68| 374 70| 382 69| 405 69[ 391 46 357 28[ 302 -1 231 0[ 154 1 105 38[ 48 81 48 162| 53 216| 106 167"/>
                                                  <Edge fillStyle0="1" fillStyle1="0" edges="! 106 167| 130 150"/>
                                                  <Edge fillStyle0="1" fillStyle1="2" edges="! 130 150| 129 145[ 129 128 146 128| 157 130"/>
                                                  <Edge fillStyle0="1" fillStyle1="0" edges="! 157 130[ 250 65 297 66"/>
                                                  <Edge fillStyle0="0" fillStyle1="2" edges="! 157 130| 148 136| 130 150"/>
                                             </edges>
                                        </DOMShape>
                                   </elements>
                              </DOMFrame>
                              <DOMFrame index="3" keyMode="9728">
                                   <elements>
                                        <DOMShape isFloating="true">
                                             <fills>
                                                  <FillStyle index="1">
                                                       <SolidColor color="#000000"/>
                                                  </FillStyle>
                                                  <FillStyle index="2">
                                                       <SolidColor color="#cc9999"/>
                                                  </FillStyle>
                                                  <FillStyle index="3">
                                                       <SolidColor color="#cb5757"/>
                                                  </FillStyle>
                                             </fills>
                                             <strokes/>
                                             <edges>
                                                  <Edge fillStyle0="1" edges="! 513 125| 517 118| 519 102[ 519 58 462 28[ 407 -1 336 0[ 259 1 210 38[ 153 81 153 162| 161 243[ 173 297 201 312[ 210 319 231 319| 288 309| 318 289| 318 282"/>
                                                  <Edge fillStyle0="1" fillStyle1="2" edges="! 318 282| 308 281| 253 291| 241 289| 226 255| 224 250"/>
                                                  <Edge fillStyle0="1" fillStyle1="3" edges="! 224 250| 223 250| 214 221| 209 198| 209 192[ 209 149 235 112[ 274 59 356 59| 361 59[ 410 60 445 90"/>
                                                  <Edge fillStyle0="1" fillStyle1="2" edges="! 445 90| 452 96| 493 133[ 506 123 513 125"/>
                                                  <Edge fillStyle0="0" fillStyle1="2" edges="! 513 125[ 524 127 524 155[ 524 166 464 223[ 394 289 346 289[ 327 289 321 281| 318 282"/>
                                                  <Edge fillStyle0="2" fillStyle1="3" edges="! 445 90| 447 107[ 447 131 406 188[ 352 262 283 262[ 248 262 224 250"/>
                                                  <Edge fillStyle0="1" fillStyle1="3" edges="! 234 145[ 234 152 240 157| 252 162[ 265 162 268 154| 269 146[ 269 128 251 128[ 234 128 234 145"/>
                                             </edges>
                                        </DOMShape>
                                   </elements>
                              </DOMFrame>
                         </frames>
                    </DOMLayer>
               </layers>
          </DOMTimeline>
     </timeline>
</DOMSymbolItem>
