<DOMSymbolItem xmlns="http://ns.adobe.com/xfl/2008/" xmlns:xsi="http://www.w3.org/2001/XMLSchema-instance" name="Symbol 2336" lastModified="1681431985">
     <timeline>
          <DOMTimeline name="Symbol 2336">
               <layers>
                    <DOMLayer name="Layer 1" color="#9441ff" current="true" isSelected="true">
                         <frames>
                              <DOMFrame index="0" keyMode="9728">
                                   <elements>
                                        <DOMShape isFloating="true">
                                             <fills>
                                                  <FillStyle index="1">
                                                       <SolidColor color="#990000"/>
                                                  </FillStyle>
                                                  <FillStyle index="2">
                                                       <SolidColor color="#000000"/>
                                                  </FillStyle>
                                                  <FillStyle index="3">
                                                       <SolidColor color="#cccccc"/>
                                                  </FillStyle>
                                                  <FillStyle index="4">
                                                       <SolidColor color="#ffffff"/>
                                                  </FillStyle>
                                             </fills>
                                             <strokes/>
                                             <edges>
                                                  <Edge fillStyle1="1" edges="! 497 422[ 497 443 477 443| 472 443[ 491 485 491 496| 480 518[ 468 534 457 534[ 453 534 440 511| 422 481| 419 516| 404 528[ 400 542 388 542[ 379 542 375 535| 374 533| 370 533[ 356 533 351 525| 342 526[ 331 526 326 516| 323 505[ 323 486 342 486| 343 486[ 336 480 327 480| 316 484| 315 500| 327 544| 324 553| 313 559[ 301 559 298 546| 298 529| 297 523| 282 529| 266 520| 263 509[ 263 488 283 489| 291 491| 291 485| 276 483[ 239 483 239 501| 247 540| 243 554[ 234 562 205 562[ 157 562 150 540| 152 513[ 154 511 149 511[ 124 511 122 532[ 121 553 101 553[ 62 553 0 484[ 0 472 21 451[ 42 430 40 418| 40 417| 35 417[ 10 417 10 399[ 10 391 16 383[ 25 370 45 370[ 59 370 65 377| 90 352| 134 286| 149 264[ 151 249 172 233[ 184 224 199 219| 187 210| 185 201[ 185 184 203 184[ 220 184 220 201| 216 212| 214 215| 236 212| 267 205| 271 197[ 278 187 293 187[ 316 187 325 211| 322 220| 365 255[ 419 311 426 349| 459 414[ 462 403 478 403[ 497 403 497 422"/>
                                                  <Edge fillStyle0="1" fillStyle1="2" edges="! 405 388| 403 416| 402 419[ 394 442 363 439| 308 439[ 300 442 266 456| 226 463| 205 458| 189 452[ 182 452 172 458| 143 462| 128 473| 116 478| 122 483| 104 479[ 91 479 85 471| 74 464| 63 448| 56 431| 56 411[ 56 398 62 394| 66 414[ 66 425 76 438| 75 435[ 75 423 81 404| 82 399| 88 381[ 102 347 115 331| 151 276| 153 274[ 171 252 192 241[ 212 229 234 229[ 343 229 384 301[ 396 322 401 347| 404 364| 405 377| 405 388"/>
                                                  <Edge fillStyle0="1" fillStyle1="2" edges="! 413 478| 355 474| 348 469[ 351 462 362 461| 420 460| 434 446| 440 434| 441 434| 442 439[ 446 478 413 478"/>
                                                  <Edge fillStyle0="0" fillStyle1="1" edges="! 366 28[ 366 53 331 53[ 316 53 310 39| 307 24[ 307 -5 337 1[ 366 6 366 28"/>
                                                  <Edge fillStyle0="0" fillStyle1="1" edges="! 386 160| 382 172[ 376 180 367 180[ 348 180 348 160[ 348 141 367 141[ 386 141 386 160"/>
                                                  <Edge fillStyle0="0" fillStyle1="1" edges="! 67 100[ 84 101 84 116[ 84 134 66 134[ 49 134 49 116[ 49 99 67 100"/>
                                                  <Edge fillStyle0="0" fillStyle1="1" edges="! 136 212[ 124 212 124 200[ 124 191 136 190[ 148 189 148 201[ 148 212 136 212"/>
                                                  <Edge fillStyle0="2" fillStyle1="4" edges="! 199 293[ 199 278 209 283[ 219 289 219 297[ 219 308 210 308[ 201 308 199 300| 199 293"/>
                                                  <Edge fillStyle0="2" fillStyle1="3" edges="! 160 322| 155 319| 194 281| 191 292| 192 306"/>
                                                  <Edge fillStyle0="2" fillStyle1="4" edges="! 192 306| 193 320[ 193 341 174 341[ 160 341 160 326| 160 322"/>
                                                  <Edge fillStyle0="3" fillStyle1="4" edges="! 160 322| 161 316[ 163 312 174 311[ 188 289 192 306"/>
                                                  <Edge fillStyle0="1" fillStyle1="2" edges="! 54 480| 85 498| 108 493| 118 488| 122 492| 108 505[ 97 513 84 513[ 61 513 46 498[ 35 487 35 478[ 35 466 54 480"/>
                                                  <Edge fillStyle0="3" fillStyle1="2" edges="! 181 404| 176 399| 150 399[ 144 409 144 414| 154 433| 166 429| 167 429"/>
                                                  <Edge fillStyle0="3" fillStyle1="4" edges="! 167 429| 166 425[ 166 410 180 404| 181 404"/>
                                                  <Edge fillStyle0="2" fillStyle1="4" edges="! 181 404[ 194 398 194 412| 191 426| 180 437[ 170 437 167 431| 167 429"/>
                                                  <Edge fillStyle0="0" fillStyle1="1" edges="! 147 484| 145 483| 144 484| 147 484"/>
                                                  <Edge fillStyle0="2" fillStyle1="4" edges="! 199 433[ 199 419 211 421[ 222 424 222 433[ 222 444 211 444[ 201 444 199 438| 199 433"/>
                                                  <Edge fillStyle0="3" fillStyle1="4" edges="! 338 293| 343 291"/>
                                                  <Edge fillStyle0="3" fillStyle1="2" edges="! 343 291| 339 287| 338 293"/>
                                                  <Edge fillStyle0="4" fillStyle1="2" edges="! 338 293[ 332 298 332 313[ 332 327 343 327| 352 323| 357 314[ 357 292 345 291| 343 291"/>
                                                  <Edge fillStyle0="2" fillStyle1="4" edges="! 319 291[ 319 302 310 302[ 303 302 301 298| 300 293[ 300 282 310 283[ 319 284 319 291"/>
                                                  <Edge fillStyle0="4" fillStyle1="2" edges="! 280 294| 279 275[ 279 265 286 263| 250 260| 253 264| 248 270[ 236 290 236 301[ 236 313 257 313[ 271 313 271 303| 273 294| 280 294"/>
                                                  <Edge fillStyle0="2" fillStyle1="4" edges="! 292 415| 291 411[ 291 390 301 391[ 310 392 310 412| 306 418| 301 420| 292 415"/>
                                                  <Edge fillStyle0="2" fillStyle1="4" edges="! 247 396[ 250 388 261 387[ 275 386 275 404[ 275 428 264 428| 260 428"/>
                                                  <Edge fillStyle0="2" fillStyle1="3" edges="! 260 428| 241 435| 241 432| 240 414[ 239 402 245 396| 247 396"/>
                                                  <Edge fillStyle0="4" fillStyle1="3" edges="! 247 396| 246 403| 247 416[ 250 426 260 428"/>
                                                  <Edge fillStyle0="3" fillStyle1="2" edges="! 356 408| 355 387[ 325 390 325 410| 325 413| 357 410| 356 408"/>
                                                  <Edge fillStyle0="0" fillStyle1="1" edges="! 94 517| 95 517| 97 515| 94 517"/>
                                             </edges>
                                        </DOMShape>
                                   </elements>
                              </DOMFrame>
                              <DOMFrame index="1" keyMode="9728">
                                   <elements>
                                        <DOMShape isFloating="true">
                                             <fills>
                                                  <FillStyle index="1">
                                                       <SolidColor color="#990000"/>
                                                  </FillStyle>
                                                  <FillStyle index="2">
                                                       <SolidColor color="#000000"/>
                                                  </FillStyle>
                                                  <FillStyle index="3">
                                                       <SolidColor color="#ffffff"/>
                                                  </FillStyle>
                                                  <FillStyle index="4">
                                                       <SolidColor color="#cccccc"/>
                                                  </FillStyle>
                                             </fills>
                                             <strokes/>
                                             <edges>
                                                  <Edge fillStyle1="1" edges="! 422 112[ 422 130 404 130[ 387 130 387 112[ 387 95 405 96[ 422 97 422 112"/>
                                                  <Edge fillStyle1="1" edges="! 474 186[ 486 185 486 197[ 486 208 474 208[ 462 208 462 196[ 462 187 474 186"/>
                                                  <Edge fillStyle1="1" edges="! 502 136[ 502 123 515 123[ 528 123 528 136[ 527 149 515 149[ 507 149 504 143| 502 136"/>
                                                  <Edge fillStyle1="1" edges="! 545 455| 529 479| 513 490| 459 516[ 446 527 411 539| 409 541| 408 540| 402 542[ 350 558 319 558[ 296 558 296 546[ 296 537 328 491| 339 477[ 341 465 359 447[ 380 426 378 414| 378 413| 373 413[ 348 413 348 395[ 348 387 354 379[ 363 366 383 366[ 397 366 403 373| 418 360| 418 358| 421 348| 434 323| 456 285| 473 254[ 487 237 508 231| 510 229[ 522 220 537 215[ 528 214 525 206| 523 197[ 523 180 541 180[ 558 180 558 197| 554 208| 552 211| 574 208| 588 204| 593 225| 593 226"/>
                                                  <Edge fillStyle1="2" edges="! 593 226| 590 256"/>
                                                  <Edge fillStyle1="4" edges="! 590 256| 590 259"/>
                                                  <Edge fillStyle1="2" edges="! 590 259| 590 261"/>
                                                  <Edge fillStyle1="3" edges="! 590 261| 585 308"/>
                                                  <Edge fillStyle1="2" edges="! 585 308| 573 383| 559 425"/>
                                                  <Edge fillStyle1="3" edges="! 559 425| 552 440"/>
                                                  <Edge fillStyle1="2" edges="! 552 440| 545 455"/>
                                                  <Edge fillStyle0="1" fillStyle1="2" edges="! 545 455| 543 454| 527 448| 510 454| 481 458| 466 469| 454 474| 460 479| 442 475[ 429 475 423 467| 412 460| 401 444| 394 427| 394 407[ 394 394 400 390| 404 410[ 404 421 414 434| 413 431[ 413 419 419 400| 420 395| 426 377| 446 337| 450 331| 451 331| 452 329| 453 327| 455 324| 464 310| 489 272| 491 270[ 509 248 530 237[ 550 225 572 225| 593 226"/>
                                                  <Edge fillStyle0="2" fillStyle1="3" edges="! 585 308[ 574 306 574 297[ 574 286 586 266| 590 261"/>
                                                  <Edge fillStyle0="4" fillStyle1="2" edges="! 590 256| 588 256| 590 259"/>
                                                  <Edge fillStyle0="2" fillStyle1="3" edges="! 537 296| 537 289[ 537 274 547 279[ 557 285 557 293[ 557 304 548 304[ 539 304 537 296"/>
                                                  <Edge fillStyle0="4" fillStyle1="2" edges="! 530 302| 529 288[ 529 282 532 277| 493 315| 498 318"/>
                                                  <Edge fillStyle0="4" fillStyle1="3" edges="! 498 318| 499 312[ 501 308 512 307[ 526 285 530 302"/>
                                                  <Edge fillStyle0="2" fillStyle1="3" edges="! 530 302| 531 316[ 531 337 512 337[ 498 337 498 322| 498 318"/>
                                                  <Edge fillStyle0="2" fillStyle1="4" edges="! 505 425| 504 425| 492 429| 482 410| 488 395| 514 395| 519 400"/>
                                                  <Edge fillStyle0="2" fillStyle1="3" edges="! 519 400[ 532 394 532 408| 529 422| 518 433[ 508 433 505 427| 505 425"/>
                                                  <Edge fillStyle0="4" fillStyle1="3" edges="! 505 425| 504 421[ 504 406 518 400| 519 400"/>
                                                  <Edge fillStyle0="1" fillStyle1="2" edges="! 446 489| 456 484| 460 488| 446 501| 422 509[ 399 509 384 494[ 373 483 373 474[ 373 462 392 476| 423 494| 446 489"/>
                                                  <Edge fillStyle0="0" fillStyle1="1" edges="! 485 480| 483 479| 482 480| 485 480"/>
                                                  <Edge fillStyle0="2" fillStyle1="3" edges="! 552 440| 549 440[ 539 440 537 434| 537 429[ 537 415 549 417[ 557 419 559 425"/>
                                                  <Edge fillStyle0="2" fillStyle1="0" edges="! 623 309| 620 329| 625 309| 623 309"/>
                                                  <Edge fillStyle0="0" fillStyle1="1" edges="! 173 436| 161 443| 148 435| 146 426[ 146 409 162 410[ 177 411 177 426| 173 436"/>
                                                  <Edge fillStyle0="0" fillStyle1="1" edges="! 284 484[ 284 461 304 460[ 324 459 324 480| 320 492[ 314 500 304 500[ 295 500 289 492| 284 484"/>
                                                  <Edge fillStyle0="0" fillStyle1="1" edges="! 355 498| 350 504| 338 518| 334 532| 352 529[ 353 515 363 506| 355 498"/>
                                                  <Edge fillStyle0="0" fillStyle1="1" edges="! 434 512| 435 511| 434 512"/>
                                             </edges>
                                        </DOMShape>
                                   </elements>
                              </DOMFrame>
                              <DOMFrame index="2" keyMode="9728">
                                   <elements/>
                              </DOMFrame>
                              <DOMFrame index="3" keyMode="9728">
                                   <elements>
                                        <DOMShape isFloating="true">
                                             <fills>
                                                  <FillStyle index="1">
                                                       <SolidColor color="#990000"/>
                                                  </FillStyle>
                                                  <FillStyle index="2">
                                                       <SolidColor color="#000000"/>
                                                  </FillStyle>
                                                  <FillStyle index="3">
                                                       <SolidColor color="#ffffff"/>
                                                  </FillStyle>
                                                  <FillStyle index="4">
                                                       <SolidColor color="#cccccc"/>
                                                  </FillStyle>
                                             </fills>
                                             <strokes/>
                                             <edges>
                                                  <Edge fillStyle0="1" edges="! 119 96[ 102 97 102 112[ 102 130 120 130[ 137 130 137 112[ 137 95 119 96"/>
                                                  <Edge fillStyle0="1" edges="! 20 143| 22 136[ 22 123 9 123[ -4 123 -4 136[ -3 149 9 149| 20 143"/>
                                                  <Edge fillStyle0="1" edges="! 38 197[ 38 208 50 208[ 62 208 62 196[ 62 187 50 186[ 38 185 38 197"/>
                                                  <Edge fillStyle0="1" edges="! -21 455| -5 479| 11 490[ 42 504 65 516[ 78 527 113 539| 115 541| 116 540| 122 542[ 174 558 205 558[ 228 558 228 546[ 228 537 196 491| 185 477[ 183 465 165 447[ 144 426 146 414| 146 413| 151 413[ 176 413 176 395| 170 379[ 161 366 141 366[ 127 366 121 373| 106 360| 106 358| 103 348| 90 323| 68 285| 51 254[ 37 237 16 231| 14 229[ 2 220 -13 215[ -4 214 -1 206| 1 197[ 1 180 -17 180[ -34 180 -34 197| -30 208| -28 211| -50 208| -64 204| -69 225| -69 226"/>
                                                  <Edge fillStyle0="1" fillStyle1="2" edges="! -69 226| -48 225[ -26 225 -6 237[ 15 248 33 270| 35 272| 60 310| 69 324| 71 327| 72 329| 73 331| 74 331| 78 337| 98 377| 104 395| 105 400| 111 431| 110 434| 120 410| 124 390[ 130 394 130 407| 130 427| 123 444| 112 460| 101 467[ 95 475 82 475| 64 479| 70 474| 58 469| 43 458| 14 454[ 4 448 -3 448| -19 454| -21 455"/>
                                                  <Edge fillStyle0="0" fillStyle1="2" edges="! -21 455| -28 440"/>
                                                  <Edge fillStyle0="0" fillStyle1="3" edges="! -28 440| -35 425"/>
                                                  <Edge fillStyle0="0" fillStyle1="2" edges="! -35 425| -49 383| -61 308"/>
                                                  <Edge fillStyle0="0" fillStyle1="3" edges="! -61 308| -66 261"/>
                                                  <Edge fillStyle0="0" fillStyle1="2" edges="! -66 261| -66 259"/>
                                                  <Edge fillStyle0="0" fillStyle1="4" edges="! -66 259| -66 256"/>
                                                  <Edge fillStyle0="0" fillStyle1="2" edges="! -66 256| -69 226"/>
                                                  <Edge fillStyle0="4" fillStyle1="3" edges="! -6 302[ -2 285 12 307[ 23 308 25 312| 26 318"/>
                                                  <Edge fillStyle0="4" fillStyle1="2" edges="! 26 318| 31 315| -8 277| -5 288| -6 302"/>
                                                  <Edge fillStyle0="3" fillStyle1="2" edges="! -6 302| -7 316[ -7 337 12 337[ 26 337 26 322| 26 318"/>
                                                  <Edge fillStyle0="4" fillStyle1="2" edges="! 19 425| 20 425| 32 429| 42 410| 36 395| 10 395| 5 400"/>
                                                  <Edge fillStyle0="4" fillStyle1="3" edges="! 5 400| 6 400[ 20 406 20 421| 19 425"/>
                                                  <Edge fillStyle0="2" fillStyle1="3" edges="! 19 425| 19 427[ 16 433 6 433[ 0 433 -5 422| -8 408[ -8 394 5 400"/>
                                                  <Edge fillStyle0="1" fillStyle1="0" edges="! 42 480| 39 480| 41 479| 42 480"/>
                                                  <Edge fillStyle0="2" fillStyle1="1" edges="! 68 484| 64 488| 78 501[ 89 509 102 509[ 125 509 140 494| 151 474[ 151 462 132 476| 101 494| 78 489| 68 484"/>
                                                  <Edge fillStyle0="1" fillStyle1="0" edges="! 220 460[ 200 459 200 480| 204 492[ 210 500 220 500| 235 492| 240 484[ 240 461 220 460"/>
                                                  <Edge fillStyle0="1" fillStyle1="0" edges="! 363 443| 376 435| 378 426[ 378 409 362 410[ 347 411 347 426| 351 436[ 356 443 363 443"/>
                                                  <Edge fillStyle0="1" fillStyle1="0" edges="! 186 518| 190 532| 172 529[ 171 515 161 506| 169 498| 174 504| 186 518"/>
                                                  <Edge fillStyle0="3" fillStyle1="2" edges="! -23 279[ -33 285 -33 293[ -33 304 -24 304[ -15 304 -13 296| -13 289[ -13 274 -23 279"/>
                                                  <Edge fillStyle0="4" fillStyle1="2" edges="! -66 259| -64 256| -66 256"/>
                                                  <Edge fillStyle0="0" fillStyle1="2" edges="! -99 309| -96 329| -101 309| -99 309"/>
                                                  <Edge fillStyle0="2" fillStyle1="3" edges="! -66 261| -62 266[ -50 286 -50 297[ -50 306 -61 308"/>
                                                  <Edge fillStyle0="2" fillStyle1="3" edges="! -35 425[ -33 419 -25 417[ -13 415 -13 429| -13 434[ -15 440 -25 440| -28 440"/>
                                             </edges>
                                        </DOMShape>
                                   </elements>
                              </DOMFrame>
                              <DOMFrame index="4" keyMode="9728">
                                   <elements>
                                        <DOMShape isFloating="true">
                                             <fills>
                                                  <FillStyle index="1">
                                                       <SolidColor color="#990000"/>
                                                  </FillStyle>
                                                  <FillStyle index="2">
                                                       <SolidColor color="#000000"/>
                                                  </FillStyle>
                                                  <FillStyle index="3">
                                                       <SolidColor color="#cccccc"/>
                                                  </FillStyle>
                                                  <FillStyle index="4">
                                                       <SolidColor color="#ffffff"/>
                                                  </FillStyle>
                                             </fills>
                                             <strokes/>
                                             <edges>
                                                  <Edge fillStyle1="1" edges="! 501 416[ 522 416 522 434[ 522 453 500 453| 495 453[ 515 492 515 503[ 515 510 503 523[ 490 538 478 538| 460 517| 441 489| 437 521[ 433 529 421 532[ 417 545 404 545[ 394 545 390 539| 388 537| 384 537[ 369 537 364 530| 354 530[ 342 530 336 521| 333 511[ 333 493 354 493| 355 493[ 347 488 338 488| 326 491| 325 506| 338 547| 334 556| 322 561[ 309 561 306 549| 306 533| 305 528| 289 533[ 277 533 271 525| 268 515[ 268 495 290 496| 298 498| 298 492| 282 490[ 242 490 242 507| 251 544| 246 557| 205 564[ 153 564 146 544| 148 518| 145 517[ 117 517 115 536[ 114 556 92 556[ 50 556 -17 491[ -17 480 6 461[ 29 441 26 430| 26 429| 21 429[ -6 429 -6 412| 0 397[ 10 385 32 385[ 47 385 53 392| 81 369| 128 307| 145 287[ 147 273 169 258[ 182 249 199 245[ 189 244 186 236| 184 228[ 184 212 203 212[ 222 212 222 228| 217 238| 215 241| 239 238| 272 232| 277 224[ 284 215 301 215[ 326 215 335 237| 332 246| 379 278[ 437 330 445 366| 481 426[ 484 416 501 416"/>
                                                  <Edge fillStyle0="1" fillStyle1="2" edges="! 422 402| 420 428| 419 431[ 410 452 377 450| 317 450| 271 465| 228 472| 205 467| 188 462| 169 467| 138 471| 122 481| 109 486| 115 490| 96 487[ 82 487 75 479| 63 473| 51 458[ 44 446 44 442| 44 423[ 44 411 50 408| 55 426[ 55 437 65 449| 64 446[ 64 435 71 417| 72 412| 78 396[ 94 364 108 349| 147 298| 149 296[ 168 276 191 265[ 213 254 237 254[ 355 254 399 321[ 412 341 418 364| 421 380| 422 392| 422 402"/>
                                                  <Edge fillStyle0="1" fillStyle1="2" edges="! 454 456| 460 445| 461 445| 462 450[ 467 486 431 486| 368 482| 360 477[ 364 471 375 470| 438 469| 454 456"/>
                                                  <Edge fillStyle0="0" fillStyle1="1" edges="! 348 42[ 380 47 380 67[ 380 90 342 90[ 326 90 319 77| 316 63[ 316 36 348 42"/>
                                                  <Edge fillStyle0="0" fillStyle1="1" edges="! 401 190| 397 201[ 391 209 381 209[ 360 209 360 190[ 360 172 381 172[ 401 172 401 190"/>
                                                  <Edge fillStyle0="0" fillStyle1="1" edges="! 74 149[ 74 166 55 166[ 36 166 36 149[ 36 133 56 134[ 74 135 74 149"/>
                                                  <Edge fillStyle0="0" fillStyle1="1" edges="! 130 218[ 143 217 143 228[ 143 238 130 238[ 117 238 117 227[ 117 219 130 218"/>
                                                  <Edge fillStyle0="2" fillStyle1="4" edges="! 191 326| 192 339[ 192 358 172 358[ 156 358 156 344| 156 341"/>
                                                  <Edge fillStyle0="2" fillStyle1="3" edges="! 156 341| 151 338[ 169 318 193 302[ 190 307 190 313| 191 326"/>
                                                  <Edge fillStyle0="4" fillStyle1="3" edges="! 191 326[ 187 310 172 330[ 160 331 158 335| 156 341"/>
                                                  <Edge fillStyle0="2" fillStyle1="4" edges="! 199 314[ 199 300 210 304| 220 317[ 220 328 211 328[ 201 328 199 320| 199 314"/>
                                                  <Edge fillStyle0="1" fillStyle1="2" edges="! 42 488[ 69 504 75 504| 100 500| 111 495| 115 499| 100 511| 74 518[ 49 518 33 504[ 21 494 21 486[ 21 475 42 488"/>
                                                  <Edge fillStyle0="3" fillStyle1="2" edges="! 179 417| 174 412| 146 412[ 139 422 139 426| 150 444| 163 440| 164 440"/>
                                                  <Edge fillStyle0="3" fillStyle1="4" edges="! 164 440| 163 437[ 163 423 178 417| 179 417"/>
                                                  <Edge fillStyle0="2" fillStyle1="4" edges="! 179 417[ 193 411 193 424| 190 437| 178 448| 164 442| 164 440"/>
                                                  <Edge fillStyle0="0" fillStyle1="1" edges="! 140 490| 139 491| 142 491| 140 490"/>
                                                  <Edge fillStyle0="2" fillStyle1="4" edges="! 199 444[ 199 431 212 433[ 224 436 224 444[ 224 454 212 454[ 201 454 199 449| 199 444"/>
                                                  <Edge fillStyle0="2" fillStyle1="4" edges="! 355 312| 357 312[ 370 313 370 333| 365 342| 355 345[ 343 345 343 332[ 343 318 349 314"/>
                                                  <Edge fillStyle0="2" fillStyle1="3" edges="! 349 314| 351 308| 355 312"/>
                                                  <Edge fillStyle0="4" fillStyle1="3" edges="! 355 312| 349 314"/>
                                                  <Edge fillStyle0="2" fillStyle1="4" edges="! 319 322[ 311 322 309 318| 308 314[ 308 303 319 304[ 329 305 329 312[ 329 322 319 322"/>
                                                  <Edge fillStyle0="4" fillStyle1="2" edges="! 257 287| 252 292[ 239 311 239 321[ 239 332 262 332[ 277 332 277 323| 279 315| 287 315| 285 297[ 285 288 293 286| 254 283| 257 287"/>
                                                  <Edge fillStyle0="2" fillStyle1="4" edges="! 298 423[ 298 404 309 405[ 319 406 319 424| 315 430| 309 432[ 302 432 300 427| 298 423"/>
                                                  <Edge fillStyle0="2" fillStyle1="4" edges="! 251 410[ 254 402 266 401[ 281 400 281 417[ 281 439 269 439| 265 439"/>
                                                  <Edge fillStyle0="2" fillStyle1="3" edges="! 265 439| 244 446| 244 443| 243 426[ 242 415 249 410| 251 410"/>
                                                  <Edge fillStyle0="4" fillStyle1="3" edges="! 251 410| 250 416| 251 428| 265 439"/>
                                                  <Edge fillStyle0="3" fillStyle1="2" edges="! 369 421| 368 401[ 335 404 335 423| 335 425| 370 423| 369 421"/>
                                                  <Edge fillStyle0="0" fillStyle1="1" edges="! 86 522| 88 520| 85 522| 86 522"/>
                                             </edges>
                                        </DOMShape>
                                   </elements>
                              </DOMFrame>
                              <DOMFrame index="5" keyMode="9728">
                                   <elements>
                                        <DOMShape isFloating="true">
                                             <fills>
                                                  <FillStyle index="1">
                                                       <SolidColor color="#990000"/>
                                                  </FillStyle>
                                                  <FillStyle index="2">
                                                       <SolidColor color="#000000"/>
                                                  </FillStyle>
                                                  <FillStyle index="3">
                                                       <SolidColor color="#ffffff"/>
                                                  </FillStyle>
                                                  <FillStyle index="4">
                                                       <SolidColor color="#cccccc"/>
                                                  </FillStyle>
                                             </fills>
                                             <strokes/>
                                             <edges>
                                                  <Edge fillStyle1="1" edges="! 570 463| 553 486| 536 496| 477 521[ 463 531 426 543| 424 544| 423 543| 416 545| 327 560[ 302 560 302 549[ 302 541 336 497| 348 484[ 350 473 370 456[ 392 436 390 425| 390 424| 385 424[ 358 424 358 407[ 358 399 364 392[ 374 380 396 380[ 411 380 417 386| 433 374| 433 372| 437 363| 451 339| 474 303| 493 274[ 508 258 530 253| 532 251[ 545 242 561 237| 549 229| 546 220[ 546 204 566 204[ 584 204 584 220| 580 231| 578 234| 601 231| 616 227| 622 247| 622 248"/>
                                                  <Edge fillStyle1="2" edges="! 622 248| 619 276"/>
                                                  <Edge fillStyle1="4" edges="! 619 276| 619 279"/>
                                                  <Edge fillStyle1="2" edges="! 619 279| 619 281"/>
                                                  <Edge fillStyle1="3" edges="! 619 281| 613 325"/>
                                                  <Edge fillStyle1="2" edges="! 613 325| 600 396| 585 435"/>
                                                  <Edge fillStyle1="3" edges="! 585 435| 578 449"/>
                                                  <Edge fillStyle1="2" edges="! 578 449| 570 463"/>
                                                  <Edge fillStyle0="1" fillStyle1="2" edges="! 570 463| 568 462| 551 457| 532 462| 501 466| 485 477| 472 481| 479 486| 459 482[ 445 482 439 475| 427 468| 415 453| 407 437| 407 418[ 407 406 414 402| 418 421[ 418 431 429 444| 428 441[ 428 430 434 412| 435 407| 442 390[ 453 366 463 352| 468 347| 469 347| 470 345| 471 343| 473 340| 483 327| 510 291| 512 289[ 531 269 554 258[ 575 247 599 247| 622 248"/>
                                                  <Edge fillStyle0="0" fillStyle1="1" edges="! 494 210[ 507 209 507 220[ 507 231 494 231[ 481 231 481 220[ 481 211 494 210"/>
                                                  <Edge fillStyle0="0" fillStyle1="1" edges="! 418 157[ 400 157 400 140[ 400 124 419 125[ 438 126 438 140[ 438 157 418 157"/>
                                                  <Edge fillStyle0="0" fillStyle1="1" edges="! 538 151[ 552 151 552 163[ 551 175 538 175| 526 170| 524 163[ 524 151 538 151"/>
                                                  <Edge fillStyle0="2" fillStyle1="3" edges="! 572 298[ 583 303 583 311[ 583 321 573 321| 561 314| 561 307[ 561 293 572 298"/>
                                                  <Edge fillStyle0="4" fillStyle1="2" edges="! 554 319| 553 306| 556 296[ 532 312 514 332| 519 334"/>
                                                  <Edge fillStyle0="4" fillStyle1="3" edges="! 519 334| 521 329[ 523 325 535 324[ 550 303 554 319"/>
                                                  <Edge fillStyle0="2" fillStyle1="3" edges="! 554 319| 555 333[ 555 352 535 352[ 519 352 519 338| 519 334"/>
                                                  <Edge fillStyle0="1" fillStyle1="2" edges="! 479 494| 463 507| 438 514[ 413 514 397 500[ 385 490 385 481| 405 483[ 432 500 439 500| 463 495| 474 491| 479 494"/>
                                                  <Edge fillStyle0="0" fillStyle1="1" edges="! 505 487| 503 486| 502 487| 505 487"/>
                                                  <Edge fillStyle0="4" fillStyle1="2" edges="! 542 412| 537 407| 509 407| 502 421| 513 439| 526 435| 527 435"/>
                                                  <Edge fillStyle0="4" fillStyle1="3" edges="! 527 435| 526 431[ 526 417 541 412| 542 412"/>
                                                  <Edge fillStyle0="2" fillStyle1="3" edges="! 542 412[ 556 406 556 419| 553 432| 541 443[ 530 443 527 437| 527 435"/>
                                                  <Edge fillStyle0="2" fillStyle1="3" edges="! 578 449| 574 449[ 564 449 561 444| 561 439[ 561 426 574 428[ 583 430 585 435"/>
                                                  <Edge fillStyle0="4" fillStyle1="2" edges="! 619 276| 616 276| 619 279"/>
                                                  <Edge fillStyle0="2" fillStyle1="3" edges="! 613 325[ 601 323 601 315[ 601 304 614 285| 619 281"/>
                                                  <Edge fillStyle0="2" fillStyle1="0" edges="! 654 326| 651 345| 656 326| 654 326"/>
                                                  <Edge fillStyle0="0" fillStyle1="1" edges="! 169 446[ 164 452 156 452[ 147 452 142 445| 140 436[ 140 420 158 421[ 174 422 174 436| 169 446"/>
                                                  <Edge fillStyle0="0" fillStyle1="1" edges="! 332 487| 328 498[ 321 506 310 506[ 301 506 294 498| 289 491[ 289 469 310 468[ 332 467 332 487"/>
                                                  <Edge fillStyle0="0" fillStyle1="1" edges="! 360 510| 347 523| 343 536| 362 533[ 363 520 374 511| 365 504| 360 510"/>
                                             </edges>
                                        </DOMShape>
                                   </elements>
                              </DOMFrame>
                              <DOMFrame index="6" keyMode="9728">
                                   <elements/>
                              </DOMFrame>
                              <DOMFrame index="7" keyMode="9728">
                                   <elements>
                                        <DOMShape isFloating="true">
                                             <fills>
                                                  <FillStyle index="1">
                                                       <SolidColor color="#990000"/>
                                                  </FillStyle>
                                                  <FillStyle index="2">
                                                       <SolidColor color="#000000"/>
                                                  </FillStyle>
                                                  <FillStyle index="3">
                                                       <SolidColor color="#ffffff"/>
                                                  </FillStyle>
                                                  <FillStyle index="4">
                                                       <SolidColor color="#cccccc"/>
                                                  </FillStyle>
                                             </fills>
                                             <strokes/>
                                             <edges>
                                                  <Edge fillStyle0="1" edges="! 34 228[ 21 227 21 238[ 21 247 34 247[ 47 247 47 237[ 47 229 34 228"/>
                                                  <Edge fillStyle0="1" edges="! 109 178[ 127 178 126 162[ 125 147 105 148[ 87 149 88 162[ 89 178 109 178"/>
                                                  <Edge fillStyle0="1" fillStyle1="2" edges="! -96 264| -73 263[ -48 263 -26 273[ -3 283 18 303| 20 305| 49 338| 60 351| 62 354| 63 355| 64 357| 65 357| 69 363| 93 398| 100 414| 101 419| 110 446| 109 449| 119 428[ 118 416 122 410| 129 425| 129 443| 123 458| 112 472| 100 478[ 93 486 79 486| 59 489| 66 485| 53 480| 35 470| 3 467| -15 462| -33 467| -35 468"/>
                                                  <Edge fillStyle0="1" fillStyle1="0" edges="! -35 468| -16 489| 2 499| 62 522[ 76 532 115 543| 117 544| 118 544| 126 545| 217 560[ 242 560 242 549[ 241 541 205 500| 192 487[ 190 477 169 461[ 145 442 147 431| 147 430| 153 430[ 180 430 179 414| 172 400[ 161 388 140 388[ 124 388 118 395| 101 383| 101 381| 98 372| 83 350| 57 316| 37 289[ 22 273 -2 268| -5 266[ -18 258 -34 254| -22 246| -20 238[ -21 223 -41 223[ -59 223 -58 238| -54 247| -51 250| -76 247| -91 244| -96 263| -96 264"/>
                                                  <Edge fillStyle0="2" fillStyle1="0" edges="! -96 264| -91 290"/>
                                                  <Edge fillStyle0="2" fillStyle1="4" edges="! -91 290| -89 290| -91 293"/>
                                                  <Edge fillStyle0="2" fillStyle1="0" edges="! -91 293| -91 295"/>
                                                  <Edge fillStyle0="2" fillStyle1="3" edges="! -91 295| -86 299[ -73 317 -72 327[ -72 335 -84 337"/>
                                                  <Edge fillStyle0="2" fillStyle1="0" edges="! -84 337| -68 404| -51 441"/>
                                                  <Edge fillStyle0="2" fillStyle1="3" edges="! -51 441[ -49 436 -40 434[ -27 432 -27 445| -26 449| -39 454| -43 454"/>
                                                  <Edge fillStyle0="2" fillStyle1="0" edges="! -43 454| -35 468"/>
                                                  <Edge fillStyle0="3" fillStyle1="4" edges="! 11 346| 10 340| -4 336[ -20 316 -24 331"/>
                                                  <Edge fillStyle0="3" fillStyle1="2" edges="! -24 331| -25 344[ -24 363 -3 363[ 12 363 12 349| 11 346"/>
                                                  <Edge fillStyle0="4" fillStyle1="2" edges="! 11 346| 17 343| -27 309| -23 319| -24 331"/>
                                                  <Edge fillStyle0="2" fillStyle1="4" edges="! -9 419| -3 414| 25 414| 33 428| 22 445| 9 441| 8 441"/>
                                                  <Edge fillStyle0="2" fillStyle1="3" edges="! 8 441| 8 443| -5 448| -18 438| -22 426[ -23 413 -9 419"/>
                                                  <Edge fillStyle0="4" fillStyle1="3" edges="! -9 419| -7 419[ 9 424 9 437| 8 441"/>
                                                  <Edge fillStyle0="1" fillStyle1="0" edges="! 35 490| 32 490| 34 489| 35 490"/>
                                                  <Edge fillStyle0="2" fillStyle1="1" edges="! 134 486| 101 503| 75 498| 64 494| 60 497| 75 509| 102 516[ 127 516 143 503[ 155 493 155 485| 134 486"/>
                                                  <Edge fillStyle0="1" fillStyle1="0" edges="! 208 490| 214 501[ 220 508 231 508[ 241 508 248 501| 252 494[ 252 473 230 472[ 208 471 208 490"/>
                                                  <Edge fillStyle0="1" fillStyle1="0" edges="! 386 457[ 396 457 400 450| 401 442[ 401 427 384 428[ 367 429 367 442| 373 451[ 378 457 386 457"/>
                                                  <Edge fillStyle0="1" fillStyle1="0" edges="! 195 524| 199 536| 180 534[ 178 521 166 513| 175 506| 181 511| 195 524"/>
                                                  <Edge fillStyle0="1" fillStyle1="0" edges="! -13 195| -1 190| 1 183[ 0 172 -14 172[ -28 172 -27 183[ -26 195 -13 195"/>
                                                  <Edge fillStyle0="0" fillStyle1="4" edges="! -91 293| -91 290"/>
                                                  <Edge fillStyle0="3" fillStyle1="2" edges="! -43 311[ -54 316 -53 323[ -53 333 -43 333[ -33 333 -31 326| -32 320[ -32 306 -43 311"/>
                                                  <Edge fillStyle0="3" fillStyle1="0" edges="! -91 295| -84 337"/>
                                                  <Edge fillStyle0="0" fillStyle1="2" edges="! -128 338| -126 338| -121 355| -128 338"/>
                                                  <Edge fillStyle0="0" fillStyle1="3" edges="! -43 454| -51 441"/>
                                             </edges>
                                        </DOMShape>
                                   </elements>
                              </DOMFrame>
                         </frames>
                    </DOMLayer>
               </layers>
          </DOMTimeline>
     </timeline>
</DOMSymbolItem>
