<DOMSymbolItem xmlns="http://ns.adobe.com/xfl/2008/" xmlns:xsi="http://www.w3.org/2001/XMLSchema-instance" name="Symbol 1685" lastModified="1681431985" symbolType="graphic">
     <timeline>
          <DOMTimeline name="Symbol 1685" currentFrame="0">
               <layers>
                    <DOMLayer name="Layer 1">
                         <frames>
                              <DOMFrame index="0" motionTweenScale="false" keyMode="8192">
                                   <elements>
                                        <DOMShape isFloating="true">
                                             <fills>
                                                  <FillStyle index="1">
                                                       <SolidColor color="#666666" alpha="0.8"/>
                                                  </FillStyle>
                                             </fills>
                                             <strokes/>
                                             <edges>
                                                  <Edge fillStyle1="1" edges="! 103 -403[ 223 -486 370 -447[ 476 -424 532 -340[ 562 -295 571 -249[ 588 -271 635 -293[ 708 -327 770 -328[ 856 -329 919 -296| 1023 -234[ 1081 -208 1112 -104[ 1134 -29 1134 43[ 1134 77 1126 118[ 1119 155 1110 169| 1099 191| 1071 138[ 1037 85 945 85[ 897 85 867 103| 837 129| 808 158| 783 178| 774 173| 773 168| 747 101[ 721 25 654 25[ 617 25 582 47[ 561 61 531 92| 504 130[ 525 121 546 122| 546 121| 608 121[ 654 121 705 166[ 742 199 750 221| 761 221| 853 233[ 897 250 913 277| 936 326| 937 369[ 937 409 923 441| 891 492[ 810 627 787 627[ 779 627 777 622| 776 617| 800 559[ 823 505 823 469[ 823 438 802 397[ 775 343 733 346| 683 345| 673 343| 669 344| 643 316[ 617 288 535 288[ 508 288 459 323| 446 334| 452 333[ 514 343 539 364[ 557 379 557 404| 553 418| 544 430| 541 428| 514 459| 459 503[ 340 548 230 548| 142 542[ 130 538 130 529[ 130 521 136 518[ 117 482 85 446[ 12 362 -105 362[ -117 362 -143 374| -169 386| -176 384| -182 385[ -203 385 -244 316| -276 256| -284 258[ -314 265 -325 281| -342 303| -352 323[ -367 405 -374 405[ -398 405 -414 296[ -414 211 -356 173[ -335 159 -316 157[ -331 142 -338 79| -342 -5[ -342 -150 -285 -245[ -220 -352 -103 -353[ -53 -360 -4 -318| 10 -305[ 28 -352 103 -403"/>
                                                  <Edge fillStyle1="1" edges="! 10 59[ -9 19 -45 19[ -94 19 -118 89| -130 125| -128 133| -128 136[ -108 110 -50 84[ -10 66 12 64| 10 59"/>
                                             </edges>
                                        </DOMShape>
                                   </elements>
                              </DOMFrame>
                         </frames>
                    </DOMLayer>
               </layers>
          </DOMTimeline>
     </timeline>
</DOMSymbolItem>
