<DOMSymbolItem xmlns="http://ns.adobe.com/xfl/2008/" xmlns:xsi="http://www.w3.org/2001/XMLSchema-instance" name="Symbol 1359" lastModified="1681431985">
     <timeline>
          <DOMTimeline name="Symbol 1359">
               <layers>
                    <DOMLayer name="Script Layer" color="#cb8ad7">
                         <frames>
                              <DOMFrame index="0" duration="8" keyMode="9728">
                                   <elements/>
                              </DOMFrame>
                              <DOMFrame index="8" keyMode="9728">
                                   <Actionscript>
                                        <script>_parent.prevFrame();
</script>
                                   </Actionscript>
                                   <elements/>
                              </DOMFrame>
                         </frames>
                    </DOMLayer>
                    <DOMLayer name="Layer 2" color="#8b4bc7" current="true" isSelected="true">
                         <frames>
                              <DOMFrame index="0" duration="2" keyMode="9728">
                                   <elements>
                                        <DOMSymbolInstance libraryItemName="Symbol 1357" centerPoint3DX="42.7" centerPoint3DY="10.75">
                                             <matrix>
                                                  <Matrix tx="12.45" ty="-17.6" a="0.425689697265625" d="1.5156097412109375"/>
                                             </matrix>
                                             <transformationPoint>
                                                  <Point/>
                                             </transformationPoint>
                                        </DOMSymbolInstance>
                                   </elements>
                              </DOMFrame>
                              <DOMFrame index="2" duration="2" keyMode="9728">
                                   <elements>
                                        <DOMSymbolInstance libraryItemName="Symbol 1357" centerPoint3DX="14.1" centerPoint3DY="34.8">
                                             <matrix>
                                                  <Matrix tx="-16.15" ty="6.45" a="1.42193603515625" d="0.62109375"/>
                                             </matrix>
                                             <transformationPoint>
                                                  <Point/>
                                             </transformationPoint>
                                        </DOMSymbolInstance>
                                   </elements>
                              </DOMFrame>
                              <DOMFrame index="4" duration="2" keyMode="9728">
                                   <elements>
                                        <DOMSymbolInstance libraryItemName="Symbol 1357" centerPoint3DX="33.5" centerPoint3DY="22.8">
                                             <matrix>
                                                  <Matrix tx="3.25" ty="-5.55" a="0.746826171875" d="1.0670013427734375"/>
                                             </matrix>
                                             <transformationPoint>
                                                  <Point/>
                                             </transformationPoint>
                                        </DOMSymbolInstance>
                                   </elements>
                              </DOMFrame>
                              <DOMFrame index="6" duration="2" keyMode="9728">
                                   <elements>
                                        <DOMSymbolInstance libraryItemName="Symbol 1357" centerPoint3DX="28.4" centerPoint3DY="28.8">
                                             <matrix>
                                                  <Matrix tx="-1.85" ty="0.45" a="0.924560546875" d="0.8443145751953125"/>
                                             </matrix>
                                             <transformationPoint>
                                                  <Point/>
                                             </transformationPoint>
                                        </DOMSymbolInstance>
                                   </elements>
                              </DOMFrame>
                              <DOMFrame index="8" duration="2" keyMode="9728">
                                   <elements>
                                        <DOMSymbolInstance libraryItemName="Symbol 1357" centerPoint3DX="30.25" centerPoint3DY="28.35">
                                             <matrix>
                                                  <Matrix tx="0.0" ty="0.0" a="0.8603363037109375" d="0.8603363037109375"/>
                                             </matrix>
                                             <transformationPoint>
                                                  <Point/>
                                             </transformationPoint>
                                        </DOMSymbolInstance>
                                   </elements>
                              </DOMFrame>
                         </frames>
                    </DOMLayer>
               </layers>
          </DOMTimeline>
     </timeline>
</DOMSymbolItem>
