<DOMSymbolItem xmlns="http://ns.adobe.com/xfl/2008/" xmlns:xsi="http://www.w3.org/2001/XMLSchema-instance" name="Symbol 2077" lastModified="1681431985">
     <timeline>
          <DOMTimeline name="Symbol 2077">
               <layers>
                    <DOMLayer name="Layer 1" color="#e6379f" current="true" isSelected="true">
                         <frames>
                              <DOMFrame index="0" keyMode="9728">
                                   <elements>
                                        <DOMShape isFloating="true">
                                             <fills>
                                                  <FillStyle index="1">
                                                       <SolidColor color="#e1c8c8"/>
                                                  </FillStyle>
                                                  <FillStyle index="2">
                                                       <SolidColor color="#3f3838"/>
                                                  </FillStyle>
                                             </fills>
                                             <strokes/>
                                             <edges>
                                                  <Edge fillStyle1="1" edges="! 196 13| 196 133| 192 162[ 186 177 160 177| 121 173| 78 180| 22 187[ 0 187 0 166[ 0 157 7 138| 7 107| 4 75[ 4 46 7 32| 7 24| 15 17| 29 8[ 33 -7 51 6| 94 4| 113 7| 128 7| 136 9| 173 4[ 190 3 196 13"/>
                                                  <Edge fillStyle0="1" fillStyle1="2" edges="! 138 69[ 138 57 118 57[ 110 57 109 73| 108 79| 119 88| 127 82| 138 69"/>
                                                  <Edge fillStyle0="1" fillStyle1="2" edges="! 127 101| 123 101| 123 104[ 123 123 92 123[ 76 123 73 113| 73 103| 69 103[ 45 103 39 74[ 39 65 45 55[ 54 40 72 40[ 88 40 96 55[ 103 43 122 42[ 153 41 153 67| 148 86[ 140 101 127 101"/>
                                                  <Edge fillStyle0="1" fillStyle1="2" edges="! 73 53[ 65 53 60 59| 56 66[ 56 76 71 81| 78 85[ 82 79 90 78| 92 65| 85 57| 73 53"/>
                                             </edges>
                                        </DOMShape>
                                   </elements>
                              </DOMFrame>
                         </frames>
                    </DOMLayer>
               </layers>
          </DOMTimeline>
     </timeline>
</DOMSymbolItem>
