<DOMSymbolItem xmlns="http://ns.adobe.com/xfl/2008/" xmlns:xsi="http://www.w3.org/2001/XMLSchema-instance" name="Symbol 1407" lastModified="1681431985" symbolType="graphic">
     <timeline>
          <DOMTimeline name="Symbol 1407" currentFrame="0">
               <layers>
                    <DOMLayer name="Layer 1">
                         <frames>
                              <DOMFrame index="0" motionTweenScale="false" keyMode="8192">
                                   <elements>
                                        <DOMShape isFloating="true">
                                             <fills>
                                                  <FillStyle index="1">
                                                       <SolidColor color="#000000" alpha="1.0"/>
                                                  </FillStyle>
                                                  <FillStyle index="2">
                                                       <SolidColor color="#792020" alpha="1.0"/>
                                                  </FillStyle>
                                                  <FillStyle index="3">
                                                       <SolidColor color="#451818" alpha="0.2"/>
                                                  </FillStyle>
                                             </fills>
                                             <strokes/>
                                             <edges>
                                                  <Edge fillStyle1="2" edges="! 742 -886[ 757 -886 757 -871| 754 -860[ 750 -853 742 -853[ 733 -853 729 -862| 727 -871[ 727 -885 742 -886"/>
                                                  <Edge fillStyle1="2" edges="! 793 -981[ 843 -990 843 -937[ 843 -885 801 -885[ 770 -885 753 -909[ 742 -924 742 -936[ 742 -972 793 -981"/>
                                                  <Edge fillStyle1="3" edges="! -270 -226| -268 -233| -252 -258| -218 -307[ -208 -329 -143 -368[ -86 -404 -69 -407| 45 -403| 132 -378[ 179 -367 210 -345| 259 -296[ 338 -219 373 -109[ 396 -32 339 89[ 291 192 244 226[ 23 384 -170 357[ -284 340 -352 273[ -401 225 -438 119[ -476 5 -439 -21| -438 -23| -436 -26[ -418 -56 -397 -35| -367 17| -349 48"/>
                                                  <Edge fillStyle1="1" edges="! -349 48| -351 19[ -351 -23 -341 -29"/>
                                                  <Edge fillStyle1="2" edges="! -341 -29| -345 -46[ -345 -96 -316 -156[ -296 -196 -270 -226"/>
                                                  <Edge fillStyle0="3" fillStyle1="2" edges="! -270 -226| -234 -261[ -195 -293 -113 -276[ -38 -261 -16 -231[ 12 -201 19 -175| 21 -124[ 21 -87 2 -39[ -28 33 -84 33[ -130 33 -181 -3| -203 0"/>
                                                  <Edge fillStyle0="3" fillStyle1="0" edges="! -203 0[ -163 34 -104 49[ -18 71 48 24[ 136 -38 125 -112| 116 -143| 119 -140[ 146 -114 148 -60[ 150 -25 135 8"/>
                                                  <Edge fillStyle0="3" fillStyle1="2" edges="! 135 8| 137 8[ 157 17 157 56[ 157 96 123 151[ 75 229 -4 229[ -70 229 -95 208| -97 207"/>
                                                  <Edge fillStyle0="3" fillStyle1="1" edges="! -97 207| -103 216| -140 220[ -268 220 -322 126[ -343 88 -349 48"/>
                                                  <Edge fillStyle0="0" fillStyle1="2" edges="! 859 484[ 841 484 808 437| 765 369| 746 338| 730 312| 694 286| 685 279| 684 279[ 664 263 664 256[ 664 221 775 320[ 885 419 885 457[ 885 484 859 484"/>
                                                  <Edge fillStyle0="3" fillStyle1="0" edges="! 112 43| 66 84[ -56 170 -155 168"/>
                                                  <Edge fillStyle0="3" fillStyle1="1" edges="! -155 168[ -121 186 -106 195"/>
                                                  <Edge fillStyle0="3" fillStyle1="2" edges="! -106 195| -109 184| -104 173[ -99 168 -92 168[ -86 168 -74 174| -51 180[ 13 180 66 127[ 103 90 108 70| 112 43"/>
                                                  <Edge fillStyle0="0" fillStyle1="2" edges="! 112 43[ 120 3 135 8"/>
                                                  <Edge fillStyle0="0" fillStyle1="2" edges="! 267 511[ 267 488 291 489[ 315 490 315 508[ 315 522 308 527| 287 531[ 267 531 267 511"/>
                                                  <Edge fillStyle0="0" fillStyle1="2" edges="! -135 -763[ -135 -730 -140 -716| -136 -690| -138 -678| -147 -675[ -165 -675 -162 -721| -161 -730| -183 -802| -207 -897[ -207 -938 -185 -926[ -162 -913 -151 -865[ -135 -815 -135 -763"/>
                                                  <Edge fillStyle0="0" fillStyle1="2" edges="! -460 -444[ -460 -436 -467 -427[ -476 -417 -489 -417[ -508 -417 -508 -437[ -508 -460 -484 -463[ -460 -467 -460 -444"/>
                                                  <Edge fillStyle0="0" fillStyle1="2" edges="! -522 -28[ -522 -15 -533 1[ -548 21 -568 21[ -601 21 -598 -6[ -598 -52 -560 -56[ -522 -61 -522 -28"/>
                                                  <Edge fillStyle0="2" fillStyle1="1" edges="! -341 -29[ -332 -35 -315 -8[ -297 19 -276 66| -251 98"/>
                                                  <Edge fillStyle0="2" fillStyle1="0" edges="! -251 98| -239 87| -235 70| -243 37[ -243 26 -230 14[ -219 4 -203 0"/>
                                                  <Edge fillStyle0="0" fillStyle1="2" edges="! -144 99[ -130 115 -130 121[ -130 129 -137 141[ -147 156 -159 156[ -181 156 -193 141| -202 120[ -202 81 -170 81[ -159 81 -144 99"/>
                                                  <Edge fillStyle0="1" fillStyle1="0" edges="! -155 168| -159 166[ -213 138 -251 98"/>
                                                  <Edge fillStyle0="2" fillStyle1="1" edges="! -106 195| -97 203| -97 207"/>
                                                  <Edge fillStyle0="0" fillStyle1="2" edges="! -717 771[ -717 788 -726 803[ -739 825 -769 825[ -808 825 -820 807| -825 786[ -825 744 -771 727[ -717 709 -717 771"/>
                                             </edges>
                                        </DOMShape>
                                   </elements>
                              </DOMFrame>
                         </frames>
                    </DOMLayer>
               </layers>
          </DOMTimeline>
     </timeline>
</DOMSymbolItem>
