<DOMSymbolItem xmlns="http://ns.adobe.com/xfl/2008/" xmlns:xsi="http://www.w3.org/2001/XMLSchema-instance" name="Symbol 1834" lastModified="1681431985" linkageIdentifier="b54" linkageExportForAS="true">
     <timeline>
          <DOMTimeline name="Symbol 1834">
               <layers>
                    <DOMLayer name="Script Layer" color="#80e249">
                         <frames>
                              <DOMFrame index="0" keyMode="9728">
                                   <Actionscript>
                                        <script>stop();
</script>
                                   </Actionscript>
                                   <elements/>
                              </DOMFrame>
                         </frames>
                    </DOMLayer>
                    <DOMLayer name="Layer 2" color="#d6dfb3">
                         <frames>
                              <DOMFrame index="0" keyMode="9728">
                                   <elements>
                                        <DOMSymbolInstance libraryItemName="Symbol 1828" name="hx" centerPoint3DX="0.6" centerPoint3DY="-7.6">
                                             <matrix>
                                                  <Matrix tx="-20.5" ty="-21.35" a="1.1121673583984375" d="1.1121673583984375"/>
                                             </matrix>
                                             <transformationPoint>
                                                  <Point/>
                                             </transformationPoint>
                                             <color>
                                                  <Color redMultiplier="0.19921875" greenMultiplier="0.19921875" blueMultiplier="0.19921875"/>
                                             </color>
                                        </DOMSymbolInstance>
                                   </elements>
                              </DOMFrame>
                              <DOMFrame index="1" duration="3" keyMode="9728">
                                   <elements/>
                              </DOMFrame>
                         </frames>
                    </DOMLayer>
                    <DOMLayer name="Layer 3" color="#b7ada4">
                         <frames>
                              <DOMFrame index="0" keyMode="9728">
                                   <elements>
                                        <DOMSymbolInstance libraryItemName="Symbol 454" centerPoint3DX="17.75" centerPoint3DY="-5.9">
                                             <matrix>
                                                  <Matrix tx="-12.25" ty="-35.9" a="0.6469573974609375" d="0.6469573974609375"/>
                                             </matrix>
                                             <transformationPoint>
                                                  <Point/>
                                             </transformationPoint>
                                        </DOMSymbolInstance>
                                   </elements>
                              </DOMFrame>
                              <DOMFrame index="1" duration="3" keyMode="9728">
                                   <elements/>
                              </DOMFrame>
                         </frames>
                    </DOMLayer>
                    <DOMLayer name="Layer 4" color="#5eacf2" current="true" isSelected="true">
                         <frames>
                              <DOMFrame index="0" keyMode="9728">
                                   <elements>
                                        <DOMSymbolInstance libraryItemName="Symbol 336" centerPoint3DX="8.55" centerPoint3DY="3.4">
                                             <matrix>
                                                  <Matrix tx="0.25" ty="0.1" a="1.83831787109375" d="1.2205810546875"/>
                                             </matrix>
                                             <transformationPoint>
                                                  <Point/>
                                             </transformationPoint>
                                        </DOMSymbolInstance>
                                   </elements>
                              </DOMFrame>
                              <DOMFrame index="1" keyMode="9728">
                                   <elements>
                                        <DOMSymbolInstance libraryItemName="Symbol 1832" name="d" centerPoint3DX="17.25" centerPoint3DY="20.65">
                                             <matrix>
                                                  <Matrix tx="-16.5" ty="-25.8"/>
                                             </matrix>
                                             <transformationPoint>
                                                  <Point/>
                                             </transformationPoint>
                                        </DOMSymbolInstance>
                                   </elements>
                              </DOMFrame>
                              <DOMFrame index="2" keyMode="9728">
                                   <elements>
                                        <DOMSymbolInstance libraryItemName="Symbol 1813" name="d" centerPoint3DX="82.1" centerPoint3DY="67.2">
                                             <matrix>
                                                  <Matrix tx="2.1" ty="-12.8" a="0.23468017578125" d="0.0635986328125" b="-0.751007080078125" c="0.765228271484375"/>
                                             </matrix>
                                             <transformationPoint>
                                                  <Point/>
                                             </transformationPoint>
                                        </DOMSymbolInstance>
                                   </elements>
                              </DOMFrame>
                              <DOMFrame index="3" keyMode="9728">
                                   <elements>
                                        <DOMSymbolInstance libraryItemName="Symbol 1833" name="d" centerPoint3DX="13.9" centerPoint3DY="8.1">
                                             <matrix>
                                                  <Matrix tx="-22.35" ty="-38.45" a="1.100006103515625" d="1.100006103515625"/>
                                             </matrix>
                                             <transformationPoint>
                                                  <Point/>
                                             </transformationPoint>
                                        </DOMSymbolInstance>
                                   </elements>
                              </DOMFrame>
                         </frames>
                    </DOMLayer>
               </layers>
          </DOMTimeline>
     </timeline>
</DOMSymbolItem>
