<DOMSymbolItem xmlns="http://ns.adobe.com/xfl/2008/" xmlns:xsi="http://www.w3.org/2001/XMLSchema-instance" name="Symbol 1795" lastModified="1681431985">
     <timeline>
          <DOMTimeline name="Symbol 1795">
               <layers>
                    <DOMLayer name="Script Layer" color="#a88eb4">
                         <frames>
                              <DOMFrame index="0" duration="14" keyMode="9728">
                                   <elements/>
                              </DOMFrame>
                              <DOMFrame index="14" keyMode="9728">
                                   <Actionscript>
                                        <script>_parent.nextFrame();
</script>
                                   </Actionscript>
                                   <elements/>
                              </DOMFrame>
                         </frames>
                    </DOMLayer>
                    <DOMLayer name="Layer 2" color="#a187d0">
                         <frames>
                              <DOMFrame index="0" duration="2" keyMode="9728">
                                   <elements>
                                        <DOMSymbolInstance libraryItemName="Symbol 1778" centerPoint3DX="11.35" centerPoint3DY="54.85">
                                             <matrix>
                                                  <Matrix tx="8.25" ty="52.75" a="2.047607421875" d="2.047607421875"/>
                                             </matrix>
                                             <transformationPoint>
                                                  <Point/>
                                             </transformationPoint>
                                             <color>
                                                  <Color alphaMultiplier="0.6015625"/>
                                             </color>
                                        </DOMSymbolInstance>
                                   </elements>
                              </DOMFrame>
                              <DOMFrame index="2" duration="2" keyMode="9728">
                                   <elements>
                                        <DOMSymbolInstance libraryItemName="Symbol 1778" centerPoint3DX="6.45" centerPoint3DY="57.35">
                                             <matrix>
                                                  <Matrix tx="3.35" ty="55.25" a="2.317230224609375" d="1.86090087890625"/>
                                             </matrix>
                                             <transformationPoint>
                                                  <Point/>
                                             </transformationPoint>
                                             <color>
                                                  <Color alphaMultiplier="0.6015625"/>
                                             </color>
                                        </DOMSymbolInstance>
                                   </elements>
                              </DOMFrame>
                              <DOMFrame index="4" duration="2" keyMode="9728">
                                   <elements>
                                        <DOMSymbolInstance libraryItemName="Symbol 1778" centerPoint3DX="3.85" centerPoint3DY="58.9">
                                             <matrix>
                                                  <Matrix tx="0.75" ty="56.8" a="2.4432220458984375" d="1.753173828125"/>
                                             </matrix>
                                             <transformationPoint>
                                                  <Point/>
                                             </transformationPoint>
                                             <color>
                                                  <Color alphaMultiplier="0.6015625"/>
                                             </color>
                                        </DOMSymbolInstance>
                                   </elements>
                              </DOMFrame>
                              <DOMFrame index="6" duration="2" keyMode="9728">
                                   <elements>
                                        <DOMSymbolInstance libraryItemName="Symbol 1778" centerPoint3DX="-3.05" centerPoint3DY="60.4">
                                             <matrix>
                                                  <Matrix tx="-6.15" ty="58.3" a="2.774566650390625" d="1.6319580078125"/>
                                             </matrix>
                                             <transformationPoint>
                                                  <Point/>
                                             </transformationPoint>
                                             <color>
                                                  <Color alphaMultiplier="0.6015625"/>
                                             </color>
                                        </DOMSymbolInstance>
                                   </elements>
                              </DOMFrame>
                              <DOMFrame index="8" duration="2" keyMode="9728">
                                   <elements>
                                        <DOMSymbolInstance libraryItemName="Symbol 1778" centerPoint3DX="-3.85" centerPoint3DY="62.25">
                                             <matrix>
                                                  <Matrix tx="-6.95" ty="60.15" a="2.786895751953125" d="1.5172119140625"/>
                                             </matrix>
                                             <transformationPoint>
                                                  <Point/>
                                             </transformationPoint>
                                             <color>
                                                  <Color alphaMultiplier="0.6015625"/>
                                             </color>
                                        </DOMSymbolInstance>
                                   </elements>
                              </DOMFrame>
                              <DOMFrame index="10" keyMode="9728">
                                   <elements>
                                        <DOMSymbolInstance libraryItemName="Symbol 1778" centerPoint3DX="39.3" centerPoint3DY="37.6">
                                             <matrix>
                                                  <Matrix tx="36.2" ty="35.5" a="1.27880859375" d="3.0684661865234375" b="0.02105712890625" c="0.0"/>
                                             </matrix>
                                             <transformationPoint>
                                                  <Point/>
                                             </transformationPoint>
                                             <color>
                                                  <Color alphaMultiplier="0.6015625"/>
                                             </color>
                                        </DOMSymbolInstance>
                                   </elements>
                              </DOMFrame>
                              <DOMFrame index="11" keyMode="9728">
                                   <elements>
                                        <DOMSymbolInstance libraryItemName="Symbol 1778" centerPoint3DX="42.1" centerPoint3DY="-56.55">
                                             <matrix>
                                                  <Matrix tx="39.0" ty="-58.65" a="0.957183837890625" d="3.592254638671875" b="0.024658203125" c="0.0"/>
                                             </matrix>
                                             <transformationPoint>
                                                  <Point/>
                                             </transformationPoint>
                                             <color>
                                                  <Color alphaMultiplier="0.6015625"/>
                                             </color>
                                        </DOMSymbolInstance>
                                   </elements>
                              </DOMFrame>
                              <DOMFrame index="12" keyMode="9728">
                                   <elements>
                                        <DOMSymbolInstance libraryItemName="Symbol 1778" centerPoint3DX="47.0" centerPoint3DY="-244.85">
                                             <matrix>
                                                  <Matrix tx="43.9" ty="-246.95" a="0.4735565185546875" d="4.0264892578125" b="0.0276336669921875" c="0.0"/>
                                             </matrix>
                                             <transformationPoint>
                                                  <Point/>
                                             </transformationPoint>
                                             <color>
                                                  <Color alphaMultiplier="0.6015625"/>
                                             </color>
                                        </DOMSymbolInstance>
                                   </elements>
                              </DOMFrame>
                              <DOMFrame index="13" duration="3" keyMode="9728">
                                   <elements/>
                              </DOMFrame>
                         </frames>
                    </DOMLayer>
                    <DOMLayer name="Layer 3" color="#c552ab">
                         <frames>
                              <DOMFrame index="0" duration="2" keyMode="9728">
                                   <elements>
                                        <DOMSymbolInstance libraryItemName="Symbol 1778" centerPoint3DX="82.55" centerPoint3DY="32.85">
                                             <matrix>
                                                  <Matrix tx="79.45" ty="30.75" a="2.047607421875" d="2.047607421875"/>
                                             </matrix>
                                             <transformationPoint>
                                                  <Point/>
                                             </transformationPoint>
                                             <color>
                                                  <Color alphaMultiplier="0.6015625"/>
                                             </color>
                                        </DOMSymbolInstance>
                                   </elements>
                              </DOMFrame>
                              <DOMFrame index="2" duration="2" keyMode="9728">
                                   <elements>
                                        <DOMSymbolInstance libraryItemName="Symbol 1778" centerPoint3DX="87.1" centerPoint3DY="37.35">
                                             <matrix>
                                                  <Matrix tx="84.0" ty="35.25" a="2.317230224609375" d="1.86090087890625"/>
                                             </matrix>
                                             <transformationPoint>
                                                  <Point/>
                                             </transformationPoint>
                                             <color>
                                                  <Color alphaMultiplier="0.6015625"/>
                                             </color>
                                        </DOMSymbolInstance>
                                   </elements>
                              </DOMFrame>
                              <DOMFrame index="4" duration="2" keyMode="9728">
                                   <elements>
                                        <DOMSymbolInstance libraryItemName="Symbol 1778" centerPoint3DX="88.85" centerPoint3DY="40.05">
                                             <matrix>
                                                  <Matrix tx="85.75" ty="37.95" a="2.4432220458984375" d="1.753173828125"/>
                                             </matrix>
                                             <transformationPoint>
                                                  <Point/>
                                             </transformationPoint>
                                             <color>
                                                  <Color alphaMultiplier="0.6015625"/>
                                             </color>
                                        </DOMSymbolInstance>
                                   </elements>
                              </DOMFrame>
                              <DOMFrame index="6" duration="2" keyMode="9728">
                                   <elements>
                                        <DOMSymbolInstance libraryItemName="Symbol 1778" centerPoint3DX="93.55" centerPoint3DY="42.85">
                                             <matrix>
                                                  <Matrix tx="90.45" ty="40.75" a="2.774566650390625" d="1.6319580078125"/>
                                             </matrix>
                                             <transformationPoint>
                                                  <Point/>
                                             </transformationPoint>
                                             <color>
                                                  <Color alphaMultiplier="0.6015625"/>
                                             </color>
                                        </DOMSymbolInstance>
                                   </elements>
                              </DOMFrame>
                              <DOMFrame index="8" duration="2" keyMode="9728">
                                   <elements>
                                        <DOMSymbolInstance libraryItemName="Symbol 1778" centerPoint3DX="93.15" centerPoint3DY="45.95">
                                             <matrix>
                                                  <Matrix tx="90.05" ty="43.85" a="2.786895751953125" d="1.5172119140625"/>
                                             </matrix>
                                             <transformationPoint>
                                                  <Point/>
                                             </transformationPoint>
                                             <color>
                                                  <Color alphaMultiplier="0.6015625"/>
                                             </color>
                                        </DOMSymbolInstance>
                                   </elements>
                              </DOMFrame>
                              <DOMFrame index="10" keyMode="9728">
                                   <elements>
                                        <DOMSymbolInstance libraryItemName="Symbol 1778" centerPoint3DX="69.6" centerPoint3DY="-19.95">
                                             <matrix>
                                                  <Matrix tx="66.5" ty="-22.05" a="1.27880859375" d="3.0684661865234375" b="0.02105712890625" c="0.0"/>
                                             </matrix>
                                             <transformationPoint>
                                                  <Point/>
                                             </transformationPoint>
                                             <color>
                                                  <Color alphaMultiplier="0.6015625"/>
                                             </color>
                                        </DOMSymbolInstance>
                                   </elements>
                              </DOMFrame>
                              <DOMFrame index="11" keyMode="9728">
                                   <elements>
                                        <DOMSymbolInstance libraryItemName="Symbol 1778" centerPoint3DX="64.75" centerPoint3DY="-123.95">
                                             <matrix>
                                                  <Matrix tx="61.65" ty="-126.05" a="0.957183837890625" d="3.592254638671875" b="0.024658203125" c="0.0"/>
                                             </matrix>
                                             <transformationPoint>
                                                  <Point/>
                                             </transformationPoint>
                                             <color>
                                                  <Color alphaMultiplier="0.6015625"/>
                                             </color>
                                        </DOMSymbolInstance>
                                   </elements>
                              </DOMFrame>
                              <DOMFrame index="12" keyMode="9728">
                                   <elements>
                                        <DOMSymbolInstance libraryItemName="Symbol 1778" centerPoint3DX="58.25" centerPoint3DY="-320.4">
                                             <matrix>
                                                  <Matrix tx="55.15" ty="-322.5" a="0.4735565185546875" d="4.0264892578125" b="0.0276336669921875" c="0.0"/>
                                             </matrix>
                                             <transformationPoint>
                                                  <Point/>
                                             </transformationPoint>
                                             <color>
                                                  <Color alphaMultiplier="0.6015625"/>
                                             </color>
                                        </DOMSymbolInstance>
                                   </elements>
                              </DOMFrame>
                              <DOMFrame index="13" duration="3" keyMode="9728">
                                   <elements/>
                              </DOMFrame>
                         </frames>
                    </DOMLayer>
                    <DOMLayer name="Layer 4" color="#6ec37f">
                         <frames>
                              <DOMFrame index="0" duration="2" keyMode="9728">
                                   <elements>
                                        <DOMSymbolInstance libraryItemName="Symbol 1778" centerPoint3DX="90.2" centerPoint3DY="56.2">
                                             <matrix>
                                                  <Matrix tx="87.1" ty="54.1"/>
                                             </matrix>
                                             <transformationPoint>
                                                  <Point/>
                                             </transformationPoint>
                                        </DOMSymbolInstance>
                                   </elements>
                              </DOMFrame>
                              <DOMFrame index="2" duration="2" keyMode="9728">
                                   <elements>
                                        <DOMSymbolInstance libraryItemName="Symbol 1778" centerPoint3DX="95.7" centerPoint3DY="58.55">
                                             <matrix>
                                                  <Matrix tx="92.6" ty="56.45" a="1.13165283203125" d="0.9088134765625"/>
                                             </matrix>
                                             <transformationPoint>
                                                  <Point/>
                                             </transformationPoint>
                                        </DOMSymbolInstance>
                                   </elements>
                              </DOMFrame>
                              <DOMFrame index="4" duration="2" keyMode="9728">
                                   <elements>
                                        <DOMSymbolInstance libraryItemName="Symbol 1778" centerPoint3DX="97.95" centerPoint3DY="60.05">
                                             <matrix>
                                                  <Matrix tx="94.85" ty="57.95" a="1.19317626953125" d="0.856201171875"/>
                                             </matrix>
                                             <transformationPoint>
                                                  <Point/>
                                             </transformationPoint>
                                        </DOMSymbolInstance>
                                   </elements>
                              </DOMFrame>
                              <DOMFrame index="6" duration="2" keyMode="9728">
                                   <elements>
                                        <DOMSymbolInstance libraryItemName="Symbol 1778" centerPoint3DX="103.8" centerPoint3DY="61.45">
                                             <matrix>
                                                  <Matrix tx="100.7" ty="59.35" a="1.355010986328125" d="0.7969970703125"/>
                                             </matrix>
                                             <transformationPoint>
                                                  <Point/>
                                             </transformationPoint>
                                        </DOMSymbolInstance>
                                   </elements>
                              </DOMFrame>
                              <DOMFrame index="8" duration="2" keyMode="9728">
                                   <elements>
                                        <DOMSymbolInstance libraryItemName="Symbol 1778" centerPoint3DX="103.6" centerPoint3DY="63.2">
                                             <matrix>
                                                  <Matrix tx="100.5" ty="61.1" a="1.36102294921875" d="0.7409820556640625"/>
                                             </matrix>
                                             <transformationPoint>
                                                  <Point/>
                                             </transformationPoint>
                                        </DOMSymbolInstance>
                                   </elements>
                              </DOMFrame>
                              <DOMFrame index="10" keyMode="9728">
                                   <elements>
                                        <DOMSymbolInstance libraryItemName="Symbol 1778" centerPoint3DX="71.65" centerPoint3DY="10.5">
                                             <matrix>
                                                  <Matrix tx="68.55" ty="8.4" a="0.624542236328125" d="1.4985809326171875" b="0.0102996826171875" c="0.0"/>
                                             </matrix>
                                             <transformationPoint>
                                                  <Point/>
                                             </transformationPoint>
                                        </DOMSymbolInstance>
                                   </elements>
                              </DOMFrame>
                              <DOMFrame index="11" keyMode="9728">
                                   <elements>
                                        <DOMSymbolInstance libraryItemName="Symbol 1778" centerPoint3DX="66.25" centerPoint3DY="-88.3">
                                             <matrix>
                                                  <Matrix tx="63.15" ty="-90.4" a="0.46746826171875" d="1.75439453125" b="0.012054443359375" c="0.0"/>
                                             </matrix>
                                             <transformationPoint>
                                                  <Point/>
                                             </transformationPoint>
                                        </DOMSymbolInstance>
                                   </elements>
                              </DOMFrame>
                              <DOMFrame index="12" keyMode="9728">
                                   <elements>
                                        <DOMSymbolInstance libraryItemName="Symbol 1778" centerPoint3DX="59.0" centerPoint3DY="-280.45">
                                             <matrix>
                                                  <Matrix tx="55.9" ty="-282.55" a="0.23126220703125" d="1.966461181640625" b="0.0135040283203125" c="0.0"/>
                                             </matrix>
                                             <transformationPoint>
                                                  <Point/>
                                             </transformationPoint>
                                        </DOMSymbolInstance>
                                   </elements>
                              </DOMFrame>
                              <DOMFrame index="13" duration="3" keyMode="9728">
                                   <elements/>
                              </DOMFrame>
                         </frames>
                    </DOMLayer>
                    <DOMLayer name="Layer 5" color="#2598d0">
                         <frames>
                              <DOMFrame index="0" duration="2" keyMode="9728">
                                   <elements>
                                        <DOMSymbolInstance libraryItemName="Symbol 1778" centerPoint3DX="37.65" centerPoint3DY="54.4">
                                             <matrix>
                                                  <Matrix tx="34.55" ty="52.3"/>
                                             </matrix>
                                             <transformationPoint>
                                                  <Point/>
                                             </transformationPoint>
                                        </DOMSymbolInstance>
                                   </elements>
                              </DOMFrame>
                              <DOMFrame index="2" duration="2" keyMode="9728">
                                   <elements>
                                        <DOMSymbolInstance libraryItemName="Symbol 1778" centerPoint3DX="36.25" centerPoint3DY="56.95">
                                             <matrix>
                                                  <Matrix tx="33.15" ty="54.85" a="1.13165283203125" d="0.9088134765625"/>
                                             </matrix>
                                             <transformationPoint>
                                                  <Point/>
                                             </transformationPoint>
                                        </DOMSymbolInstance>
                                   </elements>
                              </DOMFrame>
                              <DOMFrame index="4" duration="2" keyMode="9728">
                                   <elements>
                                        <DOMSymbolInstance libraryItemName="Symbol 1778" centerPoint3DX="35.3" centerPoint3DY="58.5">
                                             <matrix>
                                                  <Matrix tx="32.2" ty="56.4" a="1.19317626953125" d="0.856201171875"/>
                                             </matrix>
                                             <transformationPoint>
                                                  <Point/>
                                             </transformationPoint>
                                        </DOMSymbolInstance>
                                   </elements>
                              </DOMFrame>
                              <DOMFrame index="6" duration="2" keyMode="9728">
                                   <elements>
                                        <DOMSymbolInstance libraryItemName="Symbol 1778" centerPoint3DX="32.65" centerPoint3DY="60.05">
                                             <matrix>
                                                  <Matrix tx="29.55" ty="57.95" a="1.355010986328125" d="0.7969970703125"/>
                                             </matrix>
                                             <transformationPoint>
                                                  <Point/>
                                             </transformationPoint>
                                        </DOMSymbolInstance>
                                   </elements>
                              </DOMFrame>
                              <DOMFrame index="8" duration="2" keyMode="9728">
                                   <elements>
                                        <DOMSymbolInstance libraryItemName="Symbol 1778" centerPoint3DX="32.05" centerPoint3DY="61.9">
                                             <matrix>
                                                  <Matrix tx="28.95" ty="59.8" a="1.36102294921875" d="0.7409820556640625"/>
                                             </matrix>
                                             <transformationPoint>
                                                  <Point/>
                                             </transformationPoint>
                                        </DOMSymbolInstance>
                                   </elements>
                              </DOMFrame>
                              <DOMFrame index="10" keyMode="9728">
                                   <elements>
                                        <DOMSymbolInstance libraryItemName="Symbol 1778" centerPoint3DX="31.3" centerPoint3DY="-4.1">
                                             <matrix>
                                                  <Matrix tx="28.2" ty="-6.2" a="0.624542236328125" d="1.4985809326171875" b="0.0102996826171875" c="0.0"/>
                                             </matrix>
                                             <transformationPoint>
                                                  <Point/>
                                             </transformationPoint>
                                        </DOMSymbolInstance>
                                   </elements>
                              </DOMFrame>
                              <DOMFrame index="11" keyMode="9728">
                                   <elements>
                                        <DOMSymbolInstance libraryItemName="Symbol 1778" centerPoint3DX="36.05" centerPoint3DY="-105.4">
                                             <matrix>
                                                  <Matrix tx="32.95" ty="-107.5" a="0.46746826171875" d="1.75439453125" b="0.012054443359375" c="0.0"/>
                                             </matrix>
                                             <transformationPoint>
                                                  <Point/>
                                             </transformationPoint>
                                        </DOMSymbolInstance>
                                   </elements>
                              </DOMFrame>
                              <DOMFrame index="12" keyMode="9728">
                                   <elements>
                                        <DOMSymbolInstance libraryItemName="Symbol 1778" centerPoint3DX="44.05" centerPoint3DY="-299.65">
                                             <matrix>
                                                  <Matrix tx="40.95" ty="-301.75" a="0.23126220703125" d="1.966461181640625" b="0.0135040283203125" c="0.0"/>
                                             </matrix>
                                             <transformationPoint>
                                                  <Point/>
                                             </transformationPoint>
                                        </DOMSymbolInstance>
                                   </elements>
                              </DOMFrame>
                              <DOMFrame index="13" duration="3" keyMode="9728">
                                   <elements/>
                              </DOMFrame>
                         </frames>
                    </DOMLayer>
                    <DOMLayer name="Layer 6" color="#ac469a">
                         <frames>
                              <DOMFrame index="0" duration="2" keyMode="9728">
                                   <elements>
                                        <DOMSymbolInstance libraryItemName="Symbol 1778" centerPoint3DX="60.6" centerPoint3DY="13.25">
                                             <matrix>
                                                  <Matrix tx="57.5" ty="11.15"/>
                                             </matrix>
                                             <transformationPoint>
                                                  <Point/>
                                             </transformationPoint>
                                        </DOMSymbolInstance>
                                   </elements>
                              </DOMFrame>
                              <DOMFrame index="2" duration="2" keyMode="9728">
                                   <elements>
                                        <DOMSymbolInstance libraryItemName="Symbol 1778" centerPoint3DX="62.2" centerPoint3DY="19.55">
                                             <matrix>
                                                  <Matrix tx="59.1" ty="17.45" a="1.13165283203125" d="0.9088134765625"/>
                                             </matrix>
                                             <transformationPoint>
                                                  <Point/>
                                             </transformationPoint>
                                        </DOMSymbolInstance>
                                   </elements>
                              </DOMFrame>
                              <DOMFrame index="4" duration="2" keyMode="9728">
                                   <elements>
                                        <DOMSymbolInstance libraryItemName="Symbol 1778" centerPoint3DX="62.6" centerPoint3DY="23.3">
                                             <matrix>
                                                  <Matrix tx="59.5" ty="21.2" a="1.19317626953125" d="0.856201171875"/>
                                             </matrix>
                                             <transformationPoint>
                                                  <Point/>
                                             </transformationPoint>
                                        </DOMSymbolInstance>
                                   </elements>
                              </DOMFrame>
                              <DOMFrame index="6" duration="2" keyMode="9728">
                                   <elements>
                                        <DOMSymbolInstance libraryItemName="Symbol 1778" centerPoint3DX="63.75" centerPoint3DY="27.25">
                                             <matrix>
                                                  <Matrix tx="60.65" ty="25.15" a="1.355010986328125" d="0.7969970703125"/>
                                             </matrix>
                                             <transformationPoint>
                                                  <Point/>
                                             </transformationPoint>
                                        </DOMSymbolInstance>
                                   </elements>
                              </DOMFrame>
                              <DOMFrame index="8" duration="2" keyMode="9728">
                                   <elements>
                                        <DOMSymbolInstance libraryItemName="Symbol 1778" centerPoint3DX="63.25" centerPoint3DY="31.4">
                                             <matrix>
                                                  <Matrix tx="60.15" ty="29.3" a="1.36102294921875" d="0.7409820556640625"/>
                                             </matrix>
                                             <transformationPoint>
                                                  <Point/>
                                             </transformationPoint>
                                        </DOMSymbolInstance>
                                   </elements>
                              </DOMFrame>
                              <DOMFrame index="10" keyMode="9728">
                                   <elements>
                                        <DOMSymbolInstance libraryItemName="Symbol 1778" centerPoint3DX="55.95" centerPoint3DY="-49.5">
                                             <matrix>
                                                  <Matrix tx="52.85" ty="-51.6" a="0.624542236328125" d="1.4985809326171875" b="0.0102996826171875" c="0.0"/>
                                             </matrix>
                                             <transformationPoint>
                                                  <Point/>
                                             </transformationPoint>
                                        </DOMSymbolInstance>
                                   </elements>
                              </DOMFrame>
                              <DOMFrame index="11" keyMode="9728">
                                   <elements>
                                        <DOMSymbolInstance libraryItemName="Symbol 1778" centerPoint3DX="54.5" centerPoint3DY="-158.55">
                                             <matrix>
                                                  <Matrix tx="51.4" ty="-160.65" a="0.46746826171875" d="1.75439453125" b="0.012054443359375" c="0.0"/>
                                             </matrix>
                                             <transformationPoint>
                                                  <Point/>
                                             </transformationPoint>
                                        </DOMSymbolInstance>
                                   </elements>
                              </DOMFrame>
                              <DOMFrame index="12" keyMode="9728">
                                   <elements>
                                        <DOMSymbolInstance libraryItemName="Symbol 1778" centerPoint3DX="53.15" centerPoint3DY="-359.2">
                                             <matrix>
                                                  <Matrix tx="50.05" ty="-361.3" a="0.23126220703125" d="1.966461181640625" b="0.0135040283203125" c="0.0"/>
                                             </matrix>
                                             <transformationPoint>
                                                  <Point/>
                                             </transformationPoint>
                                        </DOMSymbolInstance>
                                   </elements>
                              </DOMFrame>
                              <DOMFrame index="13" duration="3" keyMode="9728">
                                   <elements/>
                              </DOMFrame>
                         </frames>
                    </DOMLayer>
                    <DOMLayer name="Layer 7" color="#3cc2c8">
                         <frames>
                              <DOMFrame index="0" duration="2" keyMode="9728">
                                   <elements>
                                        <DOMSymbolInstance libraryItemName="Symbol 1786" centerPoint3DX="52.85" centerPoint3DY="40.0">
                                             <matrix>
                                                  <Matrix tx="0.0" ty="0.0"/>
                                             </matrix>
                                             <transformationPoint>
                                                  <Point/>
                                             </transformationPoint>
                                        </DOMSymbolInstance>
                                   </elements>
                              </DOMFrame>
                              <DOMFrame index="2" duration="2" keyMode="9728">
                                   <elements>
                                        <DOMSymbolInstance libraryItemName="Symbol 1786" centerPoint3DX="46.9" centerPoint3DY="47.3">
                                             <matrix>
                                                  <Matrix tx="-5.95" ty="7.3" a="1.13165283203125" d="0.9088134765625"/>
                                             </matrix>
                                             <transformationPoint>
                                                  <Point/>
                                             </transformationPoint>
                                        </DOMSymbolInstance>
                                   </elements>
                              </DOMFrame>
                              <DOMFrame index="4" duration="2" keyMode="9728">
                                   <elements>
                                        <DOMSymbolInstance libraryItemName="Symbol 1786" centerPoint3DX="43.8" centerPoint3DY="51.65">
                                             <matrix>
                                                  <Matrix tx="-9.05" ty="11.65" a="1.19317626953125" d="0.856201171875"/>
                                             </matrix>
                                             <transformationPoint>
                                                  <Point/>
                                             </transformationPoint>
                                        </DOMSymbolInstance>
                                   </elements>
                              </DOMFrame>
                              <DOMFrame index="6" duration="2" keyMode="9728">
                                   <elements>
                                        <DOMSymbolInstance libraryItemName="Symbol 1786" centerPoint3DX="35.6" centerPoint3DY="56.25">
                                             <matrix>
                                                  <Matrix tx="-17.25" ty="16.25" a="1.355010986328125" d="0.7969970703125"/>
                                             </matrix>
                                             <transformationPoint>
                                                  <Point/>
                                             </transformationPoint>
                                        </DOMSymbolInstance>
                                   </elements>
                              </DOMFrame>
                              <DOMFrame index="8" duration="2" keyMode="9728">
                                   <elements>
                                        <DOMSymbolInstance libraryItemName="Symbol 1786" centerPoint3DX="34.75" centerPoint3DY="61.05">
                                             <matrix>
                                                  <Matrix tx="-18.1" ty="21.05" a="1.36102294921875" d="0.7409820556640625"/>
                                             </matrix>
                                             <transformationPoint>
                                                  <Point/>
                                             </transformationPoint>
                                        </DOMSymbolInstance>
                                   </elements>
                              </DOMFrame>
                              <DOMFrame index="10" keyMode="9728">
                                   <elements>
                                        <DOMSymbolInstance libraryItemName="Symbol 1790" centerPoint3DX="66.7" centerPoint3DY="-23.1">
                                             <matrix>
                                                  <Matrix tx="16.95" ty="-68.95" a="0.624542236328125" d="1.4985809326171875" b="0.0102996826171875" c="0.0"/>
                                             </matrix>
                                             <transformationPoint>
                                                  <Point/>
                                             </transformationPoint>
                                        </DOMSymbolInstance>
                                   </elements>
                              </DOMFrame>
                              <DOMFrame index="11" keyMode="9728">
                                   <elements>
                                        <DOMSymbolInstance libraryItemName="Symbol 1790" centerPoint3DX="74.3" centerPoint3DY="-135.1">
                                             <matrix>
                                                  <Matrix tx="24.55" ty="-180.95" a="0.46746826171875" d="1.75439453125" b="0.012054443359375" c="0.0"/>
                                             </matrix>
                                             <transformationPoint>
                                                  <Point/>
                                             </transformationPoint>
                                        </DOMSymbolInstance>
                                   </elements>
                              </DOMFrame>
                              <DOMFrame index="12" keyMode="9728">
                                   <elements>
                                        <DOMSymbolInstance libraryItemName="Symbol 1790" centerPoint3DX="86.55" centerPoint3DY="-338.2">
                                             <matrix>
                                                  <Matrix tx="36.8" ty="-384.05" a="0.23126220703125" d="1.966461181640625" b="0.0135040283203125" c="0.0"/>
                                             </matrix>
                                             <transformationPoint>
                                                  <Point/>
                                             </transformationPoint>
                                        </DOMSymbolInstance>
                                   </elements>
                              </DOMFrame>
                              <DOMFrame index="13" duration="3" keyMode="9728">
                                   <elements/>
                              </DOMFrame>
                         </frames>
                    </DOMLayer>
                    <DOMLayer name="Layer 8" color="#d434c7">
                         <frames>
                              <DOMFrame index="0" duration="2" keyMode="9728">
                                   <elements>
                                        <DOMSymbolInstance libraryItemName="Symbol 1784" centerPoint3DX="57.55" centerPoint3DY="42.3">
                                             <matrix>
                                                  <Matrix tx="44.35" ty="30.1"/>
                                             </matrix>
                                             <transformationPoint>
                                                  <Point/>
                                             </transformationPoint>
                                        </DOMSymbolInstance>
                                   </elements>
                              </DOMFrame>
                              <DOMFrame index="2" duration="2" keyMode="9728">
                                   <elements>
                                        <DOMSymbolInstance libraryItemName="Symbol 1784" centerPoint3DX="57.55" centerPoint3DY="48.3">
                                             <matrix>
                                                  <Matrix tx="44.35" ty="36.1"/>
                                             </matrix>
                                             <transformationPoint>
                                                  <Point/>
                                             </transformationPoint>
                                        </DOMSymbolInstance>
                                   </elements>
                              </DOMFrame>
                              <DOMFrame index="4" duration="2" keyMode="9728">
                                   <elements>
                                        <DOMSymbolInstance libraryItemName="Symbol 1784" centerPoint3DX="57.15" centerPoint3DY="50.95">
                                             <matrix>
                                                  <Matrix tx="43.95" ty="38.75" a="1.0543670654296875" d="0.942108154296875"/>
                                             </matrix>
                                             <transformationPoint>
                                                  <Point/>
                                             </transformationPoint>
                                        </DOMSymbolInstance>
                                   </elements>
                              </DOMFrame>
                              <DOMFrame index="6" duration="2" keyMode="9728">
                                   <elements>
                                        <DOMSymbolInstance libraryItemName="Symbol 1784" centerPoint3DX="56.15" centerPoint3DY="53.7">
                                             <matrix>
                                                  <Matrix tx="42.95" ty="41.5" a="1.1973724365234375" d="0.8769683837890625"/>
                                             </matrix>
                                             <transformationPoint>
                                                  <Point/>
                                             </transformationPoint>
                                        </DOMSymbolInstance>
                                   </elements>
                              </DOMFrame>
                              <DOMFrame index="8" duration="2" keyMode="9728">
                                   <elements>
                                        <DOMSymbolInstance libraryItemName="Symbol 1784" centerPoint3DX="55.95" centerPoint3DY="57.0">
                                             <matrix>
                                                  <Matrix tx="42.75" ty="44.8" a="1.1375732421875" d="0.86907958984375"/>
                                             </matrix>
                                             <transformationPoint>
                                                  <Point/>
                                             </transformationPoint>
                                        </DOMSymbolInstance>
                                   </elements>
                              </DOMFrame>
                              <DOMFrame index="10" keyMode="9728">
                                   <elements>
                                        <DOMSymbolInstance libraryItemName="Symbol 1788" centerPoint3DX="51.85" centerPoint3DY="-5.05">
                                             <matrix>
                                                  <Matrix tx="38.85" ty="-16.75" a="0.8701171875" d="1.10931396484375"/>
                                             </matrix>
                                             <transformationPoint>
                                                  <Point/>
                                             </transformationPoint>
                                        </DOMSymbolInstance>
                                   </elements>
                              </DOMFrame>
                              <DOMFrame index="11" keyMode="9728">
                                   <elements>
                                        <DOMSymbolInstance libraryItemName="Symbol 1788" centerPoint3DX="53.95" centerPoint3DY="-108.15">
                                             <matrix>
                                                  <Matrix tx="40.95" ty="-119.85" a="0.6512908935546875" d="1.298675537109375"/>
                                             </matrix>
                                             <transformationPoint>
                                                  <Point/>
                                             </transformationPoint>
                                        </DOMSymbolInstance>
                                   </elements>
                              </DOMFrame>
                              <DOMFrame index="12" keyMode="9728">
                                   <elements>
                                        <DOMSymbolInstance libraryItemName="Symbol 1788" centerPoint3DX="57.9" centerPoint3DY="-303.85">
                                             <matrix>
                                                  <Matrix tx="44.9" ty="-315.55" a="0.3222198486328125" d="1.455657958984375"/>
                                             </matrix>
                                             <transformationPoint>
                                                  <Point/>
                                             </transformationPoint>
                                        </DOMSymbolInstance>
                                   </elements>
                              </DOMFrame>
                              <DOMFrame index="13" duration="3" keyMode="9728">
                                   <elements/>
                              </DOMFrame>
                         </frames>
                    </DOMLayer>
                    <DOMLayer name="Layer 9" color="#2ea7c3">
                         <frames>
                              <DOMFrame index="0" duration="2" keyMode="9728">
                                   <elements>
                                        <DOMSymbolInstance libraryItemName="Symbol 1782" centerPoint3DX="73.6" centerPoint3DY="51.2">
                                             <matrix>
                                                  <Matrix tx="63.5" ty="41.5" a="-0.886962890625" d="0.886962890625"/>
                                             </matrix>
                                             <transformationPoint>
                                                  <Point/>
                                             </transformationPoint>
                                        </DOMSymbolInstance>
                                   </elements>
                              </DOMFrame>
                              <DOMFrame index="2" duration="2" keyMode="9728">
                                   <elements>
                                        <DOMSymbolInstance libraryItemName="Symbol 1782" centerPoint3DX="73.6" centerPoint3DY="55.7">
                                             <matrix>
                                                  <Matrix tx="63.5" ty="46.0" a="-0.886962890625" d="0.886962890625"/>
                                             </matrix>
                                             <transformationPoint>
                                                  <Point/>
                                             </transformationPoint>
                                        </DOMSymbolInstance>
                                   </elements>
                              </DOMFrame>
                              <DOMFrame index="4" duration="2" keyMode="9728">
                                   <elements>
                                        <DOMSymbolInstance libraryItemName="Symbol 1782" centerPoint3DX="74.25" centerPoint3DY="57.8">
                                             <matrix>
                                                  <Matrix tx="64.15" ty="48.1" a="-0.9351959228515625" d="0.8356170654296875"/>
                                             </matrix>
                                             <transformationPoint>
                                                  <Point/>
                                             </transformationPoint>
                                        </DOMSymbolInstance>
                                   </elements>
                              </DOMFrame>
                              <DOMFrame index="6" duration="2" keyMode="9728">
                                   <elements>
                                        <DOMSymbolInstance libraryItemName="Symbol 1782" centerPoint3DX="76.0" centerPoint3DY="59.9">
                                             <matrix>
                                                  <Matrix tx="65.9" ty="50.2" a="-1.06201171875" d="0.77783203125"/>
                                             </matrix>
                                             <transformationPoint>
                                                  <Point/>
                                             </transformationPoint>
                                        </DOMSymbolInstance>
                                   </elements>
                              </DOMFrame>
                              <DOMFrame index="8" duration="2" keyMode="9728">
                                   <elements>
                                        <DOMSymbolInstance libraryItemName="Symbol 1782" centerPoint3DX="74.6" centerPoint3DY="61.8">
                                             <matrix>
                                                  <Matrix tx="64.5" ty="52.1" a="-1.00897216796875" d="0.770843505859375"/>
                                             </matrix>
                                             <transformationPoint>
                                                  <Point/>
                                             </transformationPoint>
                                        </DOMSymbolInstance>
                                   </elements>
                              </DOMFrame>
                              <DOMFrame index="10" keyMode="9728">
                                   <elements>
                                        <DOMSymbolInstance libraryItemName="Symbol 1782" centerPoint3DX="67.45" centerPoint3DY="6.4">
                                             <matrix>
                                                  <Matrix tx="57.35" ty="-3.3" a="-0.7717437744140625" d="0.983917236328125"/>
                                             </matrix>
                                             <transformationPoint>
                                                  <Point/>
                                             </transformationPoint>
                                        </DOMSymbolInstance>
                                   </elements>
                              </DOMFrame>
                              <DOMFrame index="11" keyMode="9728">
                                   <elements>
                                        <DOMSymbolInstance libraryItemName="Symbol 1782" centerPoint3DX="64.9" centerPoint3DY="-94.4">
                                             <matrix>
                                                  <Matrix tx="54.8" ty="-104.1" a="-0.5776519775390625" d="1.15185546875"/>
                                             </matrix>
                                             <transformationPoint>
                                                  <Point/>
                                             </transformationPoint>
                                        </DOMSymbolInstance>
                                   </elements>
                              </DOMFrame>
                              <DOMFrame index="12" keyMode="9728">
                                   <elements>
                                        <DOMSymbolInstance libraryItemName="Symbol 1782" centerPoint3DX="61.85" centerPoint3DY="-288.2">
                                             <matrix>
                                                  <Matrix tx="51.75" ty="-297.9" a="-0.285797119140625" d="1.291107177734375"/>
                                             </matrix>
                                             <transformationPoint>
                                                  <Point/>
                                             </transformationPoint>
                                        </DOMSymbolInstance>
                                   </elements>
                              </DOMFrame>
                              <DOMFrame index="13" duration="3" keyMode="9728">
                                   <elements/>
                              </DOMFrame>
                         </frames>
                    </DOMLayer>
                    <DOMLayer name="Layer 10" color="#f599c2">
                         <frames>
                              <DOMFrame index="0" duration="2" keyMode="9728">
                                   <elements>
                                        <DOMSymbolInstance libraryItemName="Symbol 1780" centerPoint3DX="53.4" centerPoint3DY="58.1">
                                             <matrix>
                                                  <Matrix tx="48.55" ty="53.2" a="0.886962890625" d="0.886962890625"/>
                                             </matrix>
                                             <transformationPoint>
                                                  <Point/>
                                             </transformationPoint>
                                        </DOMSymbolInstance>
                                   </elements>
                              </DOMFrame>
                              <DOMFrame index="2" duration="2" keyMode="9728">
                                   <elements>
                                        <DOMSymbolInstance libraryItemName="Symbol 1780" centerPoint3DX="53.4" centerPoint3DY="61.7">
                                             <matrix>
                                                  <Matrix tx="48.55" ty="56.8" a="0.886962890625" d="0.886962890625"/>
                                             </matrix>
                                             <transformationPoint>
                                                  <Point/>
                                             </transformationPoint>
                                        </DOMSymbolInstance>
                                   </elements>
                              </DOMFrame>
                              <DOMFrame index="4" duration="2" keyMode="9728">
                                   <elements>
                                        <DOMSymbolInstance libraryItemName="Symbol 1780" centerPoint3DX="53.25" centerPoint3DY="63.15">
                                             <matrix>
                                                  <Matrix tx="48.4" ty="58.25" a="0.9351959228515625" d="0.8356170654296875"/>
                                             </matrix>
                                             <transformationPoint>
                                                  <Point/>
                                             </transformationPoint>
                                        </DOMSymbolInstance>
                                   </elements>
                              </DOMFrame>
                              <DOMFrame index="6" duration="2" keyMode="9728">
                                   <elements>
                                        <DOMSymbolInstance libraryItemName="Symbol 1780" centerPoint3DX="52.85" centerPoint3DY="64.55">
                                             <matrix>
                                                  <Matrix tx="48.0" ty="59.65" a="1.06201171875" d="0.77783203125"/>
                                             </matrix>
                                             <transformationPoint>
                                                  <Point/>
                                             </transformationPoint>
                                        </DOMSymbolInstance>
                                   </elements>
                              </DOMFrame>
                              <DOMFrame index="8" duration="2" keyMode="9728">
                                   <elements>
                                        <DOMSymbolInstance libraryItemName="Symbol 1780" centerPoint3DX="51.7" centerPoint3DY="66.35">
                                             <matrix>
                                                  <Matrix tx="46.85" ty="61.45" a="1.00897216796875" d="0.770843505859375"/>
                                             </matrix>
                                             <transformationPoint>
                                                  <Point/>
                                             </transformationPoint>
                                        </DOMSymbolInstance>
                                   </elements>
                              </DOMFrame>
                              <DOMFrame index="10" keyMode="9728">
                                   <elements>
                                        <DOMSymbolInstance libraryItemName="Symbol 1780" centerPoint3DX="50.5" centerPoint3DY="16.2">
                                             <matrix>
                                                  <Matrix tx="45.65" ty="11.3" a="0.7717437744140625" d="0.983917236328125"/>
                                             </matrix>
                                             <transformationPoint>
                                                  <Point/>
                                             </transformationPoint>
                                        </DOMSymbolInstance>
                                   </elements>
                              </DOMFrame>
                              <DOMFrame index="11" keyMode="9728">
                                   <elements>
                                        <DOMSymbolInstance libraryItemName="Symbol 1780" centerPoint3DX="50.9" centerPoint3DY="-82.1">
                                             <matrix>
                                                  <Matrix tx="46.05" ty="-87.0" a="0.5776519775390625" d="1.15185546875"/>
                                             </matrix>
                                             <transformationPoint>
                                                  <Point/>
                                             </transformationPoint>
                                        </DOMSymbolInstance>
                                   </elements>
                              </DOMFrame>
                              <DOMFrame index="12" keyMode="9728">
                                   <elements>
                                        <DOMSymbolInstance libraryItemName="Symbol 1780" centerPoint3DX="52.25" centerPoint3DY="-273.85">
                                             <matrix>
                                                  <Matrix tx="47.4" ty="-278.75" a="0.285797119140625" d="1.291107177734375"/>
                                             </matrix>
                                             <transformationPoint>
                                                  <Point/>
                                             </transformationPoint>
                                        </DOMSymbolInstance>
                                   </elements>
                              </DOMFrame>
                              <DOMFrame index="13" duration="3" keyMode="9728">
                                   <elements/>
                              </DOMFrame>
                         </frames>
                    </DOMLayer>
                    <DOMLayer name="Layer 11" color="#bcb610" current="true" isSelected="true">
                         <frames>
                              <DOMFrame index="0" duration="2" keyMode="9728">
                                   <elements>
                                        <DOMSymbolInstance libraryItemName="Symbol 336" centerPoint3DX="62.9" centerPoint3DY="75.4">
                                             <matrix>
                                                  <Matrix tx="54.6" ty="72.1" a="7.2789154052734375" d="3.039794921875"/>
                                             </matrix>
                                             <transformationPoint>
                                                  <Point/>
                                             </transformationPoint>
                                        </DOMSymbolInstance>
                                   </elements>
                              </DOMFrame>
                              <DOMFrame index="2" duration="2" keyMode="9728">
                                   <elements>
                                        <DOMSymbolInstance libraryItemName="Symbol 336" centerPoint3DX="62.9" centerPoint3DY="75.4">
                                             <matrix>
                                                  <Matrix tx="54.6" ty="72.1" a="8.36859130859375" d="3.039794921875"/>
                                             </matrix>
                                             <transformationPoint>
                                                  <Point/>
                                             </transformationPoint>
                                        </DOMSymbolInstance>
                                   </elements>
                              </DOMFrame>
                              <DOMFrame index="4" duration="2" keyMode="9728">
                                   <elements>
                                        <DOMSymbolInstance libraryItemName="Symbol 336" centerPoint3DX="63.1" centerPoint3DY="76.0">
                                             <matrix>
                                                  <Matrix tx="54.8" ty="72.7" a="8.823577880859375" d="2.86383056640625"/>
                                             </matrix>
                                             <transformationPoint>
                                                  <Point/>
                                             </transformationPoint>
                                        </DOMSymbolInstance>
                                   </elements>
                              </DOMFrame>
                              <DOMFrame index="6" duration="2" keyMode="9728">
                                   <elements>
                                        <DOMSymbolInstance libraryItemName="Symbol 336" centerPoint3DX="63.5" centerPoint3DY="76.4">
                                             <matrix>
                                                  <Matrix tx="55.2" ty="73.1" a="10.020278930664062" d="2.6658172607421875"/>
                                             </matrix>
                                             <transformationPoint>
                                                  <Point/>
                                             </transformationPoint>
                                        </DOMSymbolInstance>
                                   </elements>
                              </DOMFrame>
                              <DOMFrame index="8" duration="2" keyMode="9728">
                                   <elements>
                                        <DOMSymbolInstance libraryItemName="Symbol 336" centerPoint3DX="62.7" centerPoint3DY="76.75">
                                             <matrix>
                                                  <Matrix tx="54.4" ty="73.45" a="9.718292236328125" d="2.6418304443359375"/>
                                             </matrix>
                                             <transformationPoint>
                                                  <Point/>
                                             </transformationPoint>
                                        </DOMSymbolInstance>
                                   </elements>
                              </DOMFrame>
                              <DOMFrame index="10" keyMode="9728">
                                   <elements>
                                        <DOMSymbolInstance libraryItemName="Symbol 336" centerPoint3DX="62.9" centerPoint3DY="75.4">
                                             <matrix>
                                                  <Matrix tx="54.6" ty="72.1" a="4.92529296875" d="3.039794921875"/>
                                             </matrix>
                                             <transformationPoint>
                                                  <Point/>
                                             </transformationPoint>
                                        </DOMSymbolInstance>
                                   </elements>
                              </DOMFrame>
                              <DOMFrame index="11" keyMode="9728">
                                   <elements>
                                        <DOMSymbolInstance libraryItemName="Symbol 336" centerPoint3DX="62.9" centerPoint3DY="75.4">
                                             <matrix>
                                                  <Matrix tx="54.6" ty="72.1" a="6.9307708740234375" d="3.039794921875"/>
                                             </matrix>
                                             <transformationPoint>
                                                  <Point/>
                                             </transformationPoint>
                                             <color>
                                                  <Color alphaMultiplier="0.6015625"/>
                                             </color>
                                        </DOMSymbolInstance>
                                   </elements>
                              </DOMFrame>
                              <DOMFrame index="12" keyMode="9728">
                                   <elements>
                                        <DOMSymbolInstance libraryItemName="Symbol 336" centerPoint3DX="62.9" centerPoint3DY="75.4">
                                             <matrix>
                                                  <Matrix tx="54.6" ty="72.1" a="10.74896240234375" d="3.889190673828125"/>
                                             </matrix>
                                             <transformationPoint>
                                                  <Point/>
                                             </transformationPoint>
                                             <color>
                                                  <Color alphaMultiplier="0.30078125"/>
                                             </color>
                                        </DOMSymbolInstance>
                                   </elements>
                              </DOMFrame>
                              <DOMFrame index="13" keyMode="9728">
                                   <elements>
                                        <DOMSymbolInstance libraryItemName="Symbol 336" centerPoint3DX="62.9" centerPoint3DY="75.4">
                                             <matrix>
                                                  <Matrix tx="54.6" ty="72.1" a="13.96728515625" d="3.889190673828125"/>
                                             </matrix>
                                             <transformationPoint>
                                                  <Point/>
                                             </transformationPoint>
                                             <color>
                                                  <Color alphaMultiplier="0.1015625"/>
                                             </color>
                                        </DOMSymbolInstance>
                                   </elements>
                              </DOMFrame>
                              <DOMFrame index="14" duration="2" keyMode="9728">
                                   <elements/>
                              </DOMFrame>
                         </frames>
                    </DOMLayer>
               </layers>
          </DOMTimeline>
     </timeline>
</DOMSymbolItem>
