<DOMSymbolItem xmlns="http://ns.adobe.com/xfl/2008/" xmlns:xsi="http://www.w3.org/2001/XMLSchema-instance" name="Symbol 2068" lastModified="1681431985">
     <timeline>
          <DOMTimeline name="Symbol 2068">
               <layers>
                    <DOMLayer name="Layer 1" color="#de1acb">
                         <frames>
                              <DOMFrame index="0" keyMode="9728">
                                   <elements>
                                        <DOMShape isFloating="true">
                                             <fills>
                                                  <FillStyle index="1">
                                                       <SolidColor color="#000000" alpha="0.2"/>
                                                  </FillStyle>
                                             </fills>
                                             <strokes/>
                                             <edges>
                                                  <Edge fillStyle0="1" edges="! 558 214[ 541 155 394 119| 303 106[ 192 97 102 127[ 35 150 7 178[ -39 226 -14 282[ 7 338 79 349| 128 345[ 160 341 192 346[ 241 353 263 367[ 288 382 313 385[ 386 396 462 351[ 501 329 524 303[ 571 254 558 214"/>
                                             </edges>
                                        </DOMShape>
                                   </elements>
                              </DOMFrame>
                              <DOMFrame index="1" keyMode="9728">
                                   <elements>
                                        <DOMShape isFloating="true">
                                             <fills>
                                                  <FillStyle index="1">
                                                       <SolidColor color="#000000" alpha="0.2"/>
                                                  </FillStyle>
                                             </fills>
                                             <strokes/>
                                             <edges>
                                                  <Edge fillStyle0="1" edges="! 568 193[ 549 160 485 130[ 422 102 357 89| 317 83| 199 80[ 123 81 112 91| 111 95[ 81 103 52 114[ -33 147 -59 174[ -92 208 -98 258[ -107 337 7 353| 74 352| 165 354[ 218 362 231 375| 237 381| 242 392| 243 398[ 249 412 282 420[ 344 453 433 437| 507 403| 539 372[ 573 338 583 311[ 594 289 598 242[ 599 219 568 193"/>
                                             </edges>
                                        </DOMShape>
                                   </elements>
                              </DOMFrame>
                              <DOMFrame index="2" keyMode="9728">
                                   <elements>
                                        <DOMShape isFloating="true">
                                             <fills>
                                                  <FillStyle index="1">
                                                       <SolidColor color="#000000" alpha="0.2"/>
                                                  </FillStyle>
                                             </fills>
                                             <strokes/>
                                             <edges>
                                                  <Edge fillStyle0="1" edges="! 612 186[ 548 121 423 104| 324 90| 292 84| 243 82| 222 80| 153 84| 155 89| 128 93[ 38 106 4 118[ -23 126 -63 150| -115 188[ -127 201 -139 231[ -153 262 -149 270[ -140 292 -71 329[ 3 367 27 342| 24 323[ 19 306 33 293[ 46 278 78 265[ 132 242 204 252[ 275 261 276 297[ 276 314 262 331[ 247 332 229 343| 203 360[ 169 396 206 424[ 242 449 319 457| 470 449[ 551 431 589 392| 641 334[ 656 309 658 262[ 658 229 612 186"/>
                                             </edges>
                                        </DOMShape>
                                   </elements>
                              </DOMFrame>
                              <DOMFrame index="3" keyMode="9728">
                                   <elements>
                                        <DOMShape isFloating="true">
                                             <fills>
                                                  <FillStyle index="1">
                                                       <SolidColor color="#000000" alpha="0.2"/>
                                                  </FillStyle>
                                             </fills>
                                             <strokes/>
                                             <edges>
                                                  <Edge fillStyle0="1" edges="! 618 173[ 533 102 367 79[ 216 57 54 81[ -109 105 -159 158[ -210 211 -215 241[ -218 268 -207 288| -178 318| -142 339| -123 348[ -95 355 -82 342| -78 319[ -74 297 -54 278[ -16 236 98 221[ 187 210 257 219[ 320 228 343 256[ 356 271 353 282| 186 296[ 142 305 130 313[ 121 319 111 334[ 83 365 88 393[ 99 430 173 457| 261 470[ 389 492 507 436[ 577 404 619 359[ 718 255 618 173"/>
                                             </edges>
                                        </DOMShape>
                                   </elements>
                              </DOMFrame>
                              <DOMFrame index="4" duration="12" keyMode="9728">
                                   <elements/>
                              </DOMFrame>
                         </frames>
                    </DOMLayer>
                    <DOMLayer name="Layer 2" color="#ff4fef">
                         <frames>
                              <DOMFrame index="0" keyMode="9728">
                                   <elements>
                                        <DOMSymbolInstance libraryItemName="Symbol 2051" name="p" centerPoint3DX="20.75" centerPoint3DY="19.75">
                                             <matrix>
                                                  <Matrix tx="0.0" ty="0.0"/>
                                             </matrix>
                                             <transformationPoint>
                                                  <Point/>
                                             </transformationPoint>
                                        </DOMSymbolInstance>
                                   </elements>
                              </DOMFrame>
                              <DOMFrame index="1" keyMode="9728">
                                   <elements>
                                        <DOMSymbolInstance libraryItemName="Symbol 2051" name="p" centerPoint3DX="24.9" centerPoint3DY="10.55">
                                             <matrix>
                                                  <Matrix tx="4.15" ty="-9.2" a="0.621002197265625" d="1.3143768310546875"/>
                                             </matrix>
                                             <transformationPoint>
                                                  <Point/>
                                             </transformationPoint>
                                        </DOMSymbolInstance>
                                   </elements>
                              </DOMFrame>
                              <DOMFrame index="2" keyMode="9728">
                                   <elements>
                                        <DOMSymbolInstance libraryItemName="Symbol 2051" name="p" centerPoint3DX="10.9" centerPoint3DY="25.25">
                                             <matrix>
                                                  <Matrix tx="-9.85" ty="5.5" a="1.8538818359375" d="0.6220703125"/>
                                             </matrix>
                                             <transformationPoint>
                                                  <Point/>
                                             </transformationPoint>
                                        </DOMSymbolInstance>
                                   </elements>
                              </DOMFrame>
                              <DOMFrame index="3" keyMode="9728">
                                   <elements>
                                        <DOMSymbolInstance libraryItemName="Symbol 2051" name="p" centerPoint3DX="-14.9" centerPoint3DY="28.5">
                                             <matrix>
                                                  <Matrix tx="-35.65" ty="8.75" a="3.387603759765625" d="0.32843017578125"/>
                                             </matrix>
                                             <transformationPoint>
                                                  <Point/>
                                             </transformationPoint>
                                        </DOMSymbolInstance>
                                   </elements>
                              </DOMFrame>
                              <DOMFrame index="4" keyMode="9728">
                                   <elements>
                                        <DOMShape isFloating="true">
                                             <fills>
                                                  <FillStyle index="1">
                                                       <SolidColor color="#000000" alpha="0.2"/>
                                                  </FillStyle>
                                             </fills>
                                             <strokes/>
                                             <edges>
                                                  <Edge fillStyle0="1" edges="! 425 81[ 140 40 -51 91[ -163 121 -209 169[ -240 203 -238 266[ -236 332 -188 339| -185 340| -182 340| -139 338| -128 305[ -117 270 -100 253[ 0 148 295 189[ 409 205 433 248[ 451 277 433 296| 431 298| 429 280[ 413 239 299 223[ 213 211 131 239[ 68 261 39 292[ 19 313 15 328[ 10 347 23 370[ 44 403 68 417| 93 426| 147 446| 248 464| 338 470[ 405 464 455 446| 536 417[ 580 403 604 385| 636 350[ 688 296 683 232[ 680 187 575 135[ 487 90 425 81"/>
                                             </edges>
                                        </DOMShape>
                                   </elements>
                              </DOMFrame>
                              <DOMFrame index="5" keyMode="9728">
                                   <elements>
                                        <DOMShape isFloating="true">
                                             <fills>
                                                  <FillStyle index="1">
                                                       <SolidColor color="#000000" alpha="0.2"/>
                                                  </FillStyle>
                                             </fills>
                                             <strokes/>
                                             <edges>
                                                  <Edge fillStyle0="1" edges="! 624 152[ 526 84 358 60[ 261 46 134 57[ 22 66 -53 88[ -95 99 -135 125[ -165 145 -189 168[ -238 221 -241 244[ -245 284 -176 344| -166 342| -165 347| -149 342| -147 295[ -142 247 -105 207[ -72 173 -10 153[ 104 115 284 140[ 398 156 449 207[ 495 254 457 293| 431 315| 441 304[ 463 281 457 257[ 445 215 337 200[ 214 182 112 214| 68 231[ 47 233 21 248| -9 269[ -52 315 -47 344[ -39 367 -9 385[ -7 395 14 406[ 50 427 109 438| 184 448[ 239 461 336 438| 426 411| 401 446[ 395 451 399 456| 414 451[ 472 446 538 409[ 590 380 620 348| 670 291[ 683 268 688 223[ 688 200 624 152"/>
                                                  <Edge fillStyle0="1" edges="! 406 335| 399 335| 419 324| 406 335"/>
                                             </edges>
                                        </DOMShape>
                                   </elements>
                              </DOMFrame>
                              <DOMFrame index="6" duration="10" keyMode="9728">
                                   <elements/>
                              </DOMFrame>
                         </frames>
                    </DOMLayer>
                    <DOMLayer name="Layer 3" color="#7eab63" current="true" isSelected="true">
                         <frames>
                              <DOMFrame index="0" keyMode="9728">
                                   <elements/>
                              </DOMFrame>
                              <DOMFrame index="1" keyMode="9728">
                                   <elements>
                                        <DOMSymbolInstance libraryItemName="Symbol 2051" centerPoint3DX="23.6" centerPoint3DY="17.05">
                                             <matrix>
                                                  <Matrix tx="2.85" ty="-2.7" a="0.7397308349609375" d="1.08026123046875"/>
                                             </matrix>
                                             <transformationPoint>
                                                  <Point/>
                                             </transformationPoint>
                                             <color>
                                                  <Color redMultiplier="0.0" greenMultiplier="0.0" blueMultiplier="0.0"/>
                                             </color>
                                        </DOMSymbolInstance>
                                   </elements>
                              </DOMFrame>
                              <DOMFrame index="2" keyMode="9728">
                                   <elements>
                                        <DOMSymbolInstance libraryItemName="Symbol 2051" centerPoint3DX="15.5" centerPoint3DY="19.75">
                                             <matrix>
                                                  <Matrix tx="-5.25" ty="0.0" a="1.435546875" d="0.7993316650390625"/>
                                             </matrix>
                                             <transformationPoint>
                                                  <Point/>
                                             </transformationPoint>
                                             <color>
                                                  <Color redMultiplier="0.0" greenMultiplier="0.0" blueMultiplier="0.0"/>
                                             </color>
                                        </DOMSymbolInstance>
                                   </elements>
                              </DOMFrame>
                              <DOMFrame index="3" keyMode="9728">
                                   <elements>
                                        <DOMSymbolInstance libraryItemName="Symbol 2051" centerPoint3DX="-1.1" centerPoint3DY="24.6">
                                             <matrix>
                                                  <Matrix tx="-21.85" ty="4.85" a="2.353179931640625" d="0.5071258544921875"/>
                                             </matrix>
                                             <transformationPoint>
                                                  <Point/>
                                             </transformationPoint>
                                             <color>
                                                  <Color redMultiplier="0.0" greenMultiplier="0.0" blueMultiplier="0.0"/>
                                             </color>
                                        </DOMSymbolInstance>
                                   </elements>
                              </DOMFrame>
                              <DOMFrame index="4" keyMode="9728">
                                   <elements>
                                        <DOMSymbolInstance libraryItemName="Symbol 2051" centerPoint3DX="-14.95" centerPoint3DY="26.75">
                                             <matrix>
                                                  <Matrix tx="-35.7" ty="7.0" a="3.4441375732421875" d="0.3655548095703125" b="0.0" c="-0.0122528076171875"/>
                                             </matrix>
                                             <transformationPoint>
                                                  <Point/>
                                             </transformationPoint>
                                             <color>
                                                  <Color redMultiplier="0.0" greenMultiplier="0.0" blueMultiplier="0.0"/>
                                             </color>
                                        </DOMSymbolInstance>
                                   </elements>
                              </DOMFrame>
                              <DOMFrame index="5" keyMode="9728">
                                   <elements>
                                        <DOMSymbolInstance libraryItemName="Symbol 2051" centerPoint3DX="-39.6" centerPoint3DY="30.35">
                                             <matrix>
                                                  <Matrix tx="-60.35" ty="10.6" a="5.2686767578125" d="0.0400390625"/>
                                             </matrix>
                                             <transformationPoint>
                                                  <Point/>
                                             </transformationPoint>
                                             <color>
                                                  <Color redMultiplier="0.0" greenMultiplier="0.0" blueMultiplier="0.0"/>
                                             </color>
                                        </DOMSymbolInstance>
                                   </elements>
                              </DOMFrame>
                              <DOMFrame index="6" keyMode="9728">
                                   <elements>
                                        <DOMShape isFloating="true">
                                             <fills>
                                                  <FillStyle index="1">
                                                       <SolidColor color="#000000" alpha="0.2"/>
                                                  </FillStyle>
                                             </fills>
                                             <strokes/>
                                             <edges>
                                                  <Edge fillStyle0="1" edges="! 625 138[ 577 100 536 86[ 482 60 370 45| 119 38[ -4 46 -58 65[ -89 75 -133 100| -192 140| -233 190| -240 202[ -252 216 -253 229[ -253 242 -238 266| -224 261| -225 253| -209 248| -178 215| -140 185[ -97 148 -19 129| 33 121| 105 112[ 142 106 200 111| 204 114| 259 120[ 474 151 507 221[ 529 262 492 301| 429 344[ 361 383 303 375[ 258 368 231 358| 232 358| 318 360[ 372 354 392 343| 443 318| 463 298[ 489 271 483 241[ 475 188 355 172[ 243 156 119 187[ 24 211 6 228| 6 229| -33 253[ -64 287 -63 318[ -59 357 -10 390[ -7 395 17 383| 56 368| 66 365| 107 383[ 163 403 234 410[ 304 422 381 397[ 442 377 461 358| 462 355| 501 349[ 517 350 529 359| 517 393| 514 396| 514 397| 536 394[ 566 386 608 362| 643 337| 667 313| 704 265[ 709 243 693 206[ 681 180 625 138"/>
                                             </edges>
                                        </DOMShape>
                                   </elements>
                              </DOMFrame>
                              <DOMFrame index="7" keyMode="9728">
                                   <elements>
                                        <DOMShape isFloating="true">
                                             <fills>
                                                  <FillStyle index="1">
                                                       <SolidColor color="#000000" alpha="0.2"/>
                                                  </FillStyle>
                                             </fills>
                                             <strokes/>
                                             <edges>
                                                  <Edge fillStyle0="1" edges="! 631 127[ 568 85 438 42| 341 28[ 99 20 -58 71[ -171 107 -228 168| -253 214[ -272 259 -253 262| -251 262[ -242 273 -228 258[ -215 229 -193 206[ -140 151 -52 119[ 93 66 303 87| 383 99[ 563 164 557 232[ 555 252 532 288| 518 315| 512 317| 507 321| 512 331[ 507 339 508 344| 519 340| 525 356| 514 372[ 511 378 514 382| 507 385[ 500 394 514 396| 546 392[ 580 388 619 366| 676 322[ 700 298 702 284| 711 233| 717 208[ 719 195 709 183[ 667 135 631 127"/>
                                                  <Edge fillStyle0="1" edges="! 498 315[ 523 289 497 244[ 464 183 335 165[ 186 144 69 188[ 2 214 -30 247| -57 283| -76 319[ -76 327 -56 359[ -50 373 -30 384| 10 382[ 24 319 35 308[ 49 293 77 279[ 118 257 159 264[ 207 271 211 294| 198 303| 177 321[ 166 333 177 354[ 191 382 242 389[ 328 401 418 363[ 479 336 498 315"/>
                                             </edges>
                                        </DOMShape>
                                   </elements>
                              </DOMFrame>
                              <DOMFrame index="8" keyMode="9728">
                                   <elements>
                                        <DOMShape isFloating="true">
                                             <fills>
                                                  <FillStyle index="1">
                                                       <SolidColor color="#000000" alpha="0.2"/>
                                                  </FillStyle>
                                             </fills>
                                             <strokes/>
                                             <edges>
                                                  <Edge fillStyle0="1" edges="! 706 134[ 697 122 637 88[ 605 69 513 51| 430 37| 369 29| 364 30| 345 27[ 325 25 317 34[ 311 42 360 51[ 433 64 473 83[ 497 94 545 128[ 594 162 605 206| 621 244| 631 278| 623 312| 598 343| 551 384| 526 393[ 505 415 585 390[ 665 366 685 346| 734 282[ 753 249 751 212[ 751 186 706 134"/>
                                                  <Edge fillStyle0="1" edges="! 590 122| 602 134| 590 123| 590 122"/>
                                                  <Edge fillStyle0="1" edges="! 486 62| 476 57| 492 60| 486 62"/>
                                                  <Edge fillStyle0="1" edges="! 490 264[ 463 190 293 166[ 185 151 41 229[ 22 247 38 249| 40 248| 44 249| 92 243[ 143 239 175 244[ 218 250 217 266| 209 281| 185 283| 132 292[ 103 301 98 304| 90 316[ 44 365 115 397| 131 404[ 136 411 167 419| 173 420| 200 425| 293 415[ 435 391 473 352[ 508 314 490 264"/>
                                                  <Edge fillStyle0="1" edges="! 112 29[ 68 23 -114 82[ -141 91 -180 114| -233 150| -267 212[ -277 244 -269 263[ -266 278 -252 269[ -247 273 -237 263[ -223 220 -198 196[ -128 121 29 75[ 109 53 180 38[ 186 30 173 29| 148 29| 141 28| 112 29"/>
                                                  <Edge fillStyle0="1" edges="! -51 84| -51 83| -42 82| -50 84| -51 84"/>
                                                  <Edge fillStyle0="1" edges="! -16 348[ -19 334 -13 323| 0 303[ 9 291 -4 288[ -25 286 -47 305[ -63 322 -46 349[ -28 376 -11 359| -16 348"/>
                                             </edges>
                                        </DOMShape>
                                   </elements>
                              </DOMFrame>
                              <DOMFrame index="9" keyMode="9728">
                                   <elements>
                                        <DOMShape isFloating="true">
                                             <fills>
                                                  <FillStyle index="1">
                                                       <SolidColor color="#000000" alpha="0.2"/>
                                                  </FillStyle>
                                             </fills>
                                             <strokes/>
                                             <edges>
                                                  <Edge fillStyle0="1" edges="! 738 168[ 692 69 479 39| 448 41| 502 65[ 569 91 606 111| 646 145| 668 176[ 689 205 701 237| 702 252| 702 266[ 708 281 718 282[ 727 284 736 274[ 744 265 749 237[ 755 201 738 168"/>
                                                  <Edge fillStyle0="1" edges="! 580 384[ 564 400 614 381[ 664 362 685 340| 705 318[ 720 297 701 294[ 694 293 682 303| 673 313| 658 328| 626 349| 604 366| 580 384"/>
                                                  <Edge fillStyle0="1" edges="! 455 231[ 410 182 323 171| 272 166| 258 168| 205 171[ 199 179 216 181| 263 185[ 331 194 334 224[ 335 238 322 253[ 293 282 262 277| 230 266| 226 265| 193 257[ 127 248 82 269[ 59 280 49 293[ 18 325 59 373| 61 374[ 49 392 84 406| 129 418| 132 420| 135 418| 193 423[ 372 424 456 337[ 506 283 455 231"/>
                                                  <Edge fillStyle0="1" edges="! 222 216[ 226 211 213 204| 163 192[ 136 188 130 197[ 123 204 144 207| 209 218| 222 216"/>
                                                  <Edge fillStyle0="1" edges="! 21 43[ -7 39 -66 59| -144 88[ -163 95 -192 112| -232 140| -261 175[ -274 196 -266 209| -261 206| -259 201| -255 198| -252 202| -233 185| -190 151| -134 114[ -98 96 -30 73| 28 52[ 34 46 21 43"/>
                                             </edges>
                                        </DOMShape>
                                   </elements>
                              </DOMFrame>
                              <DOMFrame index="10" keyMode="9728">
                                   <elements>
                                        <DOMShape isFloating="true">
                                             <fills>
                                                  <FillStyle index="1">
                                                       <SolidColor color="#000000" alpha="0.2"/>
                                                  </FillStyle>
                                             </fills>
                                             <strokes/>
                                             <edges>
                                                  <Edge fillStyle0="1" edges="! 705 157[ 727 181 739 168[ 746 162 695 111[ 662 91 642 81[ 606 63 561 55| 549 57| 602 84[ 662 111 670 118| 705 157"/>
                                                  <Edge fillStyle0="1" edges="! 405 223| 424 248[ 443 274 439 292| 433 323[ 429 335 451 331| 475 318[ 497 295 479 259[ 463 222 433 218| 412 219| 405 223"/>
                                                  <Edge fillStyle0="1" edges="! 414 368[ 412 364 402 362| 386 364| 366 367| 342 363[ 329 360 319 342| 319 321| 357 289[ 375 245 328 238| 305 242| 297 252| 293 256| 282 251| 204 241[ 117 233 63 254[ 34 267 10 292[ -15 317 -1 349| -1 354[ 4 387 46 405[ 69 420 127 428| 326 419[ 380 403 394 387| 399 380| 412 375| 414 368"/>
                                             </edges>
                                        </DOMShape>
                                   </elements>
                              </DOMFrame>
                              <DOMFrame index="11" keyMode="9728">
                                   <elements>
                                        <DOMShape isFloating="true">
                                             <fills>
                                                  <FillStyle index="1">
                                                       <SolidColor color="#000000" alpha="0.2"/>
                                                  </FillStyle>
                                             </fills>
                                             <strokes/>
                                             <edges>
                                                  <Edge fillStyle0="1" edges="! 253 219[ 151 204 66 235[ 10 254 -7 274| -26 299| -41 309[ -98 369 60 411| 174 431| 241 427| 168 399[ 94 373 116 349[ 149 315 246 310| 314 308| 353 297[ 356 293 348 278| 346 273| 353 270[ 360 261 334 246[ 303 226 253 219"/>
                                                  <Edge fillStyle0="1" edges="! 368 398[ 373 393 363 392[ 348 389 319 400| 292 410[ 280 424 317 420[ 351 416 362 405| 368 398"/>
                                             </edges>
                                        </DOMShape>
                                   </elements>
                              </DOMFrame>
                              <DOMFrame index="12" keyMode="9728">
                                   <elements>
                                        <DOMShape isFloating="true">
                                             <fills>
                                                  <FillStyle index="1">
                                                       <SolidColor color="#000000" alpha="0.2"/>
                                                  </FillStyle>
                                             </fills>
                                             <strokes/>
                                             <edges>
                                                  <Edge fillStyle0="1" edges="! 23 359[ 19 347 21 338[ 30 323 55 298| 73 282[ 126 254 200 264| 301 286| 328 296| 358 289[ 378 268 358 249[ 329 218 221 203[ 111 187 27 226[ -17 245 -39 270[ -70 302 -61 345[ -52 390 -4 397| 27 400| 29 398| 23 359"/>
                                             </edges>
                                        </DOMShape>
                                   </elements>
                              </DOMFrame>
                              <DOMFrame index="13" keyMode="9728">
                                   <elements>
                                        <DOMShape isFloating="true">
                                             <fills>
                                                  <FillStyle index="1">
                                                       <SolidColor color="#000000" alpha="0.2"/>
                                                  </FillStyle>
                                             </fills>
                                             <strokes/>
                                             <edges>
                                                  <Edge fillStyle0="1" edges="! 246 193| 74 203[ 19 218 9 231[ -3 241 6 245| 58 240| 104 233[ 153 229 194 234[ 288 248 324 267| 355 286[ 374 289 381 280[ 395 263 381 243[ 355 208 246 193"/>
                                                  <Edge fillStyle0="1" edges="! -73 293[ -79 301 -70 315[ -61 331 -50 319| -34 274[ -53 272 -73 293"/>
                                             </edges>
                                        </DOMShape>
                                   </elements>
                              </DOMFrame>
                              <DOMFrame index="14" keyMode="9728">
                                   <elements>
                                        <DOMShape isFloating="true">
                                             <fills>
                                                  <FillStyle index="1">
                                                       <SolidColor color="#000000" alpha="0.2"/>
                                                  </FillStyle>
                                             </fills>
                                             <strokes/>
                                             <edges>
                                                  <Edge fillStyle0="1" edges="! 212 188| 181 193| 235 203[ 306 213 342 241| 361 261[ 368 271 390 274| 394 271[ 409 256 399 237[ 385 207 298 195| 212 188"/>
                                             </edges>
                                        </DOMShape>
                                   </elements>
                              </DOMFrame>
                              <DOMFrame index="15" keyMode="9728">
                                   <elements/>
                              </DOMFrame>
                         </frames>
                    </DOMLayer>
               </layers>
          </DOMTimeline>
     </timeline>
</DOMSymbolItem>
