<DOMSymbolItem xmlns="http://ns.adobe.com/xfl/2008/" xmlns:xsi="http://www.w3.org/2001/XMLSchema-instance" name="Symbol 1546" lastModified="1681431985" symbolType="graphic">
     <timeline>
          <DOMTimeline name="Symbol 1546" currentFrame="0">
               <layers>
                    <DOMLayer name="Layer 1">
                         <frames>
                              <DOMFrame index="0" motionTweenScale="false" keyMode="8192">
                                   <elements>
                                        <DOMShape isFloating="true">
                                             <fills>
                                                  <FillStyle index="1">
                                                       <SolidColor color="#000000" alpha="1.0"/>
                                                  </FillStyle>
                                                  <FillStyle index="2">
                                                       <SolidColor color="#cc9999" alpha="1.0"/>
                                                  </FillStyle>
                                             </fills>
                                             <strokes>
                                                  <StrokeStyle index="1">
                                                       <SolidStroke weight="2.0" scaleMode="normal">
                                                            <fill>
                                                                 <SolidColor color="#000000"/>
                                                            </fill>
                                                       </SolidStroke>
                                                  </StrokeStyle>
                                             </strokes>
                                             <edges>
                                                  <Edge fillStyle1="1" strokeStyle="1" edges="! 224 137| 178 137[ 117 137 98 103| 91 67[ 91 11 127 -11[ 173 -39 292 -40| 354 -45[ 397 -51 437 -45[ 508 -34 540 8| 556 25| 556 27| 559 50| 559 51[ 554 87 559 131| 562 168| 575 190| 577 197| 578 207| 574 225| 571 226| 568 230| 555 241[ 511 332 463 334| 458 344[ 448 407 367 407| 297 397| 294 399[ 280 399 277 389| 276 378[ 276 342 304 292[ 280 291 262 271[ 248 265 241 244| 240 239[ 230 219 230 207[ 230 185 240 166| 256 142"/>
                                                  <Edge fillStyle1="1" strokeStyle="0" edges="! 256 142| 243 144[ 229 144 224 137"/>
                                                  <Edge fillStyle0="2" fillStyle1="1" strokeStyle="0" edges="! 313 -21[ 275 -6 209 7[ 131 22 131 64| 143 95[ 238 89 275 97| 280 96| 284 88| 313 89| 313 90| 316 89| 327 89| 376 88[ 386 91 386 99[ 386 113 294 134| 289 142| 284 152| 284 154| 282 157[ 274 165 271 179[ 268 188 268 200[ 268 211 274 221[ 282 234 298 237| 299 237| 307 246[ 324 265 352 267| 334 308| 337 311| 316 362| 366 367[ 407 367 423 354[ 435 348 443 329| 452 302| 453 296| 455 296| 463 276| 488 221| 513 165| 532 127| 527 58[ 509 6 406 -13| 354 -22| 313 -21"/>
                                                  <Edge fillStyle0="2" fillStyle1="1" strokeStyle="0" edges="! 536 168| 507 238| 490 276| 531 226| 534 222| 532 219| 545 206| 545 203| 537 171| 536 168"/>
                                             </edges>
                                        </DOMShape>
                                   </elements>
                              </DOMFrame>
                         </frames>
                    </DOMLayer>
               </layers>
          </DOMTimeline>
     </timeline>
</DOMSymbolItem>
