<DOMSymbolItem xmlns="http://ns.adobe.com/xfl/2008/" xmlns:xsi="http://www.w3.org/2001/XMLSchema-instance" name="Symbol 2285" lastModified="1681431985">
     <timeline>
          <DOMTimeline name="Symbol 2285">
               <layers>
                    <DOMLayer name="Layer 1" color="#4f98eb" current="true" isSelected="true">
                         <frames>
                              <DOMFrame index="0" duration="4" keyMode="9728">
                                   <elements>
                                        <DOMShape isFloating="true">
                                             <fills>
                                                  <FillStyle index="1">
                                                       <SolidColor color="#7e1111"/>
                                                  </FillStyle>
                                                  <FillStyle index="2">
                                                       <SolidColor color="#000000"/>
                                                  </FillStyle>
                                                  <FillStyle index="3">
                                                       <SolidColor color="#9f2b2b"/>
                                                  </FillStyle>
                                             </fills>
                                             <strokes/>
                                             <edges>
                                                  <Edge fillStyle0="1" fillStyle1="2" edges="! 322 52| 315 68| 299 84| 317 102| 323 98[ 343 86 343 69| 342 56| 322 52"/>
                                                  <Edge fillStyle0="0" fillStyle1="2" edges="! 315 30| 351 32| 364 49| 365 67[ 365 99 351 114| 351 116| 347 124[ 354 134 354 145| 348 158| 347 159| 350 182[ 350 211 333 241[ 305 289 246 289[ 219 289 204 281| 201 284[ 185 300 156 300[ 86 300 55 253[ 36 225 36 196| 37 166| 34 140| 38 126| 35 124| 28 125| 33 123| 26 118| 19 113[ 0 100 0 87[ 0 72 3 62[ 4 35 44 30| 70 31| 85 22[ 108 13 114 22| 121 22[ 146 22 171 42| 200 38| 215 27| 219 23| 222 14[ 230 0 253 0[ 291 0 310 23| 315 30"/>
                                                  <Edge fillStyle0="1" fillStyle1="3" edges="! 258 28[ 264 32 264 46| 255 67[ 245 80 245 88[ 245 98 251 114| 256 139[ 233 231 189 231| 187 231"/>
                                                  <Edge fillStyle0="1" fillStyle1="2" edges="! 187 231| 195 237[ 227 259 244 259[ 290 259 310 223[ 321 202 321 182[ 321 148 295 122| 280 106| 284 149[ 284 197 259 197| 252 196| 251 192| 269 177| 274 165| 271 126| 267 95| 268 80| 282 64| 285 65| 299 55| 300 49| 296 41| 284 35| 264 27| 258 28"/>
                                                  <Edge fillStyle0="3" fillStyle1="2" edges="! 258 28[ 239 30 225 45| 193 63| 201 71| 187 74| 179 77| 177 77| 174 77"/>
                                                  <Edge fillStyle0="3" fillStyle1="1" edges="! 174 77[ 141 109 135 137"/>
                                                  <Edge fillStyle0="3" fillStyle1="2" edges="! 135 137| 137 133[ 148 116 156 120| 157 124| 150 138| 142 155| 149 184| 147 187| 146 187[ 142 186 138 181"/>
                                                  <Edge fillStyle0="3" fillStyle1="1" edges="! 138 181| 142 192| 144 197"/>
                                                  <Edge fillStyle0="3" fillStyle1="2" edges="! 144 197| 144 195| 148 193| 187 231"/>
                                                  <Edge fillStyle0="2" fillStyle1="1" edges="! 110 82| 97 70| 83 61[ 83 51 99 43| 112 35| 116 36[ 135 39 146 54[ 160 73 174 77"/>
                                                  <Edge fillStyle0="1" fillStyle1="3" edges="! 110 82[ 132 66 132 94[ 97 208 77 219"/>
                                                  <Edge fillStyle0="1" fillStyle1="2" edges="! 77 219| 79 223[ 100 267 160 267[ 177 267 182 256| 184 253| 180 248| 156 227[ 142 213 142 204| 144 197"/>
                                                  <Edge fillStyle0="2" fillStyle1="3" edges="! 77 219[ 71 205 70 187| 69 183| 69 181| 69 178| 69 176| 69 173[ 69 145 90 116| 110 85| 110 82"/>
                                                  <Edge fillStyle0="1" fillStyle1="2" edges="! 45 99| 58 108| 75 89| 56 74| 55 62| 55 59[ 24 62 24 73[ 24 86 45 99"/>
                                                  <Edge fillStyle0="1" fillStyle1="2" edges="! 138 181| 133 173| 127 156[ 127 149 135 137"/>
                                             </edges>
                                        </DOMShape>
                                   </elements>
                              </DOMFrame>
                              <DOMFrame index="4" duration="2" keyMode="9728">
                                   <elements>
                                        <DOMShape isFloating="true">
                                             <fills>
                                                  <FillStyle index="1">
                                                       <SolidColor color="#7e1111"/>
                                                  </FillStyle>
                                                  <FillStyle index="2">
                                                       <SolidColor color="#000000"/>
                                                  </FillStyle>
                                                  <FillStyle index="3">
                                                       <SolidColor color="#9f2b2b"/>
                                                  </FillStyle>
                                             </fills>
                                             <strokes/>
                                             <edges>
                                                  <Edge fillStyle1="2" edges="! 375 45| 376 62[ 376 91 362 105| 362 107| 357 114[ 365 123 365 133| 358 145| 357 146| 360 167[ 360 194 343 222[ 313 266 252 266| 208 259| 204 261[ 188 276 157 276[ 84 276 52 233[ 32 207 32 180| 33 153| 30 129| 34 116| 31 114| 23 115[ 25 113 29 113| 21 109| 14 104[ -6 92 -6 80| -3 57[ -2 32 40 28| 67 29| 83 20[ 107 12 113 20| 121 20[ 147 20 173 39| 203 35| 219 25| 223 21| 226 13[ 235 0 259 0[ 299 0 319 21| 324 28| 362 29| 375 45"/>
                                                  <Edge fillStyle0="1" fillStyle1="2" edges="! 331 48| 324 63| 307 77| 326 94| 332 90[ 353 79 353 63| 352 52| 331 48"/>
                                                  <Edge fillStyle0="1" fillStyle1="2" edges="! 190 213| 198 218[ 232 238 249 238[ 298 238 319 205[ 330 186 330 167[ 330 136 303 112| 287 98| 291 137[ 291 181 265 181| 258 180| 257 177| 276 163| 281 152| 278 116| 274 87| 275 74| 289 59| 292 60| 307 51| 308 45| 304 38| 291 32[ 278 25 270 25| 264 26"/>
                                                  <Edge fillStyle0="1" fillStyle1="3" edges="! 264 26[ 270 29 270 42| 261 62[ 251 74 251 81| 257 105| 262 128[ 238 213 192 213| 190 213"/>
                                                  <Edge fillStyle0="2" fillStyle1="3" edges="! 190 213| 149 178| 145 179| 145 181"/>
                                                  <Edge fillStyle0="2" fillStyle1="1" edges="! 145 181| 143 188[ 143 196 157 209| 182 228| 187 233| 185 236[ 179 246 162 246[ 99 246 77 205| 75 201"/>
                                                  <Edge fillStyle0="2" fillStyle1="3" edges="! 75 201[ 68 189 67 172| 66 168| 66 167| 66 164| 66 162| 66 159[ 66 133 88 107| 109 78| 109 75"/>
                                                  <Edge fillStyle0="2" fillStyle1="1" edges="! 109 75| 96 64| 81 56[ 81 47 98 40| 111 32| 115 33[ 135 36 147 50[ 162 67 176 71"/>
                                                  <Edge fillStyle0="2" fillStyle1="3" edges="! 176 71| 179 71| 181 71| 190 68| 204 65| 196 58[ 215 55 230 41[ 244 28 264 26"/>
                                                  <Edge fillStyle0="1" fillStyle1="3" edges="! 109 75[ 132 61 132 86[ 96 191 75 201"/>
                                                  <Edge fillStyle0="3" fillStyle1="2" edges="! 135 126| 137 122[ 149 107 157 110| 158 114| 151 127| 143 143| 150 169| 148 172| 147 172| 138 167"/>
                                                  <Edge fillStyle0="3" fillStyle1="1" edges="! 138 167| 143 177| 145 181"/>
                                                  <Edge fillStyle0="1" fillStyle1="2" edges="! 52 54[ 19 57 19 67[ 19 79 41 91| 55 99| 73 82| 53 68| 52 57| 52 54"/>
                                                  <Edge fillStyle0="2" fillStyle1="1" edges="! 135 126| 127 144| 133 159| 138 167"/>
                                                  <Edge fillStyle0="3" fillStyle1="1" edges="! 176 71[ 142 100 135 126"/>
                                             </edges>
                                        </DOMShape>
                                   </elements>
                              </DOMFrame>
                              <DOMFrame index="6" duration="2" keyMode="9728">
                                   <elements>
                                        <DOMShape isFloating="true">
                                             <fills>
                                                  <FillStyle index="1">
                                                       <SolidColor color="#000000"/>
                                                  </FillStyle>
                                                  <FillStyle index="2">
                                                       <SolidColor color="#7e1111"/>
                                                  </FillStyle>
                                                  <FillStyle index="3">
                                                       <SolidColor color="#9f2b2b"/>
                                                  </FillStyle>
                                             </fills>
                                             <strokes/>
                                             <edges>
                                                  <Edge fillStyle1="1" edges="! 378 44| 379 60[ 379 89 365 102| 365 104| 360 111[ 368 120 368 130| 361 141| 360 142| 363 163[ 363 189 345 216[ 315 259 252 259| 207 252| 203 254[ 187 269 155 269[ 81 269 48 227[ 28 202 28 175| 29 149| 26 126| 30 113| 27 111| 18 112| 25 110| 16 106| 9 101[ -11 90 -11 78| -8 56[ -7 31 36 27| 63 28[ 71 22 80 19[ 104 12 110 19| 119 19[ 145 19 172 38| 202 34| 219 24| 223 20| 226 13[ 235 0 259 0[ 300 0 321 20| 326 27| 365 28[ 375 35 378 44"/>
                                                  <Edge fillStyle0="2" fillStyle1="1" edges="! 189 208| 197 212[ 232 232 249 232[ 299 232 321 200[ 332 181 332 163[ 332 133 304 109| 288 96| 292 134[ 292 176 266 176| 258 175| 257 173| 277 159| 282 148| 279 113| 275 85| 276 72[ 278 66 290 58| 293 58[ 304 54 308 50| 309 44| 305 37| 292 31[ 279 24 271 24| 265 25"/>
                                                  <Edge fillStyle0="2" fillStyle1="3" edges="! 265 25[ 271 28 271 41| 261 60[ 251 72 251 79[ 251 88 257 102| 263 125[ 238 208 191 208| 189 208"/>
                                                  <Edge fillStyle0="1" fillStyle1="3" edges="! 189 208| 147 173| 143 174| 143 176"/>
                                                  <Edge fillStyle0="1" fillStyle1="2" edges="! 143 176| 141 183[ 141 191 155 204| 181 222| 186 227| 184 230[ 178 240 160 240[ 96 240 74 200| 72 196"/>
                                                  <Edge fillStyle0="1" fillStyle1="3" edges="! 72 196[ 64 184 63 168| 62 164| 62 163| 62 160| 62 158| 62 155[ 62 130 85 104| 106 76| 106 73"/>
                                                  <Edge fillStyle0="1" fillStyle1="2" edges="! 106 73| 93 62| 78 55[ 78 46 95 39| 108 31| 112 32[ 133 35 145 49[ 160 65 175 69"/>
                                                  <Edge fillStyle0="1" fillStyle1="3" edges="! 175 69| 178 69| 180 69| 189 66| 203 63| 195 57[ 215 54 230 40[ 244 27 265 25"/>
                                                  <Edge fillStyle0="2" fillStyle1="1" edges="! 326 61| 308 75| 328 92| 334 88[ 355 77 355 61| 354 51| 333 47| 326 61"/>
                                                  <Edge fillStyle0="2" fillStyle1="3" edges="! 106 73[ 130 59 130 84[ 93 186 72 196"/>
                                                  <Edge fillStyle0="3" fillStyle1="1" edges="! 133 123| 135 119[ 147 104 155 107| 156 111| 149 124| 141 139| 148 165| 146 168| 145 168[ 141 167 136 163"/>
                                                  <Edge fillStyle0="3" fillStyle1="2" edges="! 136 163| 141 173| 143 176"/>
                                                  <Edge fillStyle0="3" fillStyle1="2" edges="! 175 69[ 140 97 133 123"/>
                                                  <Edge fillStyle0="1" fillStyle1="2" edges="! 133 123[ 125 134 125 140| 131 155| 136 163"/>
                                                  <Edge fillStyle0="2" fillStyle1="1" edges="! 48 53[ 14 56 14 65[ 14 77 37 89| 51 96| 70 80| 49 66| 48 56| 48 53"/>
                                             </edges>
                                        </DOMShape>
                                   </elements>
                              </DOMFrame>
                              <DOMFrame index="8" duration="2" keyMode="9728">
                                   <elements>
                                        <DOMShape isFloating="true">
                                             <fills>
                                                  <FillStyle index="1">
                                                       <SolidColor color="#000000"/>
                                                  </FillStyle>
                                                  <FillStyle index="2">
                                                       <SolidColor color="#7e1111"/>
                                                  </FillStyle>
                                                  <FillStyle index="3">
                                                       <SolidColor color="#9f2b2b"/>
                                                  </FillStyle>
                                             </fills>
                                             <strokes/>
                                             <edges>
                                                  <Edge fillStyle0="2" fillStyle1="1" edges="! 325 86| 324 70[ 322 66 306 65| 300 85| 286 105| 302 127| 307 122[ 325 107 325 86"/>
                                                  <Edge fillStyle0="0" fillStyle1="1" edges="! 344 61| 345 84[ 345 123 332 142| 332 145| 329 155| 335 181| 330 197| 329 198| 332 227[ 332 263 316 300[ 291 360 238 360[ 214 360 200 350| 198 354[ 183 374 157 374[ 94 374 66 315[ 49 281 49 244| 50 207| 48 175| 51 157| 48 155| 42 156[ 44 153 47 153| 40 147| 34 141[ 17 125 17 108[ 17 90 20 77[ 21 44 57 37| 80 39| 93 27[ 114 16 119 27| 126 27[ 148 27 171 52| 197 47| 210 34| 214 29| 216 17[ 224 0 244 0[ 278 0 296 29| 300 37| 332 40| 344 61"/>
                                                  <Edge fillStyle0="2" fillStyle1="1" edges="! 185 288| 192 295[ 221 323 236 323[ 278 323 296 278| 305 227[ 305 185 282 152| 269 132| 272 186[ 272 246 250 246| 243 244| 243 239| 259 221| 263 206| 261 157| 257 118| 258 100| 270 80| 273 81| 286 69| 287 61| 283 51| 272 44[ 261 34 254 34| 249 35"/>
                                                  <Edge fillStyle0="2" fillStyle1="3" edges="! 249 35| 254 57| 246 84[ 237 100 237 110[ 237 122 243 142| 247 173[ 226 288 187 288| 185 288"/>
                                                  <Edge fillStyle0="1" fillStyle1="3" edges="! 185 288[ 160 263 150 241| 146 243| 146 246"/>
                                                  <Edge fillStyle0="1" fillStyle1="2" edges="! 146 246| 145 254[ 145 266 157 283| 179 309| 182 315| 181 319[ 176 333 161 333[ 107 333 88 278| 86 273"/>
                                                  <Edge fillStyle0="1" fillStyle1="3" edges="! 86 273| 80 233| 79 228| 79 226| 79 222| 79 219| 79 216[ 79 181 98 145| 116 106| 116 102"/>
                                                  <Edge fillStyle0="1" fillStyle1="2" edges="! 116 102| 104 87| 92 76[ 92 64 106 54| 118 44| 121 45[ 138 49 148 67[ 161 91 173 96"/>
                                                  <Edge fillStyle0="1" fillStyle1="3" edges="! 173 96| 176 96| 178 96| 185 92| 198 89| 190 79[ 207 75 219 56[ 232 37 249 35"/>
                                                  <Edge fillStyle0="2" fillStyle1="3" edges="! 116 102[ 136 82 136 117[ 104 259 86 273"/>
                                                  <Edge fillStyle0="2" fillStyle1="1" edges="! 66 77| 66 74[ 39 77 39 91[ 39 107 57 123| 69 135| 84 111| 67 92| 66 77"/>
                                                  <Edge fillStyle0="3" fillStyle1="1" edges="! 138 171| 140 166[ 150 145 157 150| 158 155| 152 172[ 145 187 145 193| 151 229| 149 233| 148 233| 141 226"/>
                                                  <Edge fillStyle0="3" fillStyle1="2" edges="! 141 226| 145 239| 146 246"/>
                                                  <Edge fillStyle0="1" fillStyle1="2" edges="! 138 171[ 131 186 131 194| 137 216| 141 226"/>
                                                  <Edge fillStyle0="3" fillStyle1="2" edges="! 173 96[ 144 136 138 171"/>
                                             </edges>
                                        </DOMShape>
                                   </elements>
                              </DOMFrame>
                              <DOMFrame index="10" duration="2" keyMode="9728">
                                   <elements>
                                        <DOMShape isFloating="true">
                                             <fills>
                                                  <FillStyle index="1">
                                                       <SolidColor color="#000000"/>
                                                  </FillStyle>
                                                  <FillStyle index="2">
                                                       <SolidColor color="#7e1111"/>
                                                  </FillStyle>
                                                  <FillStyle index="3">
                                                       <SolidColor color="#9f2b2b"/>
                                                  </FillStyle>
                                             </fills>
                                             <strokes/>
                                             <edges>
                                                  <Edge fillStyle0="2" fillStyle1="1" edges="! 373 43| 348 39| 339 52| 320 64| 342 78| 349 75[ 374 67 374 53| 373 43"/>
                                                  <Edge fillStyle0="0" fillStyle1="1" edges="! 401 52[ 401 77 384 88| 384 90| 379 96| 388 112| 380 122| 379 123| 383 141[ 383 163 362 187[ 327 223 254 221| 202 214| 198 216[ 179 228 143 227[ 56 225 18 188[ -5 166 -5 144| -4 121| -8 100| -3 90| -7 88| -15 89| -9 87| -18 83| -27 79[ -50 68 -50 58| -46 39[ -45 18 4 15| 37 17[ 44 12 55 10| 91 11| 100 11[ 130 12 161 28| 197 25| 216 17| 221 15| 224 8[ 234 -3 263 -3[ 310 -2 333 17| 339 22| 384 25| 400 38| 401 52"/>
                                                  <Edge fillStyle0="2" fillStyle1="1" edges="! 181 175| 191 180[ 231 198 252 198[ 309 199 333 172[ 347 155 347 140[ 347 114 315 93| 296 80| 301 113[ 301 151 270 151| 262 149| 260 146| 283 135| 289 126| 285 96[ 280 85 280 72| 281 60[ 284 55 299 48| 302 48| 320 42| 321 37| 316 31| 301 25| 276 19| 269 20"/>
                                                  <Edge fillStyle0="2" fillStyle1="3" edges="! 269 20[ 276 23 276 34| 265 50[ 253 59 253 65[ 253 73 260 85| 266 106[ 238 176 184 175| 181 175"/>
                                                  <Edge fillStyle0="1" fillStyle1="3" edges="! 181 175[ 147 158 133 144| 128 146| 128 148"/>
                                                  <Edge fillStyle0="1" fillStyle1="2" edges="! 128 148| 126 153[ 126 160 143 171| 173 188| 177 192| 175 194[ 169 203 148 202[ 74 201 48 166| 45 163"/>
                                                  <Edge fillStyle0="1" fillStyle1="3" edges="! 45 163[ 38 152 37 138| 35 135| 35 133| 35 131| 35 129| 35 127[ 35 105 61 83| 86 60| 86 57"/>
                                                  <Edge fillStyle0="1" fillStyle1="2" edges="! 86 57[ 84 53 70 47| 53 40[ 53 32 72 27| 88 21| 93 22[ 117 24 130 37[ 148 52 165 55"/>
                                                  <Edge fillStyle0="1" fillStyle1="3" edges="! 165 55| 169 56| 171 56| 181 53| 198 51| 189 45| 228 32[ 245 20 269 20"/>
                                                  <Edge fillStyle0="2" fillStyle1="1" edges="! 121 135| 114 128| 107 115[ 107 109 117 100"/>
                                                  <Edge fillStyle0="2" fillStyle1="3" edges="! 117 100[ 124 79 165 55"/>
                                                  <Edge fillStyle0="3" fillStyle1="1" edges="! 117 100| 119 97[ 133 85 143 88| 144 91| 135 102[ 126 111 126 115| 134 137| 132 140| 130 140| 121 135"/>
                                                  <Edge fillStyle0="3" fillStyle1="2" edges="! 121 135| 126 144| 128 148"/>
                                                  <Edge fillStyle0="2" fillStyle1="1" edges="! 18 38[ -20 40 -20 49[ -20 59 6 69| 22 76| 43 62| 19 49| 18 40| 18 38"/>
                                                  <Edge fillStyle0="2" fillStyle1="3" edges="! 86 57[ 113 45 113 67[ 70 154 45 163"/>
                                             </edges>
                                        </DOMShape>
                                   </elements>
                              </DOMFrame>
                         </frames>
                    </DOMLayer>
               </layers>
          </DOMTimeline>
     </timeline>
</DOMSymbolItem>
