<DOMSymbolItem xmlns="http://ns.adobe.com/xfl/2008/" xmlns:xsi="http://www.w3.org/2001/XMLSchema-instance" name="Symbol 1230" lastModified="1681431985">
     <timeline>
          <DOMTimeline name="Symbol 1230">
               <layers>
                    <DOMLayer name="Labels Layer" color="#9e908b">
                         <frames>
                              <DOMFrame index="89" keyMode="9728" name="empty" labelType="name">
                                   <elements/>
                              </DOMFrame>
                         </frames>
                    </DOMLayer>
                    <DOMLayer name="Script Layer" color="#fb1081">
                         <frames>
                              <DOMFrame index="0" keyMode="9728">
                                   <Actionscript>
                                        <script>stop();
gogo = true;
</script>
                                   </Actionscript>
                                   <elements/>
                              </DOMFrame>
                              <DOMFrame index="1" duration="85" keyMode="9728">
                                   <elements/>
                              </DOMFrame>
                              <DOMFrame index="86" keyMode="9728">
                                   <Actionscript>
                                        <script>nogo = false;
</script>
                                   </Actionscript>
                                   <elements/>
                              </DOMFrame>
                         </frames>
                    </DOMLayer>
                    <DOMLayer name="Layer 2" color="#71c653">
                         <frames>
                              <DOMFrame index="0" duration="4" keyMode="9728">
                                   <elements/>
                              </DOMFrame>
                              <DOMFrame index="4" duration="2" keyMode="9728">
                                   <elements>
                                        <DOMSymbolInstance libraryItemName="Symbol 1229" name="d" centerPoint3DX="706.35" centerPoint3DY="361.5">
                                             <matrix>
                                                  <Matrix tx="464.1" ty="209.5" a="1.220947265625" d="0.54473876953125"/>
                                             </matrix>
                                             <transformationPoint>
                                                  <Point/>
                                             </transformationPoint>
                                        </DOMSymbolInstance>
                                   </elements>
                              </DOMFrame>
                              <DOMFrame index="6" duration="2" keyMode="9728">
                                   <elements>
                                        <DOMSymbolInstance libraryItemName="Symbol 1229" name="d" centerPoint3DX="350.55" centerPoint3DY="348.9">
                                             <matrix>
                                                  <Matrix tx="108.3" ty="196.9" a="1.188720703125" d="0.624053955078125"/>
                                             </matrix>
                                             <transformationPoint>
                                                  <Point/>
                                             </transformationPoint>
                                        </DOMSymbolInstance>
                                   </elements>
                              </DOMFrame>
                              <DOMFrame index="8" duration="2" keyMode="9728">
                                   <elements>
                                        <DOMSymbolInstance libraryItemName="Symbol 1229" name="d" centerPoint3DX="317.3" centerPoint3DY="265.65">
                                             <matrix>
                                                  <Matrix tx="75.05" ty="113.65" a="0.917724609375" d="1.1465301513671875"/>
                                             </matrix>
                                             <transformationPoint>
                                                  <Point/>
                                             </transformationPoint>
                                        </DOMSymbolInstance>
                                   </elements>
                              </DOMFrame>
                              <DOMFrame index="10" duration="2" keyMode="9728">
                                   <elements>
                                        <DOMSymbolInstance libraryItemName="Symbol 1229" name="d" centerPoint3DX="326.0" centerPoint3DY="301.0">
                                             <matrix>
                                                  <Matrix tx="83.75" ty="149.0" a="1.126617431640625" d="0.924652099609375"/>
                                             </matrix>
                                             <transformationPoint>
                                                  <Point/>
                                             </transformationPoint>
                                        </DOMSymbolInstance>
                                   </elements>
                              </DOMFrame>
                              <DOMFrame index="12" duration="68" keyMode="9728">
                                   <elements>
                                        <DOMSymbolInstance libraryItemName="Symbol 1229" name="d" centerPoint3DX="326.95" centerPoint3DY="289.0">
                                             <matrix>
                                                  <Matrix tx="84.7" ty="137.0"/>
                                             </matrix>
                                             <transformationPoint>
                                                  <Point/>
                                             </transformationPoint>
                                        </DOMSymbolInstance>
                                   </elements>
                              </DOMFrame>
                              <DOMFrame index="80" duration="2" keyMode="9728">
                                   <elements>
                                        <DOMSymbolInstance libraryItemName="Symbol 1229" name="d" centerPoint3DX="359.15" centerPoint3DY="275.7">
                                             <matrix>
                                                  <Matrix tx="116.9" ty="123.7" a="0.9263763427734375" d="1.0833740234375"/>
                                             </matrix>
                                             <transformationPoint>
                                                  <Point/>
                                             </transformationPoint>
                                        </DOMSymbolInstance>
                                   </elements>
                              </DOMFrame>
                              <DOMFrame index="82" duration="2" keyMode="9728">
                                   <elements>
                                        <DOMSymbolInstance libraryItemName="Symbol 1229" name="d" centerPoint3DX="249.1" centerPoint3DY="318.8">
                                             <matrix>
                                                  <Matrix tx="6.85" ty="166.8" a="1.1470947265625" d="0.812530517578125"/>
                                             </matrix>
                                             <transformationPoint>
                                                  <Point/>
                                             </transformationPoint>
                                        </DOMSymbolInstance>
                                   </elements>
                              </DOMFrame>
                              <DOMFrame index="84" duration="2" keyMode="9728">
                                   <elements>
                                        <DOMSymbolInstance libraryItemName="Symbol 1229" name="d" centerPoint3DX="-24.2" centerPoint3DY="354.5">
                                             <matrix>
                                                  <Matrix tx="-266.45" ty="202.5" a="1.2662811279296875" d="0.5883026123046875"/>
                                             </matrix>
                                             <transformationPoint>
                                                  <Point/>
                                             </transformationPoint>
                                        </DOMSymbolInstance>
                                   </elements>
                              </DOMFrame>
                              <DOMFrame index="86" duration="3" keyMode="9728">
                                   <elements/>
                              </DOMFrame>
                         </frames>
                    </DOMLayer>
                    <DOMLayer name="Layer 3" color="#e09079" current="true" isSelected="true">
                         <frames>
                              <DOMFrame index="0" duration="2" keyMode="9728">
                                   <elements/>
                              </DOMFrame>
                              <DOMFrame index="2" keyMode="9728">
                                   <elements>
                                        <DOMSymbolInstance libraryItemName="Symbol 766" centerPoint3DX="330.45" centerPoint3DY="258.95">
                                             <matrix>
                                                  <Matrix tx="0.0" ty="0.0"/>
                                             </matrix>
                                             <transformationPoint>
                                                  <Point/>
                                             </transformationPoint>
                                             <color>
                                                  <Color alphaMultiplier="0.0"/>
                                             </color>
                                        </DOMSymbolInstance>
                                   </elements>
                              </DOMFrame>
                              <DOMFrame index="3" keyMode="9728">
                                   <elements>
                                        <DOMSymbolInstance libraryItemName="Symbol 766" centerPoint3DX="330.45" centerPoint3DY="258.95">
                                             <matrix>
                                                  <Matrix tx="0.0" ty="0.0"/>
                                             </matrix>
                                             <transformationPoint>
                                                  <Point/>
                                             </transformationPoint>
                                             <color>
                                                  <Color alphaMultiplier="0.33203125"/>
                                             </color>
                                        </DOMSymbolInstance>
                                   </elements>
                              </DOMFrame>
                              <DOMFrame index="4" keyMode="9728">
                                   <elements>
                                        <DOMSymbolInstance libraryItemName="Symbol 766" centerPoint3DX="330.45" centerPoint3DY="258.95">
                                             <matrix>
                                                  <Matrix tx="0.0" ty="0.0"/>
                                             </matrix>
                                             <transformationPoint>
                                                  <Point/>
                                             </transformationPoint>
                                             <color>
                                                  <Color alphaMultiplier="0.66796875"/>
                                             </color>
                                        </DOMSymbolInstance>
                                   </elements>
                              </DOMFrame>
                              <DOMFrame index="5" duration="78" keyMode="9728">
                                   <elements>
                                        <DOMSymbolInstance libraryItemName="Symbol 766" centerPoint3DX="330.45" centerPoint3DY="258.95">
                                             <matrix>
                                                  <Matrix tx="0.0" ty="0.0"/>
                                             </matrix>
                                             <transformationPoint>
                                                  <Point/>
                                             </transformationPoint>
                                             <color>
                                                  <Color/>
                                             </color>
                                        </DOMSymbolInstance>
                                   </elements>
                              </DOMFrame>
                              <DOMFrame index="83" keyMode="9728">
                                   <elements>
                                        <DOMSymbolInstance libraryItemName="Symbol 766" centerPoint3DX="330.45" centerPoint3DY="258.95">
                                             <matrix>
                                                  <Matrix tx="0.0" ty="0.0"/>
                                             </matrix>
                                             <transformationPoint>
                                                  <Point/>
                                             </transformationPoint>
                                             <color>
                                                  <Color alphaMultiplier="0.80078125"/>
                                             </color>
                                        </DOMSymbolInstance>
                                   </elements>
                              </DOMFrame>
                              <DOMFrame index="84" keyMode="9728">
                                   <elements>
                                        <DOMSymbolInstance libraryItemName="Symbol 766" centerPoint3DX="330.45" centerPoint3DY="258.95">
                                             <matrix>
                                                  <Matrix tx="0.0" ty="0.0"/>
                                             </matrix>
                                             <transformationPoint>
                                                  <Point/>
                                             </transformationPoint>
                                             <color>
                                                  <Color alphaMultiplier="0.6015625"/>
                                             </color>
                                        </DOMSymbolInstance>
                                   </elements>
                              </DOMFrame>
                              <DOMFrame index="85" keyMode="9728">
                                   <elements>
                                        <DOMSymbolInstance libraryItemName="Symbol 766" centerPoint3DX="330.45" centerPoint3DY="258.95">
                                             <matrix>
                                                  <Matrix tx="0.0" ty="0.0"/>
                                             </matrix>
                                             <transformationPoint>
                                                  <Point/>
                                             </transformationPoint>
                                             <color>
                                                  <Color alphaMultiplier="0.3984375"/>
                                             </color>
                                        </DOMSymbolInstance>
                                   </elements>
                              </DOMFrame>
                              <DOMFrame index="86" keyMode="9728">
                                   <elements>
                                        <DOMSymbolInstance libraryItemName="Symbol 766" centerPoint3DX="330.45" centerPoint3DY="258.95">
                                             <matrix>
                                                  <Matrix tx="0.0" ty="0.0"/>
                                             </matrix>
                                             <transformationPoint>
                                                  <Point/>
                                             </transformationPoint>
                                             <color>
                                                  <Color alphaMultiplier="0.19921875"/>
                                             </color>
                                        </DOMSymbolInstance>
                                   </elements>
                              </DOMFrame>
                              <DOMFrame index="87" duration="2" keyMode="9728">
                                   <elements>
                                        <DOMSymbolInstance libraryItemName="Symbol 766" centerPoint3DX="330.45" centerPoint3DY="258.95">
                                             <matrix>
                                                  <Matrix tx="0.0" ty="0.0"/>
                                             </matrix>
                                             <transformationPoint>
                                                  <Point/>
                                             </transformationPoint>
                                             <color>
                                                  <Color alphaMultiplier="0.0"/>
                                             </color>
                                        </DOMSymbolInstance>
                                   </elements>
                              </DOMFrame>
                         </frames>
                    </DOMLayer>
               </layers>
          </DOMTimeline>
     </timeline>
</DOMSymbolItem>
