<DOMSymbolItem xmlns="http://ns.adobe.com/xfl/2008/" xmlns:xsi="http://www.w3.org/2001/XMLSchema-instance" name="Symbol 1670" lastModified="1681431985">
     <timeline>
          <DOMTimeline name="Symbol 1670">
               <layers>
                    <DOMLayer name="Script Layer" color="#ca60b8">
                         <frames>
                              <DOMFrame index="0" keyMode="9728">
                                   <Actionscript>
                                        <script>_root.a.gish(this);
</script>
                                   </Actionscript>
                                   <elements/>
                              </DOMFrame>
                         </frames>
                    </DOMLayer>
                    <DOMLayer name="Layer 2" color="#5dc285" current="true" isSelected="true">
                         <frames>
                              <DOMFrame index="0" keyMode="9728">
                                   <elements>
                                        <DOMShape isFloating="true">
                                             <fills>
                                                  <FillStyle index="1">
                                                       <SolidColor color="#000000"/>
                                                  </FillStyle>
                                                  <FillStyle index="2">
                                                       <SolidColor color="#a64040"/>
                                                  </FillStyle>
                                                  <FillStyle index="3">
                                                       <SolidColor color="#7b7070"/>
                                                  </FillStyle>
                                                  <FillStyle index="4">
                                                       <SolidColor color="#b4b4b4"/>
                                                  </FillStyle>
                                             </fills>
                                             <strokes/>
                                             <edges>
                                                  <Edge fillStyle1="1" edges="! 371 99[ 387 126 387 164[ 387 190 376 220[ 360 264 328 267[ 340 292 340 331| 327 388[ 312 432 297 436| 297 459| 296 463| 300 491| 331 651| 352 809| 361 965[ 361 992 353 1007| 344 1062| 344 1224| 333 1340[ 328 1401 316 1442| 315 1450| 317 1453[ 343 1489 343 1517[ 343 1553 320 1580| 298 1600| 301 1615| 302 1651| 302 1655[ 326 1681 326 1708[ 326 1734 289 1765[ 247 1800 195 1800[ 152 1800 122 1776[ 96 1756 96 1737| 98 1721[ 72 1702 64 1666[ 56 1628 67 1584| 56 1551[ 44 1527 44 1514[ 44 1474 63 1426[ 88 1365 129 1372| 132 1353| 123 1231[ 114 1159 114 1081[ 114 924 133 775| 153 619| 148 610| 140 592| 141 588| 139 581| 127 545[ 91 491 91 482| 94 468| 94 467| 95 459[ 56 451 44 418[ 36 396 39 373[ 39 354 14 326| 4 301| 0 279[ 0 251 56 238[ 57 220 74 165[ 91 110 98 97[ 141 26 189 53[ 196 40 215 34| 219 33[ 284 -28 332 24[ 363 58 371 99"/>
                                                  <Edge fillStyle0="2" fillStyle1="1" edges="! 216 75[ 228 89 233 105| 275 103[ 321 116 321 161[ 321 212 313 245| 314 245| 335 224[ 358 198 362 172| 358 131| 347 101[ 322 48 271 48[ 241 48 222 69| 216 75"/>
                                                  <Edge fillStyle0="3" fillStyle1="1" edges="! 263 134[ 202 134 170 218[ 140 295 103 301| 97 304| 70 313[ 53 313 42 303| 30 284| 45 285| 62 287| 90 277| 101 258| 79 257[ 24 254 24 295| 45 328[ 65 357 65 371[ 65 405 68 410[ 79 430 124 432| 126 430| 126 429[ 122 421 122 398[ 122 335 156 286[ 187 242 231 228[ 272 215 302 235| 300 192[ 298 134 263 134"/>
                                                  <Edge fillStyle0="2" fillStyle1="1" edges="! 139 121| 127 145| 127 165[ 154 155 162 115[ 145 108 139 121"/>
                                                  <Edge fillStyle0="2" fillStyle1="1" edges="! 158 70[ 148 70 121 102[ 91 137 89 159| 93 206| 87 232[ 106 229 118 232[ 139 199 167 161| 205 122| 195 104[ 177 70 158 70"/>
                                                  <Edge fillStyle0="2" fillStyle1="1" edges="! 178 118[ 178 134 165 156[ 149 184 128 184| 111 182| 110 175[ 115 119 146 89[ 178 59 178 118"/>
                                                  <Edge fillStyle0="4" fillStyle1="1" edges="! 191 425| 232 635| 253 755| 256 763| 255 769[ 273 899 273 1024| 239 1360[ 245 1368 245 1388| 235 1410| 235 1412| 234 1412| 225 1424| 214 1438| 203 1454| 193 1475[ 205 1509 232 1512| 252 1518[ 285 1512 290 1491| 290 1441| 298 1410| 298 1409[ 298 1366 304 1316| 316 1221| 316 1056| 325 958[ 325 854 297 669[ 267 468 263 377[ 209 383 196 400[ 191 405 191 425"/>
                                                  <Edge fillStyle0="2" fillStyle1="1" edges="! 151 431| 154 438| 156 446| 155 461| 154 463| 152 460| 154 480| 153 499| 145 504[ 134 492 130 465[ 115 479 115 483[ 115 497 137 527[ 156 554 158 577| 170 474| 160 407[ 160 387 204 357[ 253 323 286 360| 295 389| 296 387[ 313 349 313 330[ 313 312 296 284[ 275 249 246 249[ 206 249 172 331| 146 416| 151 431"/>
                                                  <Edge fillStyle0="4" fillStyle1="1" edges="! 186 557[ 186 603 167 776[ 147 953 147 1080[ 147 1164 157 1229[ 167 1294 167 1353| 159 1412| 152 1443| 177 1445| 189 1434| 192 1432| 210 1405| 212 1390| 211 1389[ 204 1374 204 1359| 212 1264| 218 1203| 205 1053[ 202 1016 202 926| 204 835[ 208 789 224 762| 200 626| 186 557"/>
                                                  <Edge fillStyle0="0" fillStyle1="1" edges="! 234 849| 232 851| 232 1002| 233 1064| 240 988| 234 849"/>
                                                  <Edge fillStyle0="2" fillStyle1="1" edges="! 125 1404[ 120 1407 114 1411[ 85 1429 83 1448| 76 1514[ 76 1526 87 1558| 89 1565| 90 1565| 120 1581[ 148 1581 142 1550| 139 1526| 136 1515[ 136 1497 148 1476| 153 1468[ 123 1466 123 1448| 124 1441| 124 1414| 125 1404"/>
                                                  <Edge fillStyle0="2" fillStyle1="1" edges="! 310 1489[ 299 1535 274 1535| 250 1534| 239 1536[ 207 1536 192 1520[ 182 1509 182 1497| 182 1493| 176 1481| 171 1485| 159 1503| 162 1516| 166 1558[ 180 1559 185 1569| 199 1592| 226 1592[ 281 1579 301 1559[ 317 1543 317 1516| 310 1489"/>
                                                  <Edge fillStyle0="3" fillStyle1="1" edges="! 270 1615[ 257 1623 245 1623| 204 1620[ 183 1616 162 1597| 156 1591| 155 1591[ 142 1607 117 1607| 95 1603| 95 1619[ 94 1644 112 1671[ 137 1707 184 1707[ 248 1707 267 1677| 270 1672| 280 1645[ 280 1625 270 1615"/>
                                                  <Edge fillStyle0="2" fillStyle1="1" edges="! 296 1685| 279 1709[ 247 1742 178 1742| 119 1733| 121 1737[ 134 1766 196 1766[ 247 1766 277 1733[ 298 1710 298 1693| 296 1685"/>
                                             </edges>
                                        </DOMShape>
                                   </elements>
                              </DOMFrame>
                              <DOMFrame index="1" keyMode="9728">
                                   <elements>
                                        <DOMShape isFloating="true">
                                             <fills>
                                                  <FillStyle index="1">
                                                       <SolidColor color="#000000"/>
                                                  </FillStyle>
                                                  <FillStyle index="2">
                                                       <SolidColor color="#b4b4b4"/>
                                                  </FillStyle>
                                                  <FillStyle index="3">
                                                       <SolidColor color="#919191"/>
                                                  </FillStyle>
                                             </fills>
                                             <strokes/>
                                             <edges>
                                                  <Edge fillStyle1="1" edges="! 189 -56[ 268 -55 321 -12[ 381 37 381 126[ 381 205 354 240[ 335 264 302 280| 287 331| 274 386| 285 695| 285 702| 285 708| 274 998[ 263 1183 262 1253| 267 1295| 267 1346| 272 1412[ 297 1416 333 1445[ 423 1519 423 1593[ 423 1673 400 1716[ 348 1809 190 1809[ 66 1809 17 1727[ -9 1683 -9 1632[ -9 1574 34 1495[ 77 1415 121 1411| 129 1311| 129 1301| 132 1062| 132 757[ 134 715 145 684[ 156 654 156 624[ 156 565 134 479[ 116 411 112 343[ 96 335 86 304[ 15 284 -2 199[ -14 144 -3 86[ -3 22 57 -19[ 113 -57 189 -56"/>
                                                  <Edge fillStyle0="3" fillStyle1="1" edges="! 325 127[ 325 68 279 30[ 236 -5 178 -4[ 117 -4 77 37[ 31 83 31 165[ 31 185 63 220[ 100 261 139 261| 227 252[ 231 222 244 248[ 289 233 309 203[ 325 179 325 127"/>
                                                  <Edge fillStyle0="2" fillStyle1="1" edges="! 177 473| 184 531| 187 544| 192 613| 195 657[ 195 692 187 726| 187 1122| 172 1313| 159 1518[ 159 1531 168 1541| 174 1542| 213 1542| 219 1508| 225 1470| 225 1233[ 219 1204 219 1141[ 219 1060 230 892| 240 639| 226 302| 156 309| 177 473"/>
                                                  <Edge fillStyle0="3" fillStyle1="1" edges="! 308 1492| 276 1467| 277 1488[ 277 1521 262 1553| 253 1569| 253 1573[ 253 1586 235 1594| 196 1600| 190 1600[ 152 1599 122 1585[ 93 1572 93 1558| 94 1545| 135 1550| 127 1531[ 118 1506 118 1486| 118 1473| 95 1501[ 42 1574 42 1628[ 42 1663 73 1701[ 115 1752 190 1752[ 323 1752 361 1673[ 373 1649 374 1619| 373 1593[ 373 1541 308 1492"/>
                                             </edges>
                                        </DOMShape>
                                   </elements>
                              </DOMFrame>
                         </frames>
                    </DOMLayer>
               </layers>
          </DOMTimeline>
     </timeline>
</DOMSymbolItem>
