<DOMSymbolItem xmlns="http://ns.adobe.com/xfl/2008/" xmlns:xsi="http://www.w3.org/2001/XMLSchema-instance" name="Symbol 2051" lastModified="1681431985">
     <timeline>
          <DOMTimeline name="Symbol 2051">
               <layers>
                    <DOMLayer name="Layer 1" color="#9fb5bc" current="true" isSelected="true">
                         <frames>
                              <DOMFrame index="0" keyMode="9728">
                                   <elements>
                                        <DOMShape isFloating="true">
                                             <fills>
                                                  <FillStyle index="1">
                                                       <SolidColor color="#000000"/>
                                                  </FillStyle>
                                                  <FillStyle index="2">
                                                       <SolidColor color="#ffcccc"/>
                                                  </FillStyle>
                                                  <FillStyle index="3">
                                                       <SolidColor color="#a72525"/>
                                                  </FillStyle>
                                             </fills>
                                             <strokes/>
                                             <edges>
                                                  <Edge fillStyle1="1" edges="! 497 63[ 528 96 529 189[ 530 281 388 430[ 246 579 153 579[ 91 579 42 518[ 0 466 0 422[ 0 331 30 288| 166 126[ 211 75 235 53[ 264 26 307 9[ 350 -9 408 11[ 465 30 497 63"/>
                                                  <Edge fillStyle0="2" fillStyle1="1" edges="! 367 339[ 380 324 408 300[ 435 276 461 224[ 486 171 436 105[ 386 38 288 92| 236 139| 193 183"/>
                                                  <Edge fillStyle0="2" fillStyle1="0" edges="! 193 183| 195 185"/>
                                                  <Edge fillStyle0="2" fillStyle1="1" edges="! 195 185| 206 188| 219 192[ 267 208 309 253[ 357 304 363 335"/>
                                                  <Edge fillStyle0="2" fillStyle1="0" edges="! 363 335| 367 339"/>
                                                  <Edge fillStyle0="1" fillStyle1="0" edges="! 367 339| 365 341| 363 335"/>
                                                  <Edge fillStyle0="3" fillStyle1="1" edges="! 210 223| 189 220[ 157 220 148 240| 109 297[ 69 361 69 403[ 69 431 87 460[ 117 509 185 509[ 233 509 308 419| 335 382| 335 378| 336 360| 330 328| 322 311| 294 273[ 258 232 213 222| 210 223"/>
                                                  <Edge fillStyle0="0" fillStyle1="1" edges="! 193 183| 192 184| 195 185"/>
                                             </edges>
                                        </DOMShape>
                                   </elements>
                              </DOMFrame>
                              <DOMFrame index="1" keyMode="9728">
                                   <elements>
                                        <DOMShape isFloating="true">
                                             <fills>
                                                  <FillStyle index="1">
                                                       <SolidColor color="#ffcccc"/>
                                                  </FillStyle>
                                                  <FillStyle index="2">
                                                       <SolidColor color="#000000"/>
                                                  </FillStyle>
                                                  <FillStyle index="3">
                                                       <SolidColor color="#335c66"/>
                                                  </FillStyle>
                                                  <FillStyle index="4">
                                                       <SolidColor color="#d6d5ba"/>
                                                  </FillStyle>
                                             </fills>
                                             <strokes/>
                                             <edges>
                                                  <Edge fillStyle1="2" edges="! 303 -33[ 348 -27 407 44[ 466 115 449 320[ 432 525 360 583[ 312 622 241 608[ 170 593 128 557[ 85 520 82 434| 86 223[ 89 155 94 123[ 99 84 123 44[ 144 3 202 -18[ 258 -39 303 -33"/>
                                                  <Edge fillStyle0="4" fillStyle1="2" edges="! 375 262| 383 206[ 389 171 376 114[ 363 57 283 38[ 202 17 160 120| 148 189| 143 250"/>
                                                  <Edge fillStyle0="4" fillStyle1="0" edges="! 143 250| 146 251"/>
                                                  <Edge fillStyle0="4" fillStyle1="2" edges="! 146 251| 156 246| 168 241[ 216 224 277 232[ 346 241 370 261"/>
                                                  <Edge fillStyle0="4" fillStyle1="1" edges="! 370 261| 375 262"/>
                                                  <Edge fillStyle0="2" fillStyle1="0" edges="! 375 262| 376 265| 370 261"/>
                                                  <Edge fillStyle0="1" fillStyle1="0" edges="! 370 261| 375 262"/>
                                                  <Edge fillStyle0="0" fillStyle1="2" edges="! 143 250| 142 252| 146 251"/>
                                                  <Edge fillStyle0="3" fillStyle1="2" edges="! 148 419[ 149 472 173 498[ 197 524 243 538[ 288 552 341 509[ 378 479 380 362| 377 316| 375 313| 365 298| 340 277| 323 269| 277 257[ 224 247 183 269| 181 270[ 172 274 163 282[ 138 302 143 323| 148 419"/>
                                             </edges>
                                        </DOMShape>
                                   </elements>
                              </DOMFrame>
                              <DOMFrame index="2" keyMode="9728">
                                   <elements>
                                        <DOMShape isFloating="true">
                                             <fills>
                                                  <FillStyle index="1">
                                                       <SolidColor color="#000000"/>
                                                  </FillStyle>
                                                  <FillStyle index="2">
                                                       <SolidColor color="#d6d5ba"/>
                                                  </FillStyle>
                                                  <FillStyle index="3">
                                                       <SolidColor color="#c43333"/>
                                                  </FillStyle>
                                                  <FillStyle index="4">
                                                       <SolidColor color="#9b2828"/>
                                                  </FillStyle>
                                             </fills>
                                             <strokes/>
                                             <edges>
                                                  <Edge fillStyle1="1" edges="! 527 456[ 515 516 451 551[ 387 584 331 584[ 275 582 218 518| 87 353| 29 271[ 8 238 2 192[ -8 146 23 93[ 52 42 91 18[ 130 -6 220 11[ 311 27 428 196[ 545 365 527 456"/>
                                                  <Edge fillStyle0="2" fillStyle1="3" edges="! 300 142| 294 147| 289 142| 276 147[ 263 147 258 138| 257 132| 255 134[ 251 141 244 141[ 231 141 231 122[ 231 110 245 110[ 256 110 258 120[ 261 111 273 112"/>
                                                  <Edge fillStyle0="2" fillStyle1="1" edges="! 273 112| 241 85[ 219 68 192 67"/>
                                                  <Edge fillStyle0="2" fillStyle1="3" edges="! 192 67[ 191 84 177 84[ 160 84 157 71"/>
                                                  <Edge fillStyle0="2" fillStyle1="1" edges="! 157 71[ 145 74 133 80"/>
                                                  <Edge fillStyle0="2" fillStyle1="3" edges="! 133 80[ 145 81 147 92| 156 91[ 168 91 174 97[ 178 92 188 92| 196 93| 195 90[ 195 75 212 74[ 228 73 228 89[ 228 106 213 106| 207 106| 207 111| 202 123| 189 129[ 177 129 172 121| 168 125| 167 131| 179 138| 190 144[ 191 125 209 124[ 228 123 228 144| 227 155| 231 155[ 232 142 247 142[ 260 142 262 154| 267 164[ 267 177 253 177| 243 175| 242 182| 243 183| 254 180| 265 182[ 268 174 278 173[ 280 165 291 164| 286 160| 285 157[ 285 152 291 150[ 298 148 303 153| 303 163| 302 164| 311 168| 314 166"/>
                                                  <Edge fillStyle0="2" fillStyle1="1" edges="! 314 166| 305 150| 300 142"/>
                                                  <Edge fillStyle0="3" fillStyle1="1" edges="! 300 142| 294 134| 293 133| 284 123| 273 112"/>
                                                  <Edge fillStyle0="2" fillStyle1="3" edges="! 236 241[ 231 238 229 231| 216 235| 210 234| 211 245| 211 248| 218 254"/>
                                                  <Edge fillStyle0="2" fillStyle1="1" edges="! 218 254| 236 241"/>
                                                  <Edge fillStyle0="3" fillStyle1="1" edges="! 236 241| 240 238| 267 222"/>
                                                  <Edge fillStyle0="3" fillStyle1="2" edges="! 267 222| 266 214| 267 213| 273 201| 279 202| 289 199| 295 199| 307 195| 311 192| 311 193[ 304 197 304 206"/>
                                                  <Edge fillStyle0="3" fillStyle1="1" edges="! 304 206| 330 202"/>
                                                  <Edge fillStyle0="3" fillStyle1="0" edges="! 330 202| 334 199"/>
                                                  <Edge fillStyle0="3" fillStyle1="1" edges="! 334 199| 333 197| 332 196| 328 191| 314 166"/>
                                                  <Edge fillStyle0="0" fillStyle1="1" edges="! 330 202| 337 201| 334 199"/>
                                                  <Edge fillStyle0="4" fillStyle1="1" edges="! 317 233| 298 237[ 278 244 256 258[ 208 283 191 327| 190 329[ 185 338 183 349[ 177 380 195 393| 260 464[ 294 504 329 509[ 364 514 408 495[ 452 478 465 411[ 475 364 401 272| 370 239| 366 238| 350 233[ 333 229 317 233"/>
                                                  <Edge fillStyle0="2" fillStyle1="1" edges="! 267 222| 304 206"/>
                                                  <Edge fillStyle0="2" fillStyle1="3" edges="! 87 243| 97 241| 107 243| 109 237| 106 237[ 94 237 90 227| 88 220| 89 214| 87 205[ 87 191 101 192| 102 192| 98 188| 94 174| 94 172| 85 174[ 69 174 69 160[ 69 145 85 145[ 98 145 100 157[ 104 153 113 152| 111 146| 105 147[ 83 147 87 129[ 87 109 105 112[ 123 115 123 130| 131 129| 138 130| 136 125| 138 117| 137 113| 129 115[ 108 115 109 96| 110 91"/>
                                                  <Edge fillStyle0="2" fillStyle1="1" edges="! 110 91[ 62 120 69 184"/>
                                                  <Edge fillStyle0="2" fillStyle1="3" edges="! 69 184[ 79 186 79 200| 75 215"/>
                                                  <Edge fillStyle0="2" fillStyle1="1" edges="! 75 215| 78 226| 87 243"/>
                                                  <Edge fillStyle0="3" fillStyle1="1" edges="! 87 243| 105 275"/>
                                                  <Edge fillStyle0="3" fillStyle1="2" edges="! 105 275| 114 264| 126 267[ 139 267 143 258| 143 261| 145 264[ 124 265 124 285| 124 288| 124 291| 126 298| 142 307| 144 307| 146 307[ 156 307 162 300| 168 286| 164 271| 177 264| 184 267| 186 274| 190 278"/>
                                                  <Edge fillStyle0="3" fillStyle1="1" edges="! 190 278| 218 254"/>
                                                  <Edge fillStyle0="1" fillStyle1="3" edges="! 110 91| 121 85| 133 80"/>
                                                  <Edge fillStyle0="3" fillStyle1="1" edges="! 192 67| 157 71"/>
                                                  <Edge fillStyle0="1" fillStyle1="3" edges="! 75 215| 74 212| 72 205| 69 184"/>
                                                  <Edge fillStyle0="2" fillStyle1="3" edges="! 150 174| 144 170| 144 174| 151 176| 150 174"/>
                                                  <Edge fillStyle0="2" fillStyle1="3" edges="! 151 204| 160 202| 168 204| 168 203| 166 195| 156 190| 150 202| 151 204"/>
                                                  <Edge fillStyle0="2" fillStyle1="3" edges="! 122 198| 120 198| 111 197| 114 205| 122 198"/>
                                                  <Edge fillStyle0="2" fillStyle1="3" edges="! 139 233| 143 240| 148 234| 145 230| 139 233"/>
                                                  <Edge fillStyle0="2" fillStyle1="3" edges="! 200 202[ 198 213 184 213| 176 211| 177 220| 177 224| 188 222| 200 223| 198 215| 202 201| 200 202"/>
                                                  <Edge fillStyle0="2" fillStyle1="1" edges="! 105 275| 113 287| 132 316"/>
                                                  <Edge fillStyle0="2" fillStyle1="3" edges="! 132 316[ 137 309 149 309| 162 313"/>
                                                  <Edge fillStyle0="2" fillStyle1="1" edges="! 162 313| 190 278"/>
                                                  <Edge fillStyle0="1" fillStyle1="3" edges="! 148 337| 132 316"/>
                                                  <Edge fillStyle0="0" fillStyle1="1" edges="! 148 337| 148 340| 151 336"/>
                                                  <Edge fillStyle0="0" fillStyle1="3" edges="! 151 336| 148 337"/>
                                                  <Edge fillStyle0="1" fillStyle1="3" edges="! 162 313| 161 314| 156 326| 151 336"/>
                                             </edges>
                                        </DOMShape>
                                   </elements>
                              </DOMFrame>
                              <DOMFrame index="3" keyMode="9728">
                                   <elements>
                                        <DOMShape isFloating="true">
                                             <fills>
                                                  <FillStyle index="1">
                                                       <SolidColor color="#000000" alpha="1.0"/>
                                                  </FillStyle>
                                                  <FillStyle index="2">
                                                       <SolidColor color="#c17402" alpha="1.0"/>
                                                  </FillStyle>
                                                  <FillStyle index="3">
                                                       <SolidColor color="#c17402" alpha="0.8509804"/>
                                                  </FillStyle>
                                             </fills>
                                             <strokes/>
                                             <edges>
                                                  <Edge fillStyle0="3" fillStyle1="1" edges="! 367 339[ 380 324 408 300[ 435 276 461 224[ 486 171 436 105[ 386 38 288 92| 236 139| 193 183"/>
                                                  <Edge fillStyle0="3" fillStyle1="0" edges="! 193 183| 195 185"/>
                                                  <Edge fillStyle0="3" fillStyle1="1" edges="! 195 185| 206 188| 219 192[ 267 208 309 253[ 357 304 363 335"/>
                                                  <Edge fillStyle0="3" fillStyle1="0" edges="! 363 335| 367 339"/>
                                                  <Edge fillStyle0="1" fillStyle1="0" edges="! 367 339| 365 341| 363 335"/>
                                                  <Edge fillStyle0="0" fillStyle1="1" edges="! 497 63[ 528 96 529 189[ 530 281 388 430[ 246 579 153 579[ 91 579 42 518[ 0 466 0 422[ 0 331 30 288| 166 126[ 211 75 235 53[ 264 26 307 9[ 350 -9 408 11[ 465 30 497 63"/>
                                                  <Edge fillStyle0="2" fillStyle1="1" edges="! 210 223| 189 220[ 157 220 148 240| 109 297[ 69 361 69 403[ 69 431 87 460[ 117 509 185 509[ 233 509 308 419| 335 382| 335 378| 336 360| 330 328| 322 311| 294 273[ 258 232 213 222| 210 223"/>
                                                  <Edge fillStyle0="0" fillStyle1="1" edges="! 193 183| 192 184| 195 185"/>
                                             </edges>
                                        </DOMShape>
                                   </elements>
                              </DOMFrame>
                              <DOMFrame index="4" keyMode="9728">
                                   <elements>
                                        <DOMShape isFloating="true">
                                             <fills>
                                                  <FillStyle index="1">
                                                       <SolidColor color="#ffcccc"/>
                                                  </FillStyle>
                                                  <FillStyle index="2">
                                                       <SolidColor color="#000000"/>
                                                  </FillStyle>
                                                  <FillStyle index="3">
                                                       <SolidColor color="#d6d5ba"/>
                                                  </FillStyle>
                                             </fills>
                                             <strokes/>
                                             <edges>
                                                  <Edge fillStyle1="2" edges="! 303 -33[ 348 -27 407 44[ 466 115 449 320[ 432 525 360 583[ 312 622 241 608[ 170 593 128 557[ 85 520 82 434| 86 223[ 89 155 94 123[ 99 84 123 44[ 144 3 202 -18[ 258 -39 303 -33"/>
                                                  <Edge fillStyle0="3" fillStyle1="2" edges="! 375 262| 383 206[ 389 171 376 114[ 363 57 283 38[ 202 17 160 120| 148 189| 143 250"/>
                                                  <Edge fillStyle0="3" fillStyle1="0" edges="! 143 250| 146 251"/>
                                                  <Edge fillStyle0="3" fillStyle1="2" edges="! 146 251| 156 246| 168 241[ 216 224 277 232[ 346 241 370 261"/>
                                                  <Edge fillStyle0="3" fillStyle1="1" edges="! 370 261| 375 262"/>
                                                  <Edge fillStyle0="2" fillStyle1="0" edges="! 375 262| 376 265| 370 261"/>
                                                  <Edge fillStyle0="1" fillStyle1="0" edges="! 370 261| 375 262"/>
                                                  <Edge fillStyle0="0" fillStyle1="2" edges="! 143 250| 142 252| 146 251"/>
                                                  <Edge fillStyle0="3" fillStyle1="2" edges="! 148 419[ 149 472 173 498[ 197 524 243 538[ 288 552 341 509[ 378 479 380 362| 377 316| 375 313| 365 298| 340 277| 323 269| 277 257[ 224 247 183 269| 181 270[ 172 274 163 282[ 138 302 143 323| 148 419"/>
                                             </edges>
                                        </DOMShape>
                                   </elements>
                              </DOMFrame>
                              <DOMFrame index="5" keyMode="9728">
                                   <elements>
                                        <DOMShape isFloating="true">
                                             <fills>
                                                  <FillStyle index="1">
                                                       <SolidColor color="#000000"/>
                                                  </FillStyle>
                                                  <FillStyle index="2">
                                                       <SolidColor color="#358a9f"/>
                                                  </FillStyle>
                                             </fills>
                                             <strokes/>
                                             <edges>
                                                  <Edge fillStyle1="1" edges="! 527 456[ 515 516 451 551[ 387 584 331 584[ 275 582 218 518| 87 353| 29 271[ 8 238 2 192[ -8 146 23 93[ 52 42 91 18[ 130 -6 220 11[ 311 27 428 196[ 545 365 527 456"/>
                                                  <Edge fillStyle0="2" fillStyle1="1" edges="! 334 199| 333 197| 332 196| 328 191| 314 166| 306 152| 305 150| 300 142| 294 134| 293 133| 284 123| 273 112| 241 85| 225 75| 213 71| 192 67| 157 71[ 145 74 133 80| 121 85| 110 91[ 62 120 69 184| 72 205| 74 212| 75 215| 78 226| 87 243| 105 275| 113 287| 122 302| 132 316| 148 337"/>
                                                  <Edge fillStyle0="2" fillStyle1="0" edges="! 148 337| 151 336"/>
                                                  <Edge fillStyle0="2" fillStyle1="1" edges="! 151 336| 156 326| 161 314| 162 313| 190 278| 218 254| 236 241| 240 238| 267 222| 304 206| 330 202"/>
                                                  <Edge fillStyle0="2" fillStyle1="0" edges="! 330 202| 334 199"/>
                                                  <Edge fillStyle0="1" fillStyle1="0" edges="! 334 199| 337 201| 330 202"/>
                                                  <Edge fillStyle0="2" fillStyle1="1" edges="! 317 233| 298 237[ 278 244 256 258[ 208 283 191 327| 190 329[ 185 338 183 349[ 177 380 195 393| 260 464[ 294 504 329 509[ 364 514 408 495[ 452 478 465 411[ 475 364 401 272| 370 239| 366 238| 350 233[ 333 229 317 233"/>
                                                  <Edge fillStyle0="0" fillStyle1="1" edges="! 148 337| 148 340| 151 336"/>
                                             </edges>
                                        </DOMShape>
                                   </elements>
                              </DOMFrame>
                              <DOMFrame index="6" duration="22" keyMode="9728">
                                   <elements>
                                        <DOMSymbolInstance libraryItemName="Symbol 2046" symbolType="graphic" loop="loop">
                                             <matrix>
                                                  <Matrix tx="0.0" ty="0.0"/>
                                             </matrix>
                                             <transformationPoint>
                                                  <Point/>
                                             </transformationPoint>
                                        </DOMSymbolInstance>
                                   </elements>
                              </DOMFrame>
                              <DOMFrame index="28" keyMode="9728">
                                   <elements>
                                        <DOMSymbolInstance libraryItemName="Symbol 641" symbolType="graphic" loop="loop">
                                             <matrix>
                                                  <Matrix tx="0.5" ty="2.95" a="0.913360595703125" d="0.913360595703125"/>
                                             </matrix>
                                             <transformationPoint>
                                                  <Point/>
                                             </transformationPoint>
                                        </DOMSymbolInstance>
                                   </elements>
                              </DOMFrame>
                              <DOMFrame index="29" keyMode="9728">
                                   <elements>
                                        <DOMSymbolInstance libraryItemName="Symbol 642" symbolType="graphic" loop="loop">
                                             <matrix>
                                                  <Matrix tx="0.5" ty="2.95" a="0.913360595703125" d="0.913360595703125"/>
                                             </matrix>
                                             <transformationPoint>
                                                  <Point/>
                                             </transformationPoint>
                                        </DOMSymbolInstance>
                                   </elements>
                              </DOMFrame>
                              <DOMFrame index="30" keyMode="9728">
                                   <elements>
                                        <DOMSymbolInstance libraryItemName="Symbol 643" symbolType="graphic" loop="loop">
                                             <matrix>
                                                  <Matrix tx="0.5" ty="2.95" a="0.913360595703125" d="0.913360595703125"/>
                                             </matrix>
                                             <transformationPoint>
                                                  <Point/>
                                             </transformationPoint>
                                        </DOMSymbolInstance>
                                   </elements>
                              </DOMFrame>
                              <DOMFrame index="31" keyMode="9728">
                                   <elements>
                                        <DOMSymbolInstance libraryItemName="Symbol 644" symbolType="graphic" loop="loop">
                                             <matrix>
                                                  <Matrix tx="0.5" ty="2.95" a="0.913360595703125" d="0.913360595703125"/>
                                             </matrix>
                                             <transformationPoint>
                                                  <Point/>
                                             </transformationPoint>
                                        </DOMSymbolInstance>
                                   </elements>
                              </DOMFrame>
                              <DOMFrame index="32" keyMode="9728">
                                   <elements>
                                        <DOMSymbolInstance libraryItemName="Symbol 645" symbolType="graphic" loop="loop">
                                             <matrix>
                                                  <Matrix tx="0.5" ty="2.95" a="0.913360595703125" d="0.913360595703125"/>
                                             </matrix>
                                             <transformationPoint>
                                                  <Point/>
                                             </transformationPoint>
                                        </DOMSymbolInstance>
                                   </elements>
                              </DOMFrame>
                              <DOMFrame index="33" keyMode="9728">
                                   <elements>
                                        <DOMSymbolInstance libraryItemName="Symbol 646" symbolType="graphic" loop="loop">
                                             <matrix>
                                                  <Matrix tx="0.5" ty="2.95" a="0.913360595703125" d="0.913360595703125"/>
                                             </matrix>
                                             <transformationPoint>
                                                  <Point/>
                                             </transformationPoint>
                                        </DOMSymbolInstance>
                                   </elements>
                              </DOMFrame>
                              <DOMFrame index="34" keyMode="9728">
                                   <elements>
                                        <DOMSymbolInstance libraryItemName="Symbol 647" symbolType="graphic" loop="loop">
                                             <matrix>
                                                  <Matrix tx="0.5" ty="2.95" a="0.913360595703125" d="0.913360595703125"/>
                                             </matrix>
                                             <transformationPoint>
                                                  <Point/>
                                             </transformationPoint>
                                        </DOMSymbolInstance>
                                   </elements>
                              </DOMFrame>
                              <DOMFrame index="35" keyMode="9728">
                                   <elements>
                                        <DOMSymbolInstance libraryItemName="Symbol 648" symbolType="graphic" loop="loop">
                                             <matrix>
                                                  <Matrix tx="0.5" ty="2.95" a="0.913360595703125" d="0.913360595703125"/>
                                             </matrix>
                                             <transformationPoint>
                                                  <Point/>
                                             </transformationPoint>
                                        </DOMSymbolInstance>
                                   </elements>
                              </DOMFrame>
                              <DOMFrame index="36" keyMode="9728">
                                   <elements>
                                        <DOMSymbolInstance libraryItemName="Symbol 649" symbolType="graphic" loop="loop">
                                             <matrix>
                                                  <Matrix tx="0.5" ty="2.95" a="0.913360595703125" d="0.913360595703125"/>
                                             </matrix>
                                             <transformationPoint>
                                                  <Point/>
                                             </transformationPoint>
                                        </DOMSymbolInstance>
                                   </elements>
                              </DOMFrame>
                              <DOMFrame index="37" keyMode="9728">
                                   <elements>
                                        <DOMSymbolInstance libraryItemName="Symbol 650" symbolType="graphic" loop="loop">
                                             <matrix>
                                                  <Matrix tx="0.5" ty="2.95" a="0.913360595703125" d="0.913360595703125"/>
                                             </matrix>
                                             <transformationPoint>
                                                  <Point/>
                                             </transformationPoint>
                                        </DOMSymbolInstance>
                                   </elements>
                              </DOMFrame>
                              <DOMFrame index="38" keyMode="9728">
                                   <elements>
                                        <DOMSymbolInstance libraryItemName="Symbol 651" symbolType="graphic" loop="loop">
                                             <matrix>
                                                  <Matrix tx="0.5" ty="2.95" a="0.913360595703125" d="0.913360595703125"/>
                                             </matrix>
                                             <transformationPoint>
                                                  <Point/>
                                             </transformationPoint>
                                        </DOMSymbolInstance>
                                   </elements>
                              </DOMFrame>
                              <DOMFrame index="39" keyMode="9728">
                                   <elements>
                                        <DOMSymbolInstance libraryItemName="Symbol 652" symbolType="graphic" loop="loop">
                                             <matrix>
                                                  <Matrix tx="0.5" ty="2.95" a="0.913360595703125" d="0.913360595703125"/>
                                             </matrix>
                                             <transformationPoint>
                                                  <Point/>
                                             </transformationPoint>
                                        </DOMSymbolInstance>
                                   </elements>
                              </DOMFrame>
                              <DOMFrame index="40" keyMode="9728">
                                   <elements>
                                        <DOMSymbolInstance libraryItemName="Symbol 653" symbolType="graphic" loop="loop">
                                             <matrix>
                                                  <Matrix tx="0.5" ty="2.95" a="0.913360595703125" d="0.913360595703125"/>
                                             </matrix>
                                             <transformationPoint>
                                                  <Point/>
                                             </transformationPoint>
                                        </DOMSymbolInstance>
                                   </elements>
                              </DOMFrame>
                              <DOMFrame index="41" keyMode="9728">
                                   <elements>
                                        <DOMSymbolInstance libraryItemName="Symbol 654" symbolType="graphic" loop="loop">
                                             <matrix>
                                                  <Matrix tx="0.5" ty="2.95" a="0.913360595703125" d="0.913360595703125"/>
                                             </matrix>
                                             <transformationPoint>
                                                  <Point/>
                                             </transformationPoint>
                                        </DOMSymbolInstance>
                                   </elements>
                              </DOMFrame>
                              <DOMFrame index="42" keyMode="9728">
                                   <elements>
                                        <DOMSymbolInstance libraryItemName="Symbol 655" symbolType="graphic" loop="loop">
                                             <matrix>
                                                  <Matrix tx="0.5" ty="2.95" a="0.913360595703125" d="0.913360595703125"/>
                                             </matrix>
                                             <transformationPoint>
                                                  <Point/>
                                             </transformationPoint>
                                        </DOMSymbolInstance>
                                   </elements>
                              </DOMFrame>
                              <DOMFrame index="43" keyMode="9728">
                                   <elements>
                                        <DOMSymbolInstance libraryItemName="Symbol 656" symbolType="graphic" loop="loop">
                                             <matrix>
                                                  <Matrix tx="0.5" ty="2.95" a="0.913360595703125" d="0.913360595703125"/>
                                             </matrix>
                                             <transformationPoint>
                                                  <Point/>
                                             </transformationPoint>
                                        </DOMSymbolInstance>
                                   </elements>
                              </DOMFrame>
                              <DOMFrame index="44" keyMode="9728">
                                   <elements>
                                        <DOMSymbolInstance libraryItemName="Symbol 657" symbolType="graphic" loop="loop">
                                             <matrix>
                                                  <Matrix tx="0.5" ty="2.95" a="0.913360595703125" d="0.913360595703125"/>
                                             </matrix>
                                             <transformationPoint>
                                                  <Point/>
                                             </transformationPoint>
                                        </DOMSymbolInstance>
                                   </elements>
                              </DOMFrame>
                              <DOMFrame index="45" keyMode="9728">
                                   <elements>
                                        <DOMSymbolInstance libraryItemName="Symbol 658" symbolType="graphic" loop="loop">
                                             <matrix>
                                                  <Matrix tx="0.5" ty="2.95" a="0.913360595703125" d="0.913360595703125"/>
                                             </matrix>
                                             <transformationPoint>
                                                  <Point/>
                                             </transformationPoint>
                                        </DOMSymbolInstance>
                                   </elements>
                              </DOMFrame>
                              <DOMFrame index="46" keyMode="9728">
                                   <elements>
                                        <DOMSymbolInstance libraryItemName="Symbol 659" symbolType="graphic" loop="loop">
                                             <matrix>
                                                  <Matrix tx="0.5" ty="2.95" a="0.913360595703125" d="0.913360595703125"/>
                                             </matrix>
                                             <transformationPoint>
                                                  <Point/>
                                             </transformationPoint>
                                        </DOMSymbolInstance>
                                   </elements>
                              </DOMFrame>
                              <DOMFrame index="47" keyMode="9728">
                                   <elements>
                                        <DOMSymbolInstance libraryItemName="Symbol 660" symbolType="graphic" loop="loop">
                                             <matrix>
                                                  <Matrix tx="0.5" ty="2.95" a="0.913360595703125" d="0.913360595703125"/>
                                             </matrix>
                                             <transformationPoint>
                                                  <Point/>
                                             </transformationPoint>
                                        </DOMSymbolInstance>
                                   </elements>
                              </DOMFrame>
                              <DOMFrame index="48" keyMode="9728">
                                   <elements>
                                        <DOMSymbolInstance libraryItemName="Symbol 661" symbolType="graphic" loop="loop">
                                             <matrix>
                                                  <Matrix tx="0.5" ty="2.95" a="0.913360595703125" d="0.913360595703125"/>
                                             </matrix>
                                             <transformationPoint>
                                                  <Point/>
                                             </transformationPoint>
                                        </DOMSymbolInstance>
                                   </elements>
                              </DOMFrame>
                              <DOMFrame index="49" keyMode="9728">
                                   <elements>
                                        <DOMSymbolInstance libraryItemName="Symbol 662" symbolType="graphic" loop="loop">
                                             <matrix>
                                                  <Matrix tx="0.5" ty="2.95" a="0.913360595703125" d="0.913360595703125"/>
                                             </matrix>
                                             <transformationPoint>
                                                  <Point/>
                                             </transformationPoint>
                                        </DOMSymbolInstance>
                                   </elements>
                              </DOMFrame>
                              <DOMFrame index="50" keyMode="9728">
                                   <elements>
                                        <DOMSymbolInstance libraryItemName="Symbol 663" symbolType="graphic" loop="loop">
                                             <matrix>
                                                  <Matrix tx="0.5" ty="2.95" a="0.913360595703125" d="0.913360595703125"/>
                                             </matrix>
                                             <transformationPoint>
                                                  <Point/>
                                             </transformationPoint>
                                        </DOMSymbolInstance>
                                   </elements>
                              </DOMFrame>
                              <DOMFrame index="51" keyMode="9728">
                                   <elements>
                                        <DOMSymbolInstance libraryItemName="Symbol 664" symbolType="graphic" loop="loop">
                                             <matrix>
                                                  <Matrix tx="0.5" ty="2.95" a="0.913360595703125" d="0.913360595703125"/>
                                             </matrix>
                                             <transformationPoint>
                                                  <Point/>
                                             </transformationPoint>
                                        </DOMSymbolInstance>
                                   </elements>
                              </DOMFrame>
                              <DOMFrame index="52" keyMode="9728">
                                   <elements>
                                        <DOMSymbolInstance libraryItemName="Symbol 665" symbolType="graphic" loop="loop">
                                             <matrix>
                                                  <Matrix tx="0.5" ty="2.95" a="0.913360595703125" d="0.913360595703125"/>
                                             </matrix>
                                             <transformationPoint>
                                                  <Point/>
                                             </transformationPoint>
                                        </DOMSymbolInstance>
                                   </elements>
                              </DOMFrame>
                              <DOMFrame index="53" keyMode="9728">
                                   <elements>
                                        <DOMSymbolInstance libraryItemName="Symbol 641" symbolType="graphic" loop="loop">
                                             <matrix>
                                                  <Matrix tx="0.5" ty="2.95" a="0.913360595703125" d="0.913360595703125"/>
                                             </matrix>
                                             <transformationPoint>
                                                  <Point/>
                                             </transformationPoint>
                                        </DOMSymbolInstance>
                                   </elements>
                              </DOMFrame>
                              <DOMFrame index="54" keyMode="9728">
                                   <elements>
                                        <DOMSymbolInstance libraryItemName="Symbol 642" symbolType="graphic" loop="loop">
                                             <matrix>
                                                  <Matrix tx="0.5" ty="2.95" a="0.913360595703125" d="0.913360595703125"/>
                                             </matrix>
                                             <transformationPoint>
                                                  <Point/>
                                             </transformationPoint>
                                        </DOMSymbolInstance>
                                   </elements>
                              </DOMFrame>
                              <DOMFrame index="55" keyMode="9728">
                                   <elements>
                                        <DOMSymbolInstance libraryItemName="Symbol 643" symbolType="graphic" loop="loop">
                                             <matrix>
                                                  <Matrix tx="0.5" ty="2.95" a="0.913360595703125" d="0.913360595703125"/>
                                             </matrix>
                                             <transformationPoint>
                                                  <Point/>
                                             </transformationPoint>
                                        </DOMSymbolInstance>
                                   </elements>
                              </DOMFrame>
                              <DOMFrame index="56" keyMode="9728">
                                   <elements>
                                        <DOMSymbolInstance libraryItemName="Symbol 644" symbolType="graphic" loop="loop">
                                             <matrix>
                                                  <Matrix tx="0.5" ty="2.95" a="0.913360595703125" d="0.913360595703125"/>
                                             </matrix>
                                             <transformationPoint>
                                                  <Point/>
                                             </transformationPoint>
                                        </DOMSymbolInstance>
                                   </elements>
                              </DOMFrame>
                              <DOMFrame index="57" keyMode="9728">
                                   <elements>
                                        <DOMSymbolInstance libraryItemName="Symbol 645" symbolType="graphic" loop="loop">
                                             <matrix>
                                                  <Matrix tx="0.5" ty="2.95" a="0.913360595703125" d="0.913360595703125"/>
                                             </matrix>
                                             <transformationPoint>
                                                  <Point/>
                                             </transformationPoint>
                                        </DOMSymbolInstance>
                                   </elements>
                              </DOMFrame>
                              <DOMFrame index="58" keyMode="9728">
                                   <elements>
                                        <DOMSymbolInstance libraryItemName="Symbol 646" symbolType="graphic" loop="loop">
                                             <matrix>
                                                  <Matrix tx="0.5" ty="2.95" a="0.913360595703125" d="0.913360595703125"/>
                                             </matrix>
                                             <transformationPoint>
                                                  <Point/>
                                             </transformationPoint>
                                        </DOMSymbolInstance>
                                   </elements>
                              </DOMFrame>
                              <DOMFrame index="59" keyMode="9728">
                                   <elements>
                                        <DOMSymbolInstance libraryItemName="Symbol 647" symbolType="graphic" loop="loop">
                                             <matrix>
                                                  <Matrix tx="0.5" ty="2.95" a="0.913360595703125" d="0.913360595703125"/>
                                             </matrix>
                                             <transformationPoint>
                                                  <Point/>
                                             </transformationPoint>
                                        </DOMSymbolInstance>
                                   </elements>
                              </DOMFrame>
                              <DOMFrame index="60" keyMode="9728">
                                   <elements>
                                        <DOMSymbolInstance libraryItemName="Symbol 648" symbolType="graphic" loop="loop">
                                             <matrix>
                                                  <Matrix tx="0.5" ty="2.95" a="0.913360595703125" d="0.913360595703125"/>
                                             </matrix>
                                             <transformationPoint>
                                                  <Point/>
                                             </transformationPoint>
                                        </DOMSymbolInstance>
                                   </elements>
                              </DOMFrame>
                              <DOMFrame index="61" keyMode="9728">
                                   <elements>
                                        <DOMSymbolInstance libraryItemName="Symbol 649" symbolType="graphic" loop="loop">
                                             <matrix>
                                                  <Matrix tx="0.5" ty="2.95" a="0.913360595703125" d="0.913360595703125"/>
                                             </matrix>
                                             <transformationPoint>
                                                  <Point/>
                                             </transformationPoint>
                                        </DOMSymbolInstance>
                                   </elements>
                              </DOMFrame>
                              <DOMFrame index="62" duration="7" keyMode="9728">
                                   <elements/>
                              </DOMFrame>
                              <DOMFrame index="69" duration="22" keyMode="9728">
                                   <elements>
                                        <DOMShape isFloating="true">
                                             <fills>
                                                  <FillStyle index="1">
                                                       <SolidColor color="#000000"/>
                                                  </FillStyle>
                                                  <FillStyle index="2">
                                                       <SolidColor color="#d01a1a"/>
                                                  </FillStyle>
                                                  <FillStyle index="3">
                                                       <SolidColor color="#e2e2e2"/>
                                                  </FillStyle>
                                             </fills>
                                             <strokes/>
                                             <edges>
                                                  <Edge fillStyle1="1" edges="! 200 -42[ 219 -43 238 -29| 284 9[ 315 33 316 44[ 480 158 555 230[ 641 303 641 342[ 641 374 593 398[ 585 402 578 405| 476 465| 445 482| 384 530[ 329 572 286 572[ 233 572 161 484| 114 417[ 91 398 54 344| -25 262[ -109 168 -109 146[ -109 122 -71 101| -54 94| -2 59[ 64 20 116 -3| 167 -28[ 182 -44 200 -42"/>
                                                  <Edge fillStyle0="2" fillStyle1="3" edges="! 57 99| 61 98| 96 98[ 101 85 125 68[ 136 60 145 58[ 164 36 179 38| 185 37[ 202 37 202 49[ 210 49 221 56| 238 73| 240 76| 245 97| 247 112| 254 120| 281 124[ 306 124 314 133| 326 174| 326 175[ 339 175 344 184| 358 183[ 377 183 383 195| 385 200| 386 209[ 386 235 445 235| 462 239| 463 238| 467 242[ 482 252 482 283| 495 275| 498 280[ 506 274 506 287| 505 290| 512 287[ 521 286 521 295| 520 301| 523 300[ 544 295 544 313| 540 330[ 534 342 524 342| 518 342[ 513 357 476 367| 479 373[ 479 385 467 385| 458 380| 457 381[ 454 395 445 401| 423 405| 424 408| 424 410| 420 411| 419 411| 419 413[ 419 424 410 424[ 403 424 399 418| 397 413| 397 410[ 391 416 390 428[ 389 439 380 448| 375 452"/>
                                                  <Edge fillStyle0="2" fillStyle1="1" edges="! 375 452| 418 427[ 467 398 500 380[ 508 365 533 349| 565 327[ 548 292 449 221| 328 137| 322 133| 288 107| 237 50[ 197 15 155 37| 57 99"/>
                                                  <Edge fillStyle0="3" fillStyle1="1" edges="! 57 99| 43 108"/>
                                                  <Edge fillStyle0="3" fillStyle1="2" edges="! 43 108| 32 120[ 21 134 19 142[ 14 136 3 135"/>
                                                  <Edge fillStyle0="3" fillStyle1="1" edges="! 3 135| 0 135[ -20 135 -22 152| -22 155[ -18 177 0 177| 1 177"/>
                                                  <Edge fillStyle0="3" fillStyle1="2" edges="! 1 177| 11 175| 16 175[ 28 175 31 166| 36 171| 35 171| 30 181[ 28 189 42 189| 50 186| 50 194[ 50 207 63 226| 56 234[ 56 239 59 237| 68 232[ 79 248 93 251[ 86 252 86 258| 88 263[ 91 269 96 269[ 106 269 106 260| 102 252| 108 251| 109 267| 115 287[ 123 300 151 306[ 175 311 175 318| 173 347[ 176 362 205 372[ 195 373 195 382[ 195 392 207 392[ 216 392 216 382| 214 375| 218 376| 218 405[ 223 423 245 431| 267 431| 262 438| 263 444[ 265 449 273 449| 279 448[ 276 452 276 459| 282 472[ 290 484 304 484| 314 478| 319 471| 327 473[ 337 473 337 461| 337 458| 350 459| 370 455"/>
                                                  <Edge fillStyle0="3" fillStyle1="1" edges="! 370 455| 375 452"/>
                                                  <Edge fillStyle0="2" fillStyle1="3" edges="! 420 216| 411 225[ 402 225 402 216[ 402 208 411 208[ 420 208 420 216"/>
                                                  <Edge fillStyle0="2" fillStyle1="3" edges="! 457 307| 414 274| 421 306| 421 316| 464 313| 462 312| 462 310| 458 307| 457 307"/>
                                                  <Edge fillStyle0="2" fillStyle1="3" edges="! 467 283[ 467 267 457 259| 443 269| 467 287| 467 283"/>
                                                  <Edge fillStyle0="2" fillStyle1="3" edges="! 486 297| 482 298| 484 300| 486 297"/>
                                                  <Edge fillStyle0="2" fillStyle1="3" edges="! 446 255| 435 253| 419 252| 433 262| 437 265| 446 255"/>
                                                  <Edge fillStyle0="2" fillStyle1="3" edges="! 418 330| 416 336| 444 334| 463 335| 480 325| 480 324| 477 321| 476 322| 439 322| 423 329| 418 330"/>
                                                  <Edge fillStyle0="2" fillStyle1="3" edges="! 410 348[ 390 382 342 382| 298 375| 301 382| 291 412| 299 425| 305 403[ 311 387 317 382| 321 390| 313 413| 311 426| 378 385| 446 345| 414 342| 410 348"/>
                                                  <Edge fillStyle0="2" fillStyle1="3" edges="! 505 310| 512 304[ 504 304 503 296| 499 311| 503 315| 505 310"/>
                                                  <Edge fillStyle0="2" fillStyle1="3" edges="! 488 339| 469 351| 496 347| 503 331| 502 330[ 497 333 490 338| 489 339| 488 339"/>
                                                  <Edge fillStyle0="2" fillStyle1="3" edges="! 412 390| 413 390| 433 392| 445 366| 414 383| 408 387| 412 390"/>
                                                  <Edge fillStyle0="2" fillStyle1="3" edges="! 230 80| 221 87| 238 103| 233 88| 230 80"/>
                                                  <Edge fillStyle0="2" fillStyle1="3" edges="! 219 86| 229 78[ 222 63 204 58| 214 81| 219 86"/>
                                                  <Edge fillStyle0="2" fillStyle1="3" edges="! 209 97| 207 97| 211 94| 206 87| 193 75| 188 92| 186 102| 224 112| 212 95| 209 97"/>
                                                  <Edge fillStyle0="2" fillStyle1="3" edges="! 272 115| 266 116[ 257 116 257 108[ 257 102 265 102[ 273 102 273 109| 272 115"/>
                                                  <Edge fillStyle0="2" fillStyle1="3" edges="! 293 150| 286 155| 312 179[ 315 176 319 176| 314 154| 303 143| 293 150"/>
                                                  <Edge fillStyle0="2" fillStyle1="3" edges="! 295 137| 256 123| 261 128| 282 151| 295 137"/>
                                                  <Edge fillStyle0="2" fillStyle1="3" edges="! 255 145| 261 175| 289 176| 255 145"/>
                                                  <Edge fillStyle0="2" fillStyle1="3" edges="! 237 157| 212 179| 215 187[ 222 188 222 199[ 222 211 212 211[ 203 211 200 205| 183 200| 161 221| 190 224[ 231 224 243 203| 246 181[ 246 125 179 118[ 112 112 112 172[ 112 186 127 202| 152 218| 159 211[ 174 200 181 199| 171 189| 162 177| 161 177| 145 183| 147 193[ 147 208 138 208[ 134 208 125 180[ 125 168 146 163[ 139 162 136 157| 134 151[ 134 132 151 131[ 161 130 165 137| 205 135| 212 141| 208 148| 177 151| 176 162| 188 164[ 202 168 208 175| 219 165| 235 153| 237 157"/>
                                                  <Edge fillStyle0="2" fillStyle1="3" edges="! 233 247| 203 272[ 196 277 190 281| 202 287| 221 270| 237 251| 233 248| 235 246| 233 247"/>
                                                  <Edge fillStyle0="2" fillStyle1="3" edges="! 238 233| 190 243| 179 243| 179 244| 175 257| 178 269| 198 257| 234 236| 236 237| 238 233"/>
                                                  <Edge fillStyle0="2" fillStyle1="3" edges="! 286 200| 264 223| 250 235[ 261 228 278 220| 306 209| 296 203| 286 200"/>
                                                  <Edge fillStyle0="2" fillStyle1="3" edges="! 257 212| 277 197| 261 191| 257 212"/>
                                                  <Edge fillStyle0="2" fillStyle1="3" edges="! 328 164[ 328 155 338 155[ 348 154 348 164[ 348 174 339 174[ 332 174 329 169| 328 164"/>
                                                  <Edge fillStyle0="2" fillStyle1="3" edges="! 347 197| 347 202| 357 209| 362 205| 372 200| 347 196| 347 197"/>
                                                  <Edge fillStyle0="2" fillStyle1="3" edges="! 326 225| 343 224| 350 224| 339 215| 327 219| 326 225"/>
                                                  <Edge fillStyle0="2" fillStyle1="3" edges="! 306 223| 293 230| 305 228| 306 223"/>
                                                  <Edge fillStyle0="2" fillStyle1="3" edges="! 366 215| 382 226| 380 211| 379 207| 366 215"/>
                                                  <Edge fillStyle0="2" fillStyle1="3" edges="! 116 86| 113 92| 125 81| 116 86"/>
                                                  <Edge fillStyle0="2" fillStyle1="3" edges="! 190 71| 181 62[ 178 64 177 65| 181 75| 174 92| 169 101| 171 101| 177 101| 181 88| 190 71"/>
                                                  <Edge fillStyle0="2" fillStyle1="3" edges="! 171 67| 75 129| 101 129| 102 130[ 118 104 161 102[ 162 78 171 67"/>
                                                  <Edge fillStyle0="2" fillStyle1="3" edges="! 74 111[ 52 115 40 140| 39 144| 80 115| 92 107| 74 111"/>
                                                  <Edge fillStyle0="2" fillStyle1="3" edges="! 91 152| 89 159| 67 159| 61 159| 61 162| 63 162| 80 165| 68 170| 59 170[ 92 198 157 270| 156 265[ 156 254 159 245| 161 241[ 123 234 105 209[ 91 190 91 171[ 91 154 96 141| 60 140| 59 139| 46 147| 51 147[ 53 144 57 144| 58 146| 83 146| 91 152"/>
                                                  <Edge fillStyle0="2" fillStyle1="3" edges="! 36 154| 37 154| 42 150| 41 150| 36 154"/>
                                                  <Edge fillStyle0="3" fillStyle1="1" edges="! 25 204| 35 215"/>
                                                  <Edge fillStyle0="3" fillStyle1="2" edges="! 35 215| 39 215[ 49 215 49 202[ 49 190 37 191[ 25 192 25 203| 25 204"/>
                                                  <Edge fillStyle0="1" fillStyle1="2" edges="! 25 204| 1 177"/>
                                                  <Edge fillStyle0="2" fillStyle1="3" edges="! 68 207| 72 217| 78 212| 66 199| 68 207"/>
                                                  <Edge fillStyle0="2" fillStyle1="3" edges="! 77 227| 88 239| 102 240| 92 228| 86 221| 77 227"/>
                                                  <Edge fillStyle0="2" fillStyle1="3" edges="! 161 161| 159 161| 161 162| 161 161"/>
                                                  <Edge fillStyle0="2" fillStyle1="1" edges="! 43 108| 3 135"/>
                                                  <Edge fillStyle0="2" fillStyle1="3" edges="! 167 301| 118 257| 116 267[ 115 273 123 282| 135 299| 168 302| 167 301"/>
                                                  <Edge fillStyle0="2" fillStyle1="3" edges="! 143 323[ 143 315 155 313[ 166 311 166 323[ 166 334 155 334| 144 329| 143 323"/>
                                                  <Edge fillStyle0="2" fillStyle1="3" edges="! 182 333| 186 348| 198 363| 225 363[ 229 367 229 387| 235 400| 247 417| 270 416| 244 385| 185 318| 182 333"/>
                                                  <Edge fillStyle0="2" fillStyle1="3" edges="! 366 284[ 366 270 375 278[ 383 286 383 297| 381 312[ 375 319 353 319| 352 319| 346 325| 346 327| 341 342| 331 352[ 300 352 300 337[ 300 333 303 332| 306 331| 314 334| 327 337| 332 326[ 314 325 306 312| 301 297| 302 292| 293 295[ 286 295 283 289| 282 283[ 282 269 294 271[ 305 273 305 284| 305 285[ 311 279 327 289[ 347 301 352 309| 354 309[ 365 309 369 300| 366 284"/>
                                                  <Edge fillStyle0="2" fillStyle1="3" edges="! 389 268[ 370 248 319 248| 291 242[ 282 242 266 268| 254 290| 253 307[ 253 323 271 339| 274 342| 287 326| 301 312| 306 317| 296 331| 275 342[ 299 360 342 360[ 380 360 394 333| 401 306[ 401 281 389 268"/>
                                                  <Edge fillStyle0="2" fillStyle1="3" edges="! 331 282| 329 283| 339 270| 353 258| 331 282"/>
                                                  <Edge fillStyle0="2" fillStyle1="3" edges="! 382 336| 378 345| 369 352[ 349 352 349 341[ 349 323 366 322[ 382 322 382 336"/>
                                                  <Edge fillStyle0="2" fillStyle1="3" edges="! 227 279| 214 292[ 229 300 229 306[ 229 316 216 316| 204 315| 248 361| 285 405[ 290 382 297 375| 271 365[ 230 346 230 323[ 230 287 240 269[ 248 254 263 244| 245 251| 227 279"/>
                                                  <Edge fillStyle0="2" fillStyle1="3" edges="! 401 391[ 372 407 353 418| 364 436| 380 411[ 386 396 401 392| 401 391"/>
                                                  <Edge fillStyle0="2" fillStyle1="3" edges="! 348 441| 360 439| 344 423| 317 437| 348 441"/>
                                                  <Edge fillStyle0="2" fillStyle1="1" edges="! 35 215| 291 494[ 302 494 370 455"/>
                                             </edges>
                                        </DOMShape>
                                   </elements>
                              </DOMFrame>
                              <DOMFrame index="91" duration="9" keyMode="9728">
                                   <elements/>
                              </DOMFrame>
                              <DOMFrame index="100" keyMode="9728">
                                   <elements>
                                        <DOMShape isFloating="true">
                                             <fills>
                                                  <FillStyle index="1">
                                                       <SolidColor color="#000000"/>
                                                  </FillStyle>
                                                  <FillStyle index="2">
                                                       <SolidColor color="#c17402"/>
                                                  </FillStyle>
                                                  <FillStyle index="3">
                                                       <SolidColor color="#cccc33"/>
                                                  </FillStyle>
                                             </fills>
                                             <strokes/>
                                             <edges>
                                                  <Edge fillStyle0="1" fillStyle1="2" edges="! 441 460[ 411 509 343 509[ 295 509 220 419| 193 382| 193 378| 192 360[ 192 344 198 328| 206 311[ 217 292 234 273[ 270 232 315 222| 318 223| 339 220[ 371 220 380 240| 419 297[ 459 361 459 403[ 459 431 441 460"/>
                                                  <Edge fillStyle0="1" fillStyle1="0" edges="! 498 288| 362 126| 293 53[ 264 26 221 9[ 178 -9 120 11[ 63 30 31 63[ 0 96 -1 189[ -2 281 140 430[ 282 579 375 579[ 437 579 486 518[ 528 466 528 422[ 528 331 498 288"/>
                                                  <Edge fillStyle0="1" fillStyle1="3" edges="! 333 185| 322 188| 309 192[ 261 208 219 253[ 171 304 165 335"/>
                                                  <Edge fillStyle0="1" fillStyle1="0" edges="! 165 335| 163 341| 161 339"/>
                                                  <Edge fillStyle0="1" fillStyle1="3" edges="! 161 339| 120 300[ 93 276 67 224[ 42 171 92 105[ 142 38 240 92| 292 139| 335 183"/>
                                                  <Edge fillStyle0="1" fillStyle1="0" edges="! 335 183| 336 184| 333 185"/>
                                                  <Edge fillStyle0="3" fillStyle1="0" edges="! 333 185| 335 183"/>
                                                  <Edge fillStyle0="0" fillStyle1="3" edges="! 165 335| 161 339"/>
                                             </edges>
                                        </DOMShape>
                                   </elements>
                              </DOMFrame>
                              <DOMFrame index="101" keyMode="9728">
                                   <elements>
                                        <DOMShape isFloating="true">
                                             <fills>
                                                  <FillStyle index="1">
                                                       <SolidColor color="#ffcccc"/>
                                                  </FillStyle>
                                                  <FillStyle index="2">
                                                       <SolidColor color="#000000"/>
                                                  </FillStyle>
                                                  <FillStyle index="3">
                                                       <SolidColor color="#335c66"/>
                                                  </FillStyle>
                                                  <FillStyle index="4">
                                                       <SolidColor color="#294079"/>
                                                  </FillStyle>
                                             </fills>
                                             <strokes/>
                                             <edges>
                                                  <Edge fillStyle1="2" edges="! 303 -33[ 348 -27 407 44[ 466 115 449 320[ 432 525 360 583[ 312 622 241 608[ 170 593 128 557[ 85 520 82 434| 86 223[ 89 155 94 123[ 99 84 123 44[ 144 3 202 -18[ 258 -39 303 -33"/>
                                                  <Edge fillStyle0="4" fillStyle1="2" edges="! 375 262| 383 206[ 389 171 376 114[ 363 57 283 38[ 202 17 160 120| 148 189| 143 250"/>
                                                  <Edge fillStyle0="4" fillStyle1="0" edges="! 143 250| 146 251"/>
                                                  <Edge fillStyle0="4" fillStyle1="2" edges="! 146 251| 156 246| 168 241[ 216 224 277 232[ 346 241 370 261"/>
                                                  <Edge fillStyle0="4" fillStyle1="1" edges="! 370 261| 375 262"/>
                                                  <Edge fillStyle0="2" fillStyle1="0" edges="! 375 262| 376 265| 370 261"/>
                                                  <Edge fillStyle0="1" fillStyle1="0" edges="! 370 261| 375 262"/>
                                                  <Edge fillStyle0="0" fillStyle1="2" edges="! 143 250| 142 252| 146 251"/>
                                                  <Edge fillStyle0="3" fillStyle1="2" edges="! 148 419[ 149 472 173 498[ 197 524 243 538[ 288 552 341 509[ 378 479 380 362| 377 316| 375 313| 365 298| 340 277| 323 269| 277 257[ 224 247 183 269| 181 270[ 172 274 163 282[ 138 302 143 323| 148 419"/>
                                             </edges>
                                        </DOMShape>
                                   </elements>
                              </DOMFrame>
                              <DOMFrame index="102" duration="2" keyMode="9728">
                                   <elements>
                                        <DOMShape isFloating="true">
                                             <fills>
                                                  <FillStyle index="1">
                                                       <SolidColor color="#000000"/>
                                                  </FillStyle>
                                                  <FillStyle index="2">
                                                       <SolidColor color="#d6d5ba"/>
                                                  </FillStyle>
                                                  <FillStyle index="3">
                                                       <SolidColor color="#c43333"/>
                                                  </FillStyle>
                                                  <FillStyle index="4">
                                                       <SolidColor color="#c17402"/>
                                                  </FillStyle>
                                                  <FillStyle index="5">
                                                       <SolidColor color="#c2c2c0"/>
                                                  </FillStyle>
                                             </fills>
                                             <strokes/>
                                             <edges>
                                                  <Edge fillStyle0="4" fillStyle1="1" edges="! 418 91| 407 85| 395 80"/>
                                                  <Edge fillStyle0="4" fillStyle1="2" edges="! 395 80[ 383 81 381 92| 372 91[ 360 91 354 97[ 350 92 340 92| 332 93| 333 90[ 333 75 316 74[ 300 73 300 89[ 300 106 315 106| 321 106| 321 111| 326 123| 339 129[ 351 129 356 121| 360 125| 361 131[ 353 132 349 138[ 341 139 338 144[ 337 125 319 124[ 300 123 300 144| 301 155| 297 155[ 296 142 281 142[ 268 142 266 154[ 261 157 261 164[ 261 177 275 177| 285 175| 286 182| 285 183| 274 180| 263 182[ 260 174 250 173[ 248 165 237 164| 242 160| 243 157| 237 150[ 230 148 225 153| 225 163| 226 164| 217 168| 214 166"/>
                                                  <Edge fillStyle0="4" fillStyle1="1" edges="! 214 166| 200 191| 196 196| 195 197| 194 199"/>
                                                  <Edge fillStyle0="4" fillStyle1="0" edges="! 194 199| 198 202"/>
                                                  <Edge fillStyle0="4" fillStyle1="1" edges="! 198 202| 224 206"/>
                                                  <Edge fillStyle0="4" fillStyle1="2" edges="! 224 206[ 224 197 217 193| 217 192| 221 195| 233 199| 239 199| 249 202| 255 201| 261 213| 262 214| 261 222"/>
                                                  <Edge fillStyle0="4" fillStyle1="1" edges="! 261 222| 288 238| 292 241"/>
                                                  <Edge fillStyle0="4" fillStyle1="2" edges="! 292 241| 299 231| 312 235| 318 234| 317 245| 317 248| 310 254"/>
                                                  <Edge fillStyle0="4" fillStyle1="1" edges="! 310 254| 338 278"/>
                                                  <Edge fillStyle0="4" fillStyle1="2" edges="! 338 278| 342 274| 344 267| 351 264| 364 271| 360 286[ 360 294 366 300[ 372 307 382 307| 384 307| 386 307[ 398 307 402 298| 404 291| 404 288| 404 285[ 404 265 383 264| 385 261| 385 258| 402 267| 414 264| 423 275"/>
                                                  <Edge fillStyle0="4" fillStyle1="1" edges="! 423 275| 441 243"/>
                                                  <Edge fillStyle0="4" fillStyle1="2" edges="! 441 243| 431 241| 421 243| 419 237| 422 237| 438 227| 440 220| 439 214| 441 205[ 441 191 427 192| 426 192| 430 188| 434 174| 434 172| 443 174[ 459 174 459 160[ 459 145 443 145[ 430 145 428 157[ 424 153 415 152| 417 146| 423 147[ 445 147 441 129[ 441 109 423 112[ 405 115 405 130| 397 129| 390 130| 392 125| 390 117| 391 113| 399 115[ 420 115 419 96| 418 91"/>
                                                  <Edge fillStyle0="1" fillStyle1="2" edges="! 418 91[ 466 120 459 184"/>
                                                  <Edge fillStyle0="1" fillStyle1="3" edges="! 459 184| 456 205| 454 212| 453 215"/>
                                                  <Edge fillStyle0="1" fillStyle1="2" edges="! 453 215| 450 226| 441 243"/>
                                                  <Edge fillStyle0="1" fillStyle1="0" edges="! 437 18[ 398 -6 308 11[ 217 27 100 196[ -17 365 1 456[ 13 516 77 551[ 141 584 197 584[ 253 582 310 518| 441 353| 499 271[ 520 238 526 192[ 536 146 505 93[ 476 42 437 18"/>
                                                  <Edge fillStyle0="3" fillStyle1="2" edges="! 459 184[ 449 186 449 200| 453 215"/>
                                                  <Edge fillStyle0="4" fillStyle1="2" edges="! 417 197[ 414 200 414 205| 406 198| 408 198| 417 197"/>
                                                  <Edge fillStyle0="1" fillStyle1="2" edges="! 423 275| 415 287| 396 316"/>
                                                  <Edge fillStyle0="1" fillStyle1="4" edges="! 396 316| 380 337"/>
                                                  <Edge fillStyle0="1" fillStyle1="0" edges="! 380 337| 380 340| 377 336"/>
                                                  <Edge fillStyle0="1" fillStyle1="4" edges="! 377 336| 372 326| 367 314| 366 313"/>
                                                  <Edge fillStyle0="1" fillStyle1="2" edges="! 366 313| 338 278"/>
                                                  <Edge fillStyle0="4" fillStyle1="2" edges="! 336 67[ 337 84 351 84[ 368 84 371 71"/>
                                                  <Edge fillStyle0="4" fillStyle1="1" edges="! 371 71| 336 67"/>
                                                  <Edge fillStyle0="2" fillStyle1="1" edges="! 336 67[ 309 68 287 85| 255 112"/>
                                                  <Edge fillStyle0="2" fillStyle1="4" edges="! 255 112[ 267 111 270 120[ 272 110 283 110[ 297 110 297 122[ 297 141 284 141[ 277 141 273 134| 271 132| 270 138[ 265 147 252 147| 239 142| 234 147| 228 142"/>
                                                  <Edge fillStyle0="2" fillStyle1="1" edges="! 228 142| 223 150| 214 166"/>
                                                  <Edge fillStyle0="2" fillStyle1="1" edges="! 395 80[ 383 74 371 71"/>
                                                  <Edge fillStyle0="1" fillStyle1="4" edges="! 228 142| 234 134| 235 133| 244 123| 255 112"/>
                                                  <Edge fillStyle0="1" fillStyle1="5" edges="! 230 237[ 250 244 272 258[ 320 283 337 327| 338 329| 345 349[ 351 380 333 393| 268 464[ 234 504 199 509[ 164 514 120 495[ 76 478 63 411[ 53 364 127 272| 158 239| 162 238| 178 233[ 195 229 211 233| 230 237"/>
                                                  <Edge fillStyle0="1" fillStyle1="2" edges="! 261 222[ 240 211 224 206"/>
                                                  <Edge fillStyle0="4" fillStyle1="2" edges="! 378 174| 384 170| 384 174| 377 176| 378 174"/>
                                                  <Edge fillStyle0="4" fillStyle1="2" edges="! 352 211| 351 220| 351 224| 340 222| 328 223| 330 215| 326 201| 328 202[ 330 213 344 213| 352 211"/>
                                                  <Edge fillStyle0="4" fillStyle1="2" edges="! 362 195| 372 190[ 372 198 378 202| 377 204| 368 202| 360 204| 360 203| 362 195"/>
                                                  <Edge fillStyle0="4" fillStyle1="2" edges="! 389 233| 385 240| 380 234| 383 230| 389 233"/>
                                                  <Edge fillStyle0="1" fillStyle1="0" edges="! 198 202| 191 201| 194 199"/>
                                                  <Edge fillStyle0="0" fillStyle1="4" edges="! 380 337| 377 336"/>
                                                  <Edge fillStyle0="4" fillStyle1="2" edges="! 396 316[ 391 309 379 309[ 371 309 366 313"/>
                                                  <Edge fillStyle0="1" fillStyle1="2" edges="! 310 254| 292 241"/>
                                             </edges>
                                        </DOMShape>
                                   </elements>
                              </DOMFrame>
                         </frames>
                    </DOMLayer>
               </layers>
          </DOMTimeline>
     </timeline>
</DOMSymbolItem>
