<DOMSymbolItem xmlns="http://ns.adobe.com/xfl/2008/" xmlns:xsi="http://www.w3.org/2001/XMLSchema-instance" name="Symbol 2316" lastModified="1681431985">
     <timeline>
          <DOMTimeline name="Symbol 2316">
               <layers>
                    <DOMLayer name="Script Layer" color="#bbe5a4">
                         <frames>
                              <DOMFrame index="0" keyMode="9728">
                                   <Actionscript>
                                        <script>stop();
</script>
                                   </Actionscript>
                                   <elements/>
                              </DOMFrame>
                         </frames>
                    </DOMLayer>
                    <DOMLayer name="Layer 2" color="#fd66e4" current="true" isSelected="true">
                         <frames>
                              <DOMFrame index="0" keyMode="9728">
                                   <elements>
                                        <DOMShape isFloating="true">
                                             <fills>
                                                  <FillStyle index="1">
                                                       <SolidColor color="#000000"/>
                                                  </FillStyle>
                                             </fills>
                                             <strokes/>
                                             <edges>
                                                  <Edge fillStyle1="1" edges="! 582 291| 620 345| 628 351| 673 290[ 707 243 707 261[ 707 275 647 366| 651 371| 667 354| 656 375| 673 390| 722 430| 723 433| 700 436| 685 441[ 666 441 633 406| 629 402| 625 407| 631 422| 620 411| 604 426| 603 425| 618 407| 615 403| 530 483| 523 482| 523 473| 566 420| 605 375| 605 371| 598 360| 574 321[ 555 287 555 274[ 555 253 582 291"/>
                                                  <Edge fillStyle1="1" edges="! 623 395| 620 398| 622 402| 626 397| 623 395"/>
                                                  <Edge fillStyle1="1" edges="! 388 207| 382 213| 380 213| 390 205| 388 207"/>
                                                  <Edge fillStyle0="1" fillStyle1="0" edges="! 157 354[ 159 362 168 375| 151 390| 102 430| 101 433| 124 436| 139 441[ 158 441 191 406| 195 402| 199 407| 193 422| 204 411| 220 426| 221 425| 206 407| 209 403| 294 483| 301 482| 301 473| 258 420| 219 375| 219 371| 226 360| 250 321[ 269 287 269 274[ 269 253 242 291| 204 345| 196 351| 151 290[ 117 243 117 261[ 117 275 177 366| 173 371| 157 354"/>
                                                  <Edge fillStyle0="1" fillStyle1="0" edges="! 198 397| 201 395| 204 398| 202 402| 198 397"/>
                                             </edges>
                                        </DOMShape>
                                   </elements>
                              </DOMFrame>
                              <DOMFrame index="1" keyMode="9728">
                                   <elements>
                                        <DOMShape isFloating="true">
                                             <fills>
                                                  <FillStyle index="1">
                                                       <SolidColor color="#000000"/>
                                                  </FillStyle>
                                             </fills>
                                             <strokes/>
                                             <edges>
                                                  <Edge fillStyle1="1" edges="! 696 201| 690 207| 688 207| 698 199| 696 201"/>
                                                  <Edge fillStyle0="1" fillStyle1="0" edges="! 512 339| 504 345| 459 284[ 425 237 425 255[ 425 269 485 360| 481 365| 465 348| 476 369| 459 384| 410 424| 409 427| 432 430| 447 435[ 466 435 499 400| 503 396| 507 401| 501 416| 512 405| 528 420| 529 419| 514 401| 517 397| 602 477| 609 476| 609 467| 566 414| 527 369| 527 365| 534 354| 558 315[ 577 281 577 268[ 577 247 550 285| 512 339"/>
                                                  <Edge fillStyle0="1" fillStyle1="0" edges="! 512 392| 510 396| 506 391| 509 389| 512 392"/>
                                             </edges>
                                        </DOMShape>
                                   </elements>
                              </DOMFrame>
                              <DOMFrame index="2" keyMode="9728">
                                   <elements/>
                              </DOMFrame>
                              <DOMFrame index="3" keyMode="9728">
                                   <elements>
                                        <DOMShape isFloating="true">
                                             <fills>
                                                  <FillStyle index="1">
                                                       <SolidColor color="#000000"/>
                                                  </FillStyle>
                                             </fills>
                                             <strokes/>
                                             <edges>
                                                  <Edge fillStyle1="1" edges="! 429 413| 406 416| 391 421[ 372 421 339 386| 335 382| 331 387| 337 402| 326 391| 310 406| 309 405| 324 387| 321 383| 236 463| 229 462| 229 453| 272 400| 311 355| 311 351| 304 340| 280 301[ 261 267 261 254[ 261 233 288 271| 326 325| 334 331| 379 270[ 413 223 413 241[ 413 255 353 346| 357 351| 373 334| 362 355| 379 370| 428 410| 429 413"/>
                                                  <Edge fillStyle1="1" edges="! 94 187| 88 193| 86 193[ 90 186 96 185| 94 187"/>
                                                  <Edge fillStyle1="1" edges="! 326 378| 328 382| 332 377| 329 375| 326 378"/>
                                             </edges>
                                        </DOMShape>
                                   </elements>
                              </DOMFrame>
                         </frames>
                    </DOMLayer>
               </layers>
          </DOMTimeline>
     </timeline>
</DOMSymbolItem>
