<DOMSymbolItem xmlns="http://ns.adobe.com/xfl/2008/" xmlns:xsi="http://www.w3.org/2001/XMLSchema-instance" name="Symbol 1267" lastModified="1681431985" symbolType="graphic">
     <timeline>
          <DOMTimeline name="Symbol 1267" currentFrame="0">
               <layers>
                    <DOMLayer name="Layer 1">
                         <frames>
                              <DOMFrame index="0" motionTweenScale="false" keyMode="8192">
                                   <elements>
                                        <DOMShape isFloating="true">
                                             <fills>
                                                  <FillStyle index="1">
                                                       <SolidColor color="#000000" alpha="0.2"/>
                                                  </FillStyle>
                                             </fills>
                                             <strokes/>
                                             <edges>
                                                  <Edge fillStyle1="1" edges="! 1056 75[ 1053 106 992 233[ 925 374 892 374[ 834 373 814 336[ 801 293 791 281| 767 324[ 739 360 703 360[ 663 359 623 203| 590 46[ 596 -20 641 9[ 684 35 693 74[ 701 117 727 206| 754 168[ 783 135 813 135[ 845 136 864 172| 889 225[ 906 153 924 107[ 955 19 1010 20[ 1041 20 1051 46| 1056 75"/>
                                                  <Edge fillStyle1="1" edges="! 478 145| 424 136| 389 118| 373 155| 361 191[ 355 262 437 263| 465 257| 469 244| 478 145"/>
                                                  <Edge fillStyle1="1" edges="! 531 72[ 573 117 567 188[ 560 268 553 287[ 522 366 431 365[ 310 363 279 278[ 270 252 270 220| 272 192[ 279 111 330 65[ 374 26 434 29[ 493 31 531 72"/>
                                                  <Edge fillStyle1="1" edges="! 110 91[ 114 219 108 288[ 226 282 266 306[ 289 320 287 349[ 282 403 191 402[ 24 399 5 352[ -3 331 3 280| 18 162[ 22 121 59 63[ 98 -1 110 91"/>
                                             </edges>
                                        </DOMShape>
                                   </elements>
                              </DOMFrame>
                         </frames>
                    </DOMLayer>
               </layers>
          </DOMTimeline>
     </timeline>
</DOMSymbolItem>
