<DOMSymbolItem xmlns="http://ns.adobe.com/xfl/2008/" xmlns:xsi="http://www.w3.org/2001/XMLSchema-instance" name="Symbol 1667" lastModified="1681431985">
     <timeline>
          <DOMTimeline name="Symbol 1667">
               <layers>
                    <DOMLayer name="Script Layer" color="#b1b655">
                         <frames>
                              <DOMFrame index="0" keyMode="9728">
                                   <Actionscript>
                                        <script>_root.a.gish(this);
</script>
                                   </Actionscript>
                                   <elements/>
                              </DOMFrame>
                         </frames>
                    </DOMLayer>
                    <DOMLayer name="Layer 2" color="#d55358" current="true" isSelected="true">
                         <frames>
                              <DOMFrame index="0" keyMode="9728">
                                   <elements>
                                        <DOMShape isFloating="true">
                                             <fills>
                                                  <FillStyle index="1">
                                                       <SolidColor color="#000000" alpha="1.0"/>
                                                  </FillStyle>
                                                  <FillStyle index="2">
                                                       <SolidColor color="#a64040" alpha="1.0"/>
                                                  </FillStyle>
                                                  <FillStyle index="3">
                                                       <SolidColor color="#7b7070" alpha="1.0"/>
                                                  </FillStyle>
                                                  <FillStyle index="4">
                                                       <SolidColor color="#a19595" alpha="1.0"/>
                                                  </FillStyle>
                                             </fills>
                                             <strokes>
                                                  <StrokeStyle index="1">
                                                       <SolidStroke weight="1.0" scaleMode="normal">
                                                            <fill>
                                                                 <SolidColor color="#000000"/>
                                                            </fill>
                                                       </SolidStroke>
                                                  </StrokeStyle>
                                             </strokes>
                                             <edges>
                                                  <Edge fillStyle0="2" fillStyle1="1" edges="! 411 69| 400 55| 393 47| 388 40[ 382 35 372 35[ 204 35 171 74| 179 89| 191 100[ 247 153 272 153[ 361 153 402 123| 429 95| 411 69"/>
                                                  <Edge fillStyle0="0" fillStyle1="1" strokeStyle="1" edges="! 468 92| 467 118| 473 140| 473 144| 476 145[ 484 147 488 151| 524 149[ 555 149 564 172[ 569 184 567 197[ 567 245 499 257[ 430 269 430 294| 440 322[ 449 342 449 363[ 449 391 445 400| 435 414| 423 429[ 411 437 397 437[ 367 437 348 423[ 319 415 312 394[ 311 356 301 345[ 287 350 285 361| 286 377[ 286 394 271 411[ 251 434 213 434[ 175 434 152 414[ 137 400 137 392[ 137 379 143 360| 151 326| 133 325| 87 328[ 20 328 5 300[ -3 286 3 272[ 3 243 28 230| 82 214[ 125 204 144 179[ 144 169 149 158| 147 142| 148 125| 138 90| 138 89| 137 85[ 137 54 161 37[ 202 8 311 5| 393 8[ 404 6 426 27[ 468 68 468 92"/>
                                                  <Edge fillStyle0="1" fillStyle1="3" strokeStyle="0" edges="! 215 147[ 258 174 305 174[ 366 174 409 150| 430 137| 437 137| 439 137[ 436 224 319 229| 319 235| 330 245| 358 247[ 415 247 444 195"/>
                                                  <Edge fillStyle0="1" fillStyle1="4" strokeStyle="0" edges="! 444 195| 450 184| 451 180| 454 174| 493 178[ 528 175 534 191"/>
                                                  <Edge fillStyle0="1" fillStyle1="3" strokeStyle="0" edges="! 534 191| 535 198[ 535 220 466 234[ 396 248 396 293| 400 311| 387 312| 385 313[ 355 310 355 336| 358 361[ 367 384 398 384| 416 380[ 414 390 404 394| 368 395[ 360 390 348 348[ 337 313 311 313[ 272 313 261 355[ 251 396 232 396| 195 393"/>
                                                  <Edge fillStyle0="1" fillStyle1="4" strokeStyle="0" edges="! 195 393| 194 392| 185 388[ 175 382 175 373| 175 370| 184 371| 190 372| 195 372| 197 372"/>
                                                  <Edge fillStyle0="1" fillStyle1="3" strokeStyle="0" edges="! 197 372| 227 372[ 249 372 255 357| 258 332[ 258 309 199 316"/>
                                                  <Edge fillStyle0="1" fillStyle1="4" strokeStyle="0" edges="! 199 316| 192 316| 193 300| 189 276"/>
                                                  <Edge fillStyle0="1" fillStyle1="3" strokeStyle="0" edges="! 189 276[ 182 265 157 266[ 172 270 176 293[ 168 287 155 287[ 144 287 130 294| 79 300| 52 297"/>
                                                  <Edge fillStyle0="1" fillStyle1="4" strokeStyle="0" edges="! 52 297| 49 296| 43 293| 41 291| 38 285| 36 275[ 36 265 48 260[ 48 276 67 282"/>
                                                  <Edge fillStyle0="1" fillStyle1="3" strokeStyle="0" edges="! 67 282| 91 285[ 113 285 113 264"/>
                                                  <Edge fillStyle0="1" fillStyle1="4" strokeStyle="0" edges="! 113 264| 113 263| 110 254| 106 250| 105 252| 98 265| 91 270| 73 271[ 56 271 51 258| 61 255| 106 246| 110 245| 115 243[ 143 235 161 218| 168 212| 183 188| 185 182| 194 145| 194 132| 207 142| 215 147"/>
                                                  <Edge fillStyle0="3" fillStyle1="4" strokeStyle="0" edges="! 215 147| 216 156[ 216 181 210 191| 210 194[ 210 254 113 264"/>
                                                  <Edge fillStyle0="4" fillStyle1="3" strokeStyle="0" edges="! 444 195| 445 196| 482 201| 534 191"/>
                                                  <Edge fillStyle0="3" fillStyle1="1" strokeStyle="0" edges="! 407 329| 400 334| 380 331| 371 332| 369 336| 373 354[ 375 363 384 363| 404 358[ 412 354 415 353| 407 330| 407 329"/>
                                                  <Edge fillStyle0="4" fillStyle1="3" strokeStyle="0" edges="! 199 316| 215 314| 217 292[ 217 268 201 269[ 193 269 189 275| 189 276"/>
                                                  <Edge fillStyle0="3" fillStyle1="1" strokeStyle="0" edges="! 183 348| 209 351| 236 357| 240 357| 241 351[ 241 341 234 338| 186 337| 183 348"/>
                                                  <Edge fillStyle0="4" fillStyle1="3" strokeStyle="0" edges="! 52 297| 51 293| 67 282"/>
                                                  <Edge fillStyle0="4" fillStyle1="3" strokeStyle="0" edges="! 195 393| 197 372"/>
                                             </edges>
                                        </DOMShape>
                                   </elements>
                              </DOMFrame>
                              <DOMFrame index="1" keyMode="9728">
                                   <elements>
                                        <DOMSymbolInstance libraryItemName="Symbol 1666" symbolType="graphic" loop="loop">
                                             <matrix>
                                                  <Matrix tx="-5.6" ty="-3.25"/>
                                             </matrix>
                                             <transformationPoint>
                                                  <Point/>
                                             </transformationPoint>
                                        </DOMSymbolInstance>
                                   </elements>
                              </DOMFrame>
                         </frames>
                    </DOMLayer>
               </layers>
          </DOMTimeline>
     </timeline>
</DOMSymbolItem>
