<DOMSymbolItem xmlns="http://ns.adobe.com/xfl/2008/" xmlns:xsi="http://www.w3.org/2001/XMLSchema-instance" name="Symbol 1528" lastModified="1681431985" symbolType="graphic">
     <timeline>
          <DOMTimeline name="Symbol 1528" currentFrame="0">
               <layers>
                    <DOMLayer name="Layer 1">
                         <frames>
                              <DOMFrame index="0" motionTweenScale="false" keyMode="8192">
                                   <elements>
                                        <DOMShape isFloating="true">
                                             <fills>
                                                  <FillStyle index="1">
                                                       <SolidColor color="#000000"/>
                                                  </FillStyle>
                                                  <FillStyle index="2">
                                                       <SolidColor color="#792020"/>
                                                  </FillStyle>
                                             </fills>
                                             <strokes/>
                                             <edges>
                                                  <Edge fillStyle0="2" fillStyle1="1" edges="! 430 32| 430 31[ 430 26 422 24| 420 11| 423 -21| 421 -24[ 415 -18 404 -18[ 390 -18 386 -29| 384 -42| 385 -138| 387 -183[ 390 -203 412 -209[ 432 -215 432 -229| 429 -310| 429 -350[ 422 -375 378 -384| 358 -384[ 304 -348 304 -292[ 304 -263 332 -198[ 360 -134 360 -108[ 361 -33 347 -9| 343 -10"/>
                                                  <Edge fillStyle0="2" fillStyle1="0" edges="! 343 -10| 342 -10| 342 -3| 342 0| 340 6| 348 27[ 361 46 387 46| 421 43| 430 32"/>
                                                  <Edge fillStyle0="1" fillStyle1="0" edges="! 430 32| 438 33[ 446 33 450 19| 453 0| 448 -34[ 437 -65 411 -49| 411 -171| 442 -201[ 462 -217 459 -240| 460 -313| 460 -328| 462 -324[ 476 -300 508 -300[ 530 -300 543 -323| 552 -349[ 552 -400 503 -398[ 458 -395 454 -359[ 446 -382 431 -397[ 405 -422 367 -416[ 329 -411 302 -379[ 273 -344 273 -294[ 273 -239 306 -184[ 339 -129 339 -44[ 339 -19 343 -10"/>
                                                  <Edge fillStyle0="2" fillStyle1="1" edges="! 343 -489[ 330 -508 304 -501| 291 -483[ 291 -473 297 -462[ 306 -444 327 -444[ 351 -444 351 -468| 343 -489"/>
                                                  <Edge fillStyle0="0" fillStyle1="1" edges="! 335 -412[ 298 -412 279 -434[ 267 -449 267 -463[ 267 -536 323 -531[ 378 -527 378 -468[ 376 -412 335 -412"/>
                                                  <Edge fillStyle0="0" fillStyle1="1" edges="! 215 -34[ 234 -25 234 2| 230 44[ 225 74 225 105[ 225 129 219 140[ 206 166 164 166[ 138 166 124 133| 115 99[ 115 5 175 -29[ 198 -42 215 -34"/>
                                                  <Edge fillStyle0="2" fillStyle1="1" edges="! 519 -339| 523 -349[ 523 -370 502 -374[ 480 -377 480 -354[ 480 -331 507 -331| 519 -339"/>
                                                  <Edge fillStyle0="2" fillStyle1="1" edges="! 555 -176[ 569 -153 598 -153[ 634 -153 646 -186| 651 -220[ 651 -235 644 -243| 616 -265[ 577 -266 559 -239[ 547 -223 547 -204[ 547 -190 555 -176"/>
                                                  <Edge fillStyle0="0" fillStyle1="1" edges="! 519 -189[ 519 -290 600 -297[ 632 -300 656 -280[ 681 -258 681 -220[ 681 -186 673 -168[ 654 -123 592 -123[ 555 -123 533 -155[ 519 -176 519 -189"/>
                                                  <Edge fillStyle0="2" fillStyle1="1" edges="! 151 118[ 161 135 175 135[ 199 135 198 106| 193 69| 204 0[ 204 -21 178 2[ 151 25 151 54| 144 95[ 144 104 151 118"/>
                                             </edges>
                                        </DOMShape>
                                   </elements>
                              </DOMFrame>
                         </frames>
                    </DOMLayer>
               </layers>
          </DOMTimeline>
     </timeline>
</DOMSymbolItem>
