<DOMSymbolItem xmlns="http://ns.adobe.com/xfl/2008/" xmlns:xsi="http://www.w3.org/2001/XMLSchema-instance" name="Symbol 1924" lastModified="1681431985" symbolType="graphic">
     <timeline>
          <DOMTimeline name="Symbol 1924" currentFrame="0">
               <layers>
                    <DOMLayer name="Layer 1">
                         <frames>
                              <DOMFrame index="0" motionTweenScale="false" keyMode="8192">
                                   <elements>
                                        <DOMShape isFloating="true">
                                             <fills>
                                                  <FillStyle index="1">
                                                       <SolidColor color="#cccccc" alpha="0.4"/>
                                                  </FillStyle>
                                             </fills>
                                             <strokes/>
                                             <edges>
                                                  <Edge fillStyle0="0" fillStyle1="0" strokeStyle="0" edges="! 0 0"/>
                                                  <Edge fillStyle0="1" fillStyle1="0" strokeStyle="0" edges="! 287 488| 287 509| 281 526[ 270 536 253 535[ 228 535 223 524| 214 516| 214 510[ 209 507 211 502[ 210 469 249 463[ 279 459 287 488"/>
                                                  <Edge fillStyle0="1" fillStyle1="0" strokeStyle="0" edges="! 214 418[ 200 433 193 448[ 172 469 172 495| 172 497[ 170 509 171 520| 181 549[ 196 576 227 579| 228 579| 227 587[ 224 606 247 605| 256 603[ 256 623 281 627[ 294 626 307 612| 314 597| 315 597| 315 599[ 314 608 320 616[ 327 626 341 626[ 361 620 369 606| 372 593| 372 588| 395 588[ 414 584 414 569| 413 555| 419 554[ 437 543 441 514[ 453 422 355 389| 286 385[ 242 386 214 418"/>
                                                  <Edge fillStyle0="0" fillStyle1="1" strokeStyle="0" edges="! 354 523| 394 529[ 412 528 418 515| 420 502[ 421 471 388 469[ 354 464 352 504[ 348 518 354 523"/>
                                             </edges>
                                        </DOMShape>
                                   </elements>
                              </DOMFrame>
                         </frames>
                    </DOMLayer>
                    <DOMLayer name="Layer 2">
                         <frames>
                              <DOMFrame index="0" motionTweenScale="false" keyMode="8192">
                                   <elements>
                                        <DOMShape isFloating="true">
                                             <fills>
                                                  <FillStyle index="1">
                                                       <SolidColor color="#333333" alpha="1.0"/>
                                                  </FillStyle>
                                                  <FillStyle index="2">
                                                       <SolidColor color="#000000" alpha="1.0"/>
                                                  </FillStyle>
                                                  <FillStyle index="3">
                                                       <SolidColor color="#4d4d4d" alpha="1.0"/>
                                                  </FillStyle>
                                                  <FillStyle index="4">
                                                       <SolidColor color="#595959" alpha="1.0"/>
                                                  </FillStyle>
                                             </fills>
                                             <strokes/>
                                             <edges>
                                                  <Edge fillStyle0="0" fillStyle1="0" strokeStyle="0" edges="! 0 0"/>
                                                  <Edge fillStyle0="1" fillStyle1="2" strokeStyle="0" edges="! 428 394[ 381 322 301 335[ 167 360 125 416[ 100 450 100 522[ 100 573 137 611[ 186 662 281 662[ 388 662 434 581[ 461 535 461 488[ 461 444 428 394"/>
                                                  <Edge fillStyle0="0" fillStyle1="2" strokeStyle="0" edges="! 518 487[ 518 554 481 617[ 418 721 281 721[ 145 721 81 640[ 40 587 40 526[ 40 426 100 359| 86 331[ 68 288 68 276[ 68 250 115 220| 121 216| 108 188[ 94 141 82 141[ 53 141 45 178| 43 222[ 43 235 27 253[ 9 274 -13 274[ -30 274 -30 258[ -30 246 -11 238[ 10 229 13 209[ 16 195 9 164[ 9 114 53 97| 129 101[ 145 118 164 160| 178 193| 231 186[ 257 186 276 234| 289 274[ 380 270 443 322[ 518 381 518 487"/>
                                                  <Edge fillStyle0="1" fillStyle1="3" strokeStyle="0" edges="! 187 254[ 209 246 209 269[ 209 280 198 287| 176 293| 164 288[ 157 286 158 278[ 158 269 167 268[ 172 258 187 254"/>
                                                  <Edge fillStyle0="1" fillStyle1="2" strokeStyle="0" edges="! 124 282| 142 321[ 187 288 244 278| 243 276[ 228 241 225 241[ 212 241 171 259[ 136 275 124 282"/>
                                                  <Edge fillStyle0="3" fillStyle1="4" strokeStyle="0" edges="! 187 487| 183 496[ 179 503 171 503[ 157 503 153 495| 151 487[ 151 472 169 471[ 187 470 187 487"/>
                                                  <Edge fillStyle0="3" fillStyle1="4" strokeStyle="0" edges="! 176 435[ 187 381 245 381[ 270 381 281 401| 287 422[ 287 441 274 454[ 255 473 213 473[ 188 473 181 455[ 176 447 176 435"/>
                                                  <Edge fillStyle0="1" fillStyle1="3" strokeStyle="0" edges="! 365 420[ 365 458 330 509[ 281 579 204 579[ 148 579 127 542[ 116 524 116 501[ 116 406 180 382[ 287 342 333 364[ 365 379 365 420"/>
                                             </edges>
                                        </DOMShape>
                                   </elements>
                              </DOMFrame>
                         </frames>
                    </DOMLayer>
                    <DOMLayer name="Layer 3">
                         <frames>
                              <DOMFrame index="0" motionTweenScale="false" keyMode="8192">
                                   <elements>
                                        <DOMShape isFloating="true">
                                             <fills>
                                                  <FillStyle index="1">
                                                       <SolidColor color="#000000" alpha="1.0"/>
                                                  </FillStyle>
                                                  <FillStyle index="2">
                                                       <SolidColor color="#333333" alpha="1.0"/>
                                                  </FillStyle>
                                                  <FillStyle index="3">
                                                       <SolidColor color="#4d4d4d" alpha="1.0"/>
                                                  </FillStyle>
                                                  <FillStyle index="4">
                                                       <SolidColor color="#595959" alpha="1.0"/>
                                                  </FillStyle>
                                             </fills>
                                             <strokes/>
                                             <edges>
                                                  <Edge fillStyle0="1" edges="! 640 197[ 635 188 618 189[ 599 192 589 179[ 580 171 573 145[ 552 109 513 115[ 479 120 460 150[ 456 168 460 206| 463 236| 441 243| 444 243| 438 250| 428 298| 427 324[ 356 347 314 419[ 289 463 296 518[ 308 603 406 660[ 505 717 594 668[ 647 637 674 589[ 719 513 689 439[ 666 376 598 340| 606 307[ 612 264 593 253| 574 243| 571 243[ 557 231 520 230| 514 229| 511 203[ 502 164 511 159[ 532 147 553 170| 572 201[ 578 210 597 216| 634 215[ 647 208 640 197"/>
                                                  <Edge fillStyle0="2" fillStyle1="3" edges="! 533 284[ 553 287 543 304[ 539 312 528 312| 509 307| 502 299[ 498 294 502 289[ 506 283 513 285| 533 284"/>
                                                  <Edge fillStyle0="2" fillStyle1="1" edges="! 564 323| 566 291[ 557 285 519 281| 476 278| 472 313[ 519 309 564 325| 564 323"/>
                                                  <Edge fillStyle0="3" fillStyle1="4" edges="! 430 456| 418 456[ 408 450 408 444| 410 437[ 417 426 430 432[ 443 440 436 452| 430 456"/>
                                                  <Edge fillStyle0="3" fillStyle1="4" edges="! 445 426| 450 409[ 481 376 523 400[ 541 410 539 429| 535 446| 512 464[ 491 470 460 453[ 442 442 445 426"/>
                                                  <Edge fillStyle0="2" fillStyle1="3" edges="! 592 478[ 576 505 530 527[ 465 557 410 525[ 370 502 371 467[ 370 449 380 432[ 419 364 475 373[ 569 388 593 424[ 609 448 592 478"/>
                                                  <Edge fillStyle0="2" fillStyle1="1" edges="! 421 375[ 389 389 359 441[ 338 478 349 520[ 363 577 431 617[ 509 661 575 623[ 613 600 633 567[ 651 535 648 485[ 645 414 582 389[ 474 351 421 375"/>
                                             </edges>
                                        </DOMShape>
                                   </elements>
                              </DOMFrame>
                         </frames>
                    </DOMLayer>
               </layers>
          </DOMTimeline>
     </timeline>
</DOMSymbolItem>
