<DOMSymbolItem xmlns="http://ns.adobe.com/xfl/2008/" xmlns:xsi="http://www.w3.org/2001/XMLSchema-instance" name="Symbol 2185" lastModified="1681431985" symbolType="graphic">
     <timeline>
          <DOMTimeline name="Symbol 2185" currentFrame="0">
               <layers>
                    <DOMLayer name="Layer 1">
                         <frames>
                              <DOMFrame index="0" motionTweenScale="false" keyMode="8192">
                                   <elements>
                                        <DOMShape isFloating="true">
                                             <fills>
                                                  <FillStyle index="1">
                                                       <SolidColor color="#333333" alpha="1.0"/>
                                                  </FillStyle>
                                                  <FillStyle index="2">
                                                       <SolidColor color="#000000" alpha="1.0"/>
                                                  </FillStyle>
                                                  <FillStyle index="3">
                                                       <SolidColor color="#333333" alpha="0.3019608"/>
                                                  </FillStyle>
                                                  <FillStyle index="4">
                                                       <SolidColor color="#222222" alpha="1.0"/>
                                                  </FillStyle>
                                             </fills>
                                             <strokes/>
                                             <edges>
                                                  <Edge fillStyle0="2" fillStyle1="4" edges="! 490 87| 573 82| 573 86| 558 244| 554 301| 535 305[ 464 332 449 333| 342 332| 317 332| 291 327| 277 307| 271 225| 270 214"/>
                                                  <Edge fillStyle0="2" fillStyle1="1" edges="! 270 214| 265 168| 260 111| 259 102| 361 94| 490 87"/>
                                                  <Edge fillStyle0="4" fillStyle1="1" edges="! 490 87| 498 119| 491 155[ 479 197 459 220[ 412 275 327 247[ 292 236 270 214"/>
                                                  <Edge fillStyle0="2" fillStyle1="0" edges="! 670 454| 696 427[ 704 388 639 384| 613 383| 619 287[ 628 144 635 99[ 647 40 597 22| 478 18| 342 28| 239 45| 234 44| 214 52| 190 63| 188 69[ 200 290 217 386| 202 389[ 177 395 164 404| 159 405[ 123 414 118 436[ 109 466 154 484"/>
                                                  <Edge fillStyle0="2" fillStyle1="3" edges="! 154 484| 165 487[ 266 520 455 508| 476 506| 477 506| 483 508| 545 492| 651 467| 670 454"/>
                                                  <Edge fillStyle0="0" fillStyle1="3" edges="! 670 454[ 648 532 526 568[ 388 606 228 555[ 169 536 155 510[ 149 501 153 487| 154 484"/>
                                                  <Edge fillStyle0="1" fillStyle1="2" edges="! 489 382[ 429 391 370 384| 294 375[ 302 397 299 415| 386 416[ 534 422 544 387| 546 369| 489 382"/>
                                             </edges>
                                        </DOMShape>
                                   </elements>
                              </DOMFrame>
                         </frames>
                    </DOMLayer>
               </layers>
          </DOMTimeline>
     </timeline>
</DOMSymbolItem>
