<DOMSymbolItem xmlns="http://ns.adobe.com/xfl/2008/" xmlns:xsi="http://www.w3.org/2001/XMLSchema-instance" name="Symbol 2255" lastModified="1681431985">
     <timeline>
          <DOMTimeline name="Symbol 2255">
               <layers>
                    <DOMLayer name="Layer 1" color="#bded82" current="true" isSelected="true">
                         <frames>
                              <DOMFrame index="0" keyMode="9728">
                                   <elements>
                                        <DOMShape isFloating="true">
                                             <fills>
                                                  <FillStyle index="1">
                                                       <SolidColor color="#999999"/>
                                                  </FillStyle>
                                                  <FillStyle index="2">
                                                       <SolidColor color="#777777"/>
                                                  </FillStyle>
                                                  <FillStyle index="3">
                                                       <SolidColor color="#000000"/>
                                                  </FillStyle>
                                                  <FillStyle index="4">
                                                       <SolidColor color="#ccff99"/>
                                                  </FillStyle>
                                             </fills>
                                             <strokes/>
                                             <edges>
                                                  <Edge fillStyle0="1" fillStyle1="2" edges="! 596 359[ 602 344 624 334[ 654 322 654 301[ 654 271 635 236| 617 195"/>
                                                  <Edge fillStyle0="1" fillStyle1="3" edges="! 617 195| 599 178| 569 152| 570 173[ 570 231 553 251| 550 255"/>
                                                  <Edge fillStyle0="1" fillStyle1="2" edges="! 550 255| 524 288[ 486 327 442 327| 376 317| 370 317[ 324 317 305 283| 299 267"/>
                                                  <Edge fillStyle0="1" fillStyle1="3" edges="! 299 267| 281 251[ 265 231 265 173| 266 152| 235 178| 216 196"/>
                                                  <Edge fillStyle0="1" fillStyle1="2" edges="! 216 196| 213 203[ 202 227 202 234[ 202 255 218 289| 236 326| 247 330[ 298 350 313 365"/>
                                                  <Edge fillStyle0="1" fillStyle1="3" edges="! 313 365| 369 368| 465 368| 596 359"/>
                                                  <Edge fillStyle0="2" fillStyle1="3" edges="! 596 359| 668 349[ 688 340 726 334"/>
                                                  <Edge fillStyle0="2" fillStyle1="1" edges="! 726 334| 727 330"/>
                                                  <Edge fillStyle0="2" fillStyle1="3" edges="! 727 330| 727 329| 716 312| 617 195"/>
                                                  <Edge fillStyle0="0" fillStyle1="3" edges="! 561 109[ 646 112 728 212[ 799 299 799 341[ 799 383 727 401| 470 424| 365 424| 108 401[ 36 383 36 341[ 36 299 107 212[ 188 112 274 109[ 287 69 316 42[ 352 10 401 2| 401 0| 407 0| 417 1| 428 0| 434 0| 434 2[ 483 10 519 42[ 548 69 561 109"/>
                                                  <Edge fillStyle0="4" fillStyle1="3" edges="! 457 73[ 440 64 417 62| 394 66| 394 136| 386 144[ 374 132 374 109| 375 74[ 335 95 330 155| 409 158| 417 159| 420 167| 417 177| 409 179| 329 179[ 330 204 339 218[ 354 239 389 246| 389 221| 397 214| 402 241| 402 248| 417 249[ 475 247 496 218[ 506 202 506 172[ 506 118 481 90| 484 149| 470 163| 457 148| 456 88| 457 73"/>
                                                  <Edge fillStyle0="3" fillStyle1="2" edges="! 299 267[ 323 283 368 291| 398 295| 401 295| 401 296| 407 296| 416 296| 434 296| 434 295[ 520 287 550 255"/>
                                                  <Edge fillStyle0="3" fillStyle1="1" edges="! 727 330| 728 331| 728 333| 726 334"/>
                                                  <Edge fillStyle0="3" fillStyle1="2" edges="! 108 330| 148 273[ 175 238 208 205| 216 196"/>
                                                  <Edge fillStyle0="1" fillStyle1="2" edges="! 111 334| 108 330"/>
                                                  <Edge fillStyle0="1" fillStyle1="3" edges="! 108 330| 107 331| 107 333| 111 334"/>
                                                  <Edge fillStyle0="2" fillStyle1="3" edges="! 111 334[ 148 340 167 349| 195 354| 217 357| 243 359| 313 365"/>
                                             </edges>
                                        </DOMShape>
                                   </elements>
                              </DOMFrame>
                              <DOMFrame index="1" keyMode="9728">
                                   <elements>
                                        <DOMShape isFloating="true">
                                             <fills>
                                                  <FillStyle index="1">
                                                       <SolidColor color="#000000"/>
                                                  </FillStyle>
                                                  <FillStyle index="2">
                                                       <SolidColor color="#999999"/>
                                                  </FillStyle>
                                                  <FillStyle index="3">
                                                       <SolidColor color="#777777"/>
                                                  </FillStyle>
                                                  <FillStyle index="4">
                                                       <SolidColor color="#ccff99"/>
                                                  </FillStyle>
                                             </fills>
                                             <strokes/>
                                             <edges>
                                                  <Edge fillStyle1="1" edges="! 640 -3[ 570 4 521 39[ 493 60 482 79| 372 75| 242 75[ 158 88 126 121[ 106 141 77 198| 35 261[ 5 308 5 328[ 5 361 123 395[ 254 431 422 431[ 605 431 714 388[ 797 356 797 327[ 776 260 754 238[ 770 216 777 182| 782 35[ 782 16 769 9[ 746 -4 672 -5| 654 -4| 654 -5| 640 -3"/>
                                                  <Edge fillStyle0="3" fillStyle1="1" edges="! 668 340| 644 347[ 547 375 422 375[ 274 375 165 347[ 110 333 71 315[ 106 245 142 206| 187 155| 206 144| 224 136[ 276 120 364 120"/>
                                                  <Edge fillStyle0="3" fillStyle1="2" edges="! 364 120| 369 139| 352 180[ 336 215 336 239[ 336 258 379 290[ 436 332 519 332| 625 322[ 646 322 659 330| 668 340"/>
                                                  <Edge fillStyle0="1" fillStyle1="2" edges="! 668 340| 734 317| 715 286| 706 270| 679 273[ 560 273 507 198[ 483 164 477 126| 452 123| 370 120| 364 120"/>
                                                  <Edge fillStyle0="3" fillStyle1="1" edges="! 588 198| 566 181| 562 177| 560 175| 524 133| 525 132| 526 121| 524 104[ 532 86 555 71| 573 61"/>
                                                  <Edge fillStyle0="3" fillStyle1="2" edges="! 573 61[ 590 76 599 102"/>
                                                  <Edge fillStyle0="3" fillStyle1="1" edges="! 599 102[ 599 158 605 193"/>
                                                  <Edge fillStyle0="3" fillStyle1="2" edges="! 605 193| 604 194| 596 203| 588 198"/>
                                                  <Edge fillStyle0="1" fillStyle1="2" edges="! 588 198| 608 210| 605 193"/>
                                                  <Edge fillStyle0="2" fillStyle1="1" edges="! 573 61[ 587 55 604 51[ 599 72 599 96| 599 102"/>
                                                  <Edge fillStyle0="2" fillStyle1="1" edges="! 641 222| 621 216[ 615 178 612 96[ 612 77 629 45| 669 41[ 655 56 648 75[ 641 96 641 157[ 641 204 644 214"/>
                                                  <Edge fillStyle0="2" fillStyle1="0" edges="! 644 214| 641 222"/>
                                                  <Edge fillStyle0="1" fillStyle1="0" edges="! 641 222| 647 223| 644 214"/>
                                                  <Edge fillStyle0="4" fillStyle1="1" edges="! 731 68[ 747 104 747 128| 742 182[ 730 220 692 225[ 674 168 674 157| 678 92[ 683 68 700 34[ 718 38 731 68"/>
                                             </edges>
                                        </DOMShape>
                                   </elements>
                              </DOMFrame>
                              <DOMFrame index="2" keyMode="9728">
                                   <elements>
                                        <DOMShape isFloating="true">
                                             <fills>
                                                  <FillStyle index="1">
                                                       <SolidColor color="#000000"/>
                                                  </FillStyle>
                                                  <FillStyle index="2">
                                                       <SolidColor color="#999999"/>
                                                  </FillStyle>
                                                  <FillStyle index="3">
                                                       <SolidColor color="#777777"/>
                                                  </FillStyle>
                                             </fills>
                                             <strokes/>
                                             <edges>
                                                  <Edge fillStyle1="1" edges="! 519 -1[ 565 23 565 66[ 661 80 728 141[ 805 211 805 269| 805 318[ 802 339 779 351[ 733 374 480 410| 316 410| 103 365[ 30 349 30 323| 39 307| 37 293[ 37 240 108 158[ 168 88 226 89[ 249 75 273 66| 273 65[ 273 27 319 2[ 360 -20 419 -21[ 479 -22 519 -1"/>
                                                  <Edge fillStyle0="3" fillStyle1="1" edges="! 753 303[ 752 237 698 189| 697 188[ 670 165 635 151"/>
                                                  <Edge fillStyle0="3" fillStyle1="2" edges="! 635 151| 595 182[ 516 242 421 242| 272 228[ 203 214 203 193| 214 162"/>
                                                  <Edge fillStyle0="3" fillStyle1="1" edges="! 214 162[ 177 179 156 206[ 144 221 122 264| 112 282| 112 286| 109 319[ 257 344 321 360| 475 360| 635 337| 708 324"/>
                                                  <Edge fillStyle0="3" fillStyle1="2" edges="! 708 324| 725 320| 753 303"/>
                                                  <Edge fillStyle0="1" fillStyle1="2" edges="! 753 303| 753 305[ 753 314 708 324"/>
                                                  <Edge fillStyle0="2" fillStyle1="1" edges="! 478 32[ 361 22 333 53[ 381 49 433 66| 507 62| 478 32"/>
                                                  <Edge fillStyle0="2" fillStyle1="1" edges="! 635 151[ 538 111 370 127[ 272 133 214 162"/>
                                             </edges>
                                        </DOMShape>
                                   </elements>
                              </DOMFrame>
                              <DOMFrame index="3" keyMode="9728">
                                   <elements>
                                        <DOMShape isFloating="true">
                                             <fills>
                                                  <FillStyle index="1">
                                                       <SolidColor color="#000000"/>
                                                  </FillStyle>
                                                  <FillStyle index="2">
                                                       <SolidColor color="#999999"/>
                                                  </FillStyle>
                                                  <FillStyle index="3">
                                                       <SolidColor color="#777777"/>
                                                  </FillStyle>
                                                  <FillStyle index="4">
                                                       <SolidColor color="#ccff99"/>
                                                  </FillStyle>
                                             </fills>
                                             <strokes/>
                                             <edges>
                                                  <Edge fillStyle1="1" edges="! 138 -4| 138 -5| 152 -3[ 222 4 271 39[ 299 60 310 79| 420 75| 550 75[ 634 88 666 121[ 686 141 715 198| 757 261[ 787 308 787 328[ 787 361 669 395[ 538 431 370 431[ 187 431 78 388[ -5 356 -5 327[ 16 260 38 238[ 22 216 15 182[ 10 156 10 35[ 10 16 23 9[ 46 -4 120 -5| 138 -4"/>
                                                  <Edge fillStyle0="3" fillStyle1="1" edges="! 124 340| 148 347[ 245 375 370 375[ 518 375 627 347[ 682 333 721 315[ 686 245 650 206| 605 155| 586 144| 568 136[ 516 120 428 120"/>
                                                  <Edge fillStyle0="3" fillStyle1="2" edges="! 428 120[ 423 128 423 139| 440 180[ 456 215 456 239[ 456 258 413 290[ 356 332 273 332| 167 322| 133 330| 124 340"/>
                                                  <Edge fillStyle0="1" fillStyle1="2" edges="! 124 340| 58 317| 77 286| 86 270| 113 273[ 232 273 285 198[ 309 164 315 126| 340 123| 422 120| 428 120"/>
                                                  <Edge fillStyle0="3" fillStyle1="1" edges="! 204 198| 226 181| 230 177| 232 175| 268 133| 267 132| 266 121| 268 104[ 260 86 237 71| 219 61"/>
                                                  <Edge fillStyle0="3" fillStyle1="2" edges="! 219 61[ 202 76 193 102"/>
                                                  <Edge fillStyle0="3" fillStyle1="1" edges="! 193 102| 187 193"/>
                                                  <Edge fillStyle0="3" fillStyle1="2" edges="! 187 193| 188 194| 196 203| 204 198"/>
                                                  <Edge fillStyle0="1" fillStyle1="2" edges="! 204 198| 184 210| 187 193"/>
                                                  <Edge fillStyle0="2" fillStyle1="1" edges="! 219 61| 188 51| 193 96| 193 102"/>
                                                  <Edge fillStyle0="2" fillStyle1="1" edges="! 151 222| 171 216| 180 96[ 180 77 163 45| 123 41[ 137 56 144 75[ 151 96 151 157| 148 214"/>
                                                  <Edge fillStyle0="2" fillStyle1="0" edges="! 148 214| 151 222"/>
                                                  <Edge fillStyle0="1" fillStyle1="0" edges="! 151 222| 145 223| 148 214"/>
                                                  <Edge fillStyle0="4" fillStyle1="1" edges="! 61 68[ 45 104 45 128[ 45 167 50 182[ 62 220 100 225| 118 157| 114 92[ 109 68 92 34[ 74 38 61 68"/>
                                             </edges>
                                        </DOMShape>
                                   </elements>
                              </DOMFrame>
                         </frames>
                    </DOMLayer>
               </layers>
          </DOMTimeline>
     </timeline>
</DOMSymbolItem>
