<DOMSymbolItem xmlns="http://ns.adobe.com/xfl/2008/" xmlns:xsi="http://www.w3.org/2001/XMLSchema-instance" name="Symbol 2286" lastModified="1681431985">
     <timeline>
          <DOMTimeline name="Symbol 2286">
               <layers>
                    <DOMLayer name="Layer 1" color="#37b6e2" current="true" isSelected="true">
                         <frames>
                              <DOMFrame index="0" keyMode="9728">
                                   <elements>
                                        <DOMSymbolInstance libraryItemName="Symbol 2285" centerPoint3DX="12.05" centerPoint3DY="9.55">
                                             <matrix>
                                                  <Matrix tx="0.8" ty="0.15" a="0.9120941162109375" d="0.9120941162109375"/>
                                             </matrix>
                                             <transformationPoint>
                                                  <Point/>
                                             </transformationPoint>
                                        </DOMSymbolInstance>
                                   </elements>
                              </DOMFrame>
                              <DOMFrame index="1" keyMode="9728">
                                   <elements>
                                        <DOMSymbolInstance libraryItemName="Symbol 2285" centerPoint3DX="36.7" centerPoint3DY="6.7">
                                             <matrix>
                                                  <Matrix tx="25.45" ty="-2.7" a="-0.8878936767578125" d="0.9015655517578125" b="0.2274017333984375" c="0.1382293701171875"/>
                                             </matrix>
                                             <transformationPoint>
                                                  <Point/>
                                             </transformationPoint>
                                        </DOMSymbolInstance>
                                   </elements>
                              </DOMFrame>
                              <DOMFrame index="2" keyMode="9728">
                                   <elements/>
                              </DOMFrame>
                              <DOMFrame index="3" keyMode="9728">
                                   <elements>
                                        <DOMSymbolInstance libraryItemName="Symbol 2285" centerPoint3DX="6.9" centerPoint3DY="6.7">
                                             <matrix>
                                                  <Matrix tx="-4.35" ty="-2.7" a="0.8878936767578125" d="0.9015655517578125" b="0.2274017333984375" c="-0.1382293701171875"/>
                                             </matrix>
                                             <transformationPoint>
                                                  <Point/>
                                             </transformationPoint>
                                        </DOMSymbolInstance>
                                   </elements>
                              </DOMFrame>
                         </frames>
                    </DOMLayer>
               </layers>
          </DOMTimeline>
     </timeline>
</DOMSymbolItem>
