<DOMSymbolItem xmlns="http://ns.adobe.com/xfl/2008/" xmlns:xsi="http://www.w3.org/2001/XMLSchema-instance" name="Symbol 1397" lastModified="1681431985">
     <timeline>
          <DOMTimeline name="Symbol 1397">
               <layers>
                    <DOMLayer name="Script Layer" color="#8de7e2">
                         <frames>
                              <DOMFrame index="0" duration="22" keyMode="9728">
                                   <elements/>
                              </DOMFrame>
                              <DOMFrame index="22" keyMode="9728">
                                   <Actionscript>
                                        <script>stop();
</script>
                                   </Actionscript>
                                   <elements/>
                              </DOMFrame>
                         </frames>
                    </DOMLayer>
                    <DOMLayer name="Layer 2" color="#16feea">
                         <frames>
                              <DOMFrame index="0" duration="22" keyMode="9728">
                                   <elements>
                                        <DOMSymbolInstance libraryItemName="Symbol 1396" centerPoint3DX="81.6" centerPoint3DY="77.85">
                                             <matrix>
                                                  <Matrix tx="24.95" ty="4.9" a="-1.0" d="-0.7373046875"/>
                                             </matrix>
                                             <transformationPoint>
                                                  <Point/>
                                             </transformationPoint>
                                             <color>
                                                  <Color redMultiplier="0.0390625" greenMultiplier="0.0390625" blueMultiplier="0.0390625" redOffset="134" greenOffset="86"/>
                                             </color>
                                        </DOMSymbolInstance>
                                   </elements>
                              </DOMFrame>
                              <DOMFrame index="22" keyMode="9728">
                                   <elements/>
                              </DOMFrame>
                         </frames>
                    </DOMLayer>
                    <DOMLayer name="Layer 3" color="#1af0af">
                         <frames>
                              <DOMFrame index="0" keyMode="9728">
                                   <elements>
                                        <DOMSymbolInstance libraryItemName="Symbol 416" symbolType="graphic" loop="loop">
                                             <matrix>
                                                  <Matrix tx="13.4" ty="-32.5" a="0.3886566162109375" d="1.0627899169921875"/>
                                             </matrix>
                                             <transformationPoint>
                                                  <Point/>
                                             </transformationPoint>
                                             <color>
                                                  <Color redMultiplier="0.0390625" greenMultiplier="0.0390625" blueMultiplier="0.0390625" redOffset="87" greenOffset="60" blueOffset="43"/>
                                             </color>
                                        </DOMSymbolInstance>
                                   </elements>
                              </DOMFrame>
                              <DOMFrame index="1" keyMode="9728">
                                   <elements>
                                        <DOMSymbolInstance libraryItemName="Symbol 417" symbolType="graphic" loop="loop">
                                             <matrix>
                                                  <Matrix tx="13.4" ty="-32.5" a="0.3886566162109375" d="1.0627899169921875"/>
                                             </matrix>
                                             <transformationPoint>
                                                  <Point/>
                                             </transformationPoint>
                                             <color>
                                                  <Color redMultiplier="0.0390625" greenMultiplier="0.0390625" blueMultiplier="0.0390625" redOffset="87" greenOffset="60" blueOffset="43"/>
                                             </color>
                                        </DOMSymbolInstance>
                                   </elements>
                              </DOMFrame>
                              <DOMFrame index="2" keyMode="9728">
                                   <elements>
                                        <DOMSymbolInstance libraryItemName="Symbol 419" symbolType="graphic" loop="loop">
                                             <matrix>
                                                  <Matrix tx="13.4" ty="-32.5" a="0.3886566162109375" d="1.0627899169921875"/>
                                             </matrix>
                                             <transformationPoint>
                                                  <Point/>
                                             </transformationPoint>
                                             <color>
                                                  <Color redMultiplier="0.0390625" greenMultiplier="0.0390625" blueMultiplier="0.0390625" redOffset="87" greenOffset="60" blueOffset="43"/>
                                             </color>
                                        </DOMSymbolInstance>
                                   </elements>
                              </DOMFrame>
                              <DOMFrame index="3" keyMode="9728">
                                   <elements>
                                        <DOMSymbolInstance libraryItemName="Symbol 421" symbolType="graphic" loop="loop">
                                             <matrix>
                                                  <Matrix tx="13.4" ty="-32.5" a="0.3886566162109375" d="1.0627899169921875"/>
                                             </matrix>
                                             <transformationPoint>
                                                  <Point/>
                                             </transformationPoint>
                                             <color>
                                                  <Color redMultiplier="0.0390625" greenMultiplier="0.0390625" blueMultiplier="0.0390625" redOffset="87" greenOffset="60" blueOffset="43"/>
                                             </color>
                                        </DOMSymbolInstance>
                                   </elements>
                              </DOMFrame>
                              <DOMFrame index="4" keyMode="9728">
                                   <elements>
                                        <DOMSymbolInstance libraryItemName="Symbol 423" symbolType="graphic" loop="loop">
                                             <matrix>
                                                  <Matrix tx="13.4" ty="-32.5" a="0.3886566162109375" d="1.0627899169921875"/>
                                             </matrix>
                                             <transformationPoint>
                                                  <Point/>
                                             </transformationPoint>
                                             <color>
                                                  <Color redMultiplier="0.0390625" greenMultiplier="0.0390625" blueMultiplier="0.0390625" redOffset="87" greenOffset="60" blueOffset="43"/>
                                             </color>
                                        </DOMSymbolInstance>
                                   </elements>
                              </DOMFrame>
                              <DOMFrame index="5" keyMode="9728">
                                   <elements>
                                        <DOMSymbolInstance libraryItemName="Symbol 425" symbolType="graphic" loop="loop">
                                             <matrix>
                                                  <Matrix tx="13.4" ty="-32.5" a="0.3886566162109375" d="1.0627899169921875"/>
                                             </matrix>
                                             <transformationPoint>
                                                  <Point/>
                                             </transformationPoint>
                                             <color>
                                                  <Color redMultiplier="0.0390625" greenMultiplier="0.0390625" blueMultiplier="0.0390625" redOffset="87" greenOffset="60" blueOffset="43"/>
                                             </color>
                                        </DOMSymbolInstance>
                                   </elements>
                              </DOMFrame>
                              <DOMFrame index="6" keyMode="9728">
                                   <elements>
                                        <DOMSymbolInstance libraryItemName="Symbol 426" symbolType="graphic" loop="loop">
                                             <matrix>
                                                  <Matrix tx="13.4" ty="-32.5" a="0.3886566162109375" d="1.0627899169921875"/>
                                             </matrix>
                                             <transformationPoint>
                                                  <Point/>
                                             </transformationPoint>
                                             <color>
                                                  <Color redMultiplier="0.0390625" greenMultiplier="0.0390625" blueMultiplier="0.0390625" redOffset="87" greenOffset="60" blueOffset="43"/>
                                             </color>
                                        </DOMSymbolInstance>
                                   </elements>
                              </DOMFrame>
                              <DOMFrame index="7" keyMode="9728">
                                   <elements>
                                        <DOMSymbolInstance libraryItemName="Symbol 428" symbolType="graphic" loop="loop">
                                             <matrix>
                                                  <Matrix tx="13.4" ty="-32.5" a="0.3886566162109375" d="1.0627899169921875"/>
                                             </matrix>
                                             <transformationPoint>
                                                  <Point/>
                                             </transformationPoint>
                                             <color>
                                                  <Color redMultiplier="0.0390625" greenMultiplier="0.0390625" blueMultiplier="0.0390625" redOffset="87" greenOffset="60" blueOffset="43"/>
                                             </color>
                                        </DOMSymbolInstance>
                                   </elements>
                              </DOMFrame>
                              <DOMFrame index="8" keyMode="9728">
                                   <elements>
                                        <DOMSymbolInstance libraryItemName="Symbol 429" symbolType="graphic" loop="loop">
                                             <matrix>
                                                  <Matrix tx="13.4" ty="-32.5" a="0.3886566162109375" d="1.0627899169921875"/>
                                             </matrix>
                                             <transformationPoint>
                                                  <Point/>
                                             </transformationPoint>
                                             <color>
                                                  <Color redMultiplier="0.0390625" greenMultiplier="0.0390625" blueMultiplier="0.0390625" redOffset="87" greenOffset="60" blueOffset="43"/>
                                             </color>
                                        </DOMSymbolInstance>
                                   </elements>
                              </DOMFrame>
                              <DOMFrame index="9" keyMode="9728">
                                   <elements>
                                        <DOMSymbolInstance libraryItemName="Symbol 431" symbolType="graphic" loop="loop">
                                             <matrix>
                                                  <Matrix tx="13.4" ty="-32.5" a="0.3886566162109375" d="1.0627899169921875"/>
                                             </matrix>
                                             <transformationPoint>
                                                  <Point/>
                                             </transformationPoint>
                                             <color>
                                                  <Color redMultiplier="0.0390625" greenMultiplier="0.0390625" blueMultiplier="0.0390625" redOffset="87" greenOffset="60" blueOffset="43"/>
                                             </color>
                                        </DOMSymbolInstance>
                                   </elements>
                              </DOMFrame>
                              <DOMFrame index="10" keyMode="9728">
                                   <elements>
                                        <DOMSymbolInstance libraryItemName="Symbol 432" symbolType="graphic" loop="loop">
                                             <matrix>
                                                  <Matrix tx="13.4" ty="-32.5" a="0.3886566162109375" d="1.0627899169921875"/>
                                             </matrix>
                                             <transformationPoint>
                                                  <Point/>
                                             </transformationPoint>
                                             <color>
                                                  <Color redMultiplier="0.0390625" greenMultiplier="0.0390625" blueMultiplier="0.0390625" redOffset="87" greenOffset="60" blueOffset="43"/>
                                             </color>
                                        </DOMSymbolInstance>
                                   </elements>
                              </DOMFrame>
                              <DOMFrame index="11" duration="2" keyMode="9728">
                                   <elements>
                                        <DOMSymbolInstance libraryItemName="Symbol 434" symbolType="graphic" loop="loop">
                                             <matrix>
                                                  <Matrix tx="13.4" ty="-32.5" a="0.3886566162109375" d="1.0627899169921875"/>
                                             </matrix>
                                             <transformationPoint>
                                                  <Point/>
                                             </transformationPoint>
                                             <color>
                                                  <Color redMultiplier="0.0390625" greenMultiplier="0.0390625" blueMultiplier="0.0390625" redOffset="87" greenOffset="60" blueOffset="43"/>
                                             </color>
                                        </DOMSymbolInstance>
                                   </elements>
                              </DOMFrame>
                              <DOMFrame index="13" duration="2" keyMode="9728">
                                   <elements>
                                        <DOMSymbolInstance libraryItemName="Symbol 435" symbolType="graphic" loop="loop">
                                             <matrix>
                                                  <Matrix tx="13.4" ty="-32.5" a="0.3886566162109375" d="1.0627899169921875"/>
                                             </matrix>
                                             <transformationPoint>
                                                  <Point/>
                                             </transformationPoint>
                                             <color>
                                                  <Color redMultiplier="0.0390625" greenMultiplier="0.0390625" blueMultiplier="0.0390625" redOffset="87" greenOffset="60" blueOffset="43"/>
                                             </color>
                                        </DOMSymbolInstance>
                                   </elements>
                              </DOMFrame>
                              <DOMFrame index="15" duration="2" keyMode="9728">
                                   <elements>
                                        <DOMSymbolInstance libraryItemName="Symbol 436" symbolType="graphic" loop="loop">
                                             <matrix>
                                                  <Matrix tx="13.4" ty="-32.5" a="0.3886566162109375" d="1.0627899169921875"/>
                                             </matrix>
                                             <transformationPoint>
                                                  <Point/>
                                             </transformationPoint>
                                             <color>
                                                  <Color redMultiplier="0.0390625" greenMultiplier="0.0390625" blueMultiplier="0.0390625" redOffset="87" greenOffset="60" blueOffset="43"/>
                                             </color>
                                        </DOMSymbolInstance>
                                   </elements>
                              </DOMFrame>
                              <DOMFrame index="17" duration="2" keyMode="9728">
                                   <elements>
                                        <DOMSymbolInstance libraryItemName="Symbol 437" symbolType="graphic" loop="loop">
                                             <matrix>
                                                  <Matrix tx="13.4" ty="-32.5" a="0.3886566162109375" d="1.0627899169921875"/>
                                             </matrix>
                                             <transformationPoint>
                                                  <Point/>
                                             </transformationPoint>
                                             <color>
                                                  <Color redMultiplier="0.0390625" greenMultiplier="0.0390625" blueMultiplier="0.0390625" redOffset="87" greenOffset="60" blueOffset="43"/>
                                             </color>
                                        </DOMSymbolInstance>
                                   </elements>
                              </DOMFrame>
                              <DOMFrame index="19" duration="4" keyMode="9728">
                                   <elements/>
                              </DOMFrame>
                         </frames>
                    </DOMLayer>
                    <DOMLayer name="Layer 4" color="#37aae5" current="true" isSelected="true">
                         <frames>
                              <DOMFrame index="0" duration="23" keyMode="9728">
                                   <elements>
                                        <DOMSymbolInstance libraryItemName="Symbol 1395" centerPoint3DX="21.25" centerPoint3DY="11.8">
                                             <matrix>
                                                  <Matrix tx="0.0" ty="0.0"/>
                                             </matrix>
                                             <transformationPoint>
                                                  <Point/>
                                             </transformationPoint>
                                        </DOMSymbolInstance>
                                   </elements>
                              </DOMFrame>
                         </frames>
                    </DOMLayer>
               </layers>
          </DOMTimeline>
     </timeline>
</DOMSymbolItem>
