<DOMSymbolItem xmlns="http://ns.adobe.com/xfl/2008/" xmlns:xsi="http://www.w3.org/2001/XMLSchema-instance" name="Symbol 1533" lastModified="1681431985" symbolType="graphic">
     <timeline>
          <DOMTimeline name="Symbol 1533" currentFrame="0">
               <layers>
                    <DOMLayer name="Layer 1">
                         <frames>
                              <DOMFrame index="0" motionTweenScale="false" keyMode="8192">
                                   <elements>
                                        <DOMShape isFloating="true">
                                             <fills>
                                                  <FillStyle index="1">
                                                       <SolidColor color="#000000"/>
                                                  </FillStyle>
                                                  <FillStyle index="2">
                                                       <SolidColor color="#792020"/>
                                                  </FillStyle>
                                             </fills>
                                             <strokes/>
                                             <edges>
                                                  <Edge fillStyle0="2" fillStyle1="1" edges="! 234 -376[ 234 -351 257 -351[ 274 -351 273 -372[ 273 -395 254 -392[ 234 -388 234 -376"/>
                                                  <Edge fillStyle0="0" fillStyle1="1" edges="! 253 -421[ 298 -413 298 -373[ 298 -358 291 -344[ 280 -322 256 -322[ 225 -322 213 -354[ 208 -370 208 -385[ 208 -428 253 -421"/>
                                                  <Edge fillStyle0="2" fillStyle1="1" edges="! 38 -285[ 16 -256 16 -222[ 37 -145 60 -145[ 91 -145 117 -164[ 144 -184 144 -208[ 142 -329 117 -327[ 66 -322 38 -285"/>
                                                  <Edge fillStyle0="0" fillStyle1="1" edges="! 123 -352[ 153 -328 168 -209[ 168 -186 149 -157[ 120 -114 63 -114[ 28 -114 4 -168| -12 -219[ -12 -278 38 -318[ 81 -353 123 -352"/>
                                                  <Edge fillStyle0="1" fillStyle1="2" edges="! 403 54| 405 49[ 411 40 420 49| 436 31[ 444 16 444 2[ 444 -22 414 -57[ 384 -92 384 -100| 398 -121[ 415 -142 438 -142[ 463 -142 474 -118[ 486 -94 516 -96[ 539 -97 551 -75| 558 -43[ 558 -3 518 29[ 477 61 477 87| 477 94"/>
                                                  <Edge fillStyle0="1" fillStyle1="0" edges="! 477 94| 477 97[ 479 106 489 106| 518 79| 558 34| 587 -7| 588 -37[ 588 -132 504 -126[ 459 -197 403 -164[ 354 -135 354 -100[ 354 -74 384 -41[ 414 -9 414 1[ 414 11 399 22[ 384 34 384 43[ 384 54 397 54| 403 54"/>
                                                  <Edge fillStyle0="2" fillStyle1="0" edges="! 403 54| 399 70| 411 90[ 427 111 450 111[ 475 111 475 94| 477 94"/>
                                                  <Edge fillStyle0="0" fillStyle1="1" edges="! 962 216| 969 237| 963 261[ 952 279 929 279[ 909 279 895 259[ 885 245 885 238[ 885 231 899 215[ 915 195 931 195[ 952 195 962 216"/>
                                                  <Edge fillStyle0="2" fillStyle1="1" edges="! 917 246| 933 255[ 946 255 948 235[ 948 223 928 219[ 907 215 907 235| 917 246"/>
                                                  <Edge fillStyle0="0" fillStyle1="1" edges="! 240 47| 216 117| 212 151[ 203 181 171 181[ 150 181 145 170| 145 158[ 145 128 165 75[ 181 35 211 25[ 240 14 240 47"/>
                                                  <Edge fillStyle0="2" fillStyle1="1" edges="! 165 157| 165 160[ 192 141 202 107[ 210 68 217 48[ 190 63 180 96| 165 157"/>
                                             </edges>
                                        </DOMShape>
                                   </elements>
                              </DOMFrame>
                         </frames>
                    </DOMLayer>
               </layers>
          </DOMTimeline>
     </timeline>
</DOMSymbolItem>
