<DOMSymbolItem xmlns="http://ns.adobe.com/xfl/2008/" xmlns:xsi="http://www.w3.org/2001/XMLSchema-instance" name="Symbol 1681" lastModified="1681431985" symbolType="graphic">
     <timeline>
          <DOMTimeline name="Symbol 1681" currentFrame="0">
               <layers>
                    <DOMLayer name="Layer 1">
                         <frames>
                              <DOMFrame index="0" motionTweenScale="false" keyMode="8192">
                                   <elements>
                                        <DOMShape isFloating="true">
                                             <fills>
                                                  <FillStyle index="1">
                                                       <SolidColor color="#666666" alpha="0.8"/>
                                                  </FillStyle>
                                             </fills>
                                             <strokes/>
                                             <edges>
                                                  <Edge fillStyle1="1" edges="! 342 -351[ 420 -353 480 -270[ 512 -225 523 -189[ 549 -214 615 -232[ 728 -263 806 -220[ 865 -198 904 -144[ 922 -120 930 -97| 957 -105[ 1006 -114 1049 -77| 1086 -2[ 1101 50 1101 147[ 1101 239 1087 309[ 1076 358 1050 408[ 1020 465 998 465[ 991 465 988 459| 988 456| 981 450| 981 442[ 981 416 924 387| 903 377| 911 386[ 952 440 952 489| 949 516| 947 522[ 941 548 912 595[ 877 650 851 673[ 816 702 750 724[ 640 762 488 762| 450 758| 433 760| 424 755| 423 749| 457 725[ 502 696 543 611| 556 571[ 514 635 471 641| 458 647[ 401 675 350 674| 283 674[ 208 676 55 634[ -37 608 -75 588| -65 604[ -43 640 -22 686| -25 693| -30 697| -33 697| -40 697[ -107 697 -190 639[ -253 595 -278 559| -329 477[ -351 434 -351 397[ -351 304 -290 250| -269 235| -276 221| -294 170| -304 82[ -304 -11 -258 -97[ -196 -216 -76 -230[ -54 -243 -4 -206| 21 -186[ 35 -229 87 -280[ 173 -363 287 -351| 342 -351"/>
                                             </edges>
                                        </DOMShape>
                                   </elements>
                              </DOMFrame>
                         </frames>
                    </DOMLayer>
               </layers>
          </DOMTimeline>
     </timeline>
</DOMSymbolItem>
