<DOMSymbolItem xmlns="http://ns.adobe.com/xfl/2008/" xmlns:xsi="http://www.w3.org/2001/XMLSchema-instance" name="Symbol 2104" lastModified="1681431985">
     <timeline>
          <DOMTimeline name="Symbol 2104">
               <layers>
                    <DOMLayer name="Layer 1" color="#958ff1" current="true" isSelected="true">
                         <frames>
                              <DOMFrame index="0" keyMode="9728">
                                   <elements>
                                        <DOMShape isFloating="true">
                                             <fills>
                                                  <FillStyle index="1">
                                                       <SolidColor color="#e1c8c8"/>
                                                  </FillStyle>
                                                  <FillStyle index="2">
                                                       <SolidColor color="#3f3838"/>
                                                  </FillStyle>
                                             </fills>
                                             <strokes/>
                                             <edges>
                                                  <Edge fillStyle1="1" edges="! 196 13| 196 133| 192 162[ 186 177 160 177| 121 173| 78 180| 22 187[ 0 187 0 166[ 0 157 7 138| 7 107| 4 75[ 4 46 7 32| 7 24| 15 17| 29 8[ 33 -7 51 6| 94 4| 113 7| 128 7| 136 9| 173 4[ 190 3 196 13"/>
                                                  <Edge fillStyle0="1" fillStyle1="2" edges="! 102 100[ 71 98 61 86[ 56 80 56 68[ 56 30 99 25[ 142 19 142 63| 137 85| 122 99| 122 105| 120 134| 119 137| 110 145| 105 144| 99 145| 74 148| 66 147| 66 137[ 80 127 99 125| 100 118| 87 122| 80 115[ 80 103 102 103| 102 100"/>
                                                  <Edge fillStyle0="1" fillStyle1="2" edges="! 121 63[ 121 47 103 47[ 84 47 84 59[ 84 77 112 77[ 124 77 121 63"/>
                                             </edges>
                                        </DOMShape>
                                   </elements>
                              </DOMFrame>
                         </frames>
                    </DOMLayer>
               </layers>
          </DOMTimeline>
     </timeline>
</DOMSymbolItem>
