<DOMSymbolItem xmlns="http://ns.adobe.com/xfl/2008/" xmlns:xsi="http://www.w3.org/2001/XMLSchema-instance" name="Symbol 1295" lastModified="1681431985" symbolType="graphic">
     <timeline>
          <DOMTimeline name="Symbol 1295" currentFrame="0">
               <layers>
                    <DOMLayer name="Layer 1">
                         <frames>
                              <DOMFrame index="0" motionTweenScale="false" keyMode="8192">
                                   <elements>
                                        <DOMShape isFloating="true">
                                             <fills>
                                                  <FillStyle index="1">
                                                       <SolidColor color="#000000" alpha="0.5019608"/>
                                                  </FillStyle>
                                             </fills>
                                             <strokes/>
                                             <edges>
                                                  <Edge fillStyle1="1" edges="! 1006 -20[ 1041 -20 1045 64| 1044 187| 1055 293[ 1060 352 1053 397[ 1138 391 1172 418[ 1188 432 1188 449[ 1188 463 1176 472| 1127 471| 1043 473| 1023 484| 1007 487[ 985 487 978 463| 978 292[ 967 224 964 154| 964 87| 951 48| 937 21[ 937 8 958 -5[ 981 -20 1006 -20"/>
                                                  <Edge fillStyle1="1" edges="! 812 480[ 794 480 787 464| 783 448| 792 369| 780 194[ 779 139 731 24[ 731 -9 786 -9[ 845 -9 851 150[ 858 377 865 400[ 954 395 954 430[ 954 452 910 466| 812 480"/>
                                                  <Edge fillStyle1="1" edges="! 699 75[ 712 116 717 179| 742 266[ 763 341 763 364[ 723 483 701 483[ 681 483 664 325| 659 281| 636 282| 622 282| 627 438| 622 461[ 613 476 595 476[ 556 476 546 384| 545 288[ 546 213 555 142[ 574 0 621 0[ 676 0 699 75"/>
                                                  <Edge fillStyle1="1" edges="! 614 111| 614 136| 618 205| 629 202| 648 201[ 635 111 624 77| 614 111"/>
                                                  <Edge fillStyle1="1" edges="! 450 65[ 459 39 493 39[ 523 39 528 102| 528 196| 532 355| 532 407[ 526 453 503 453[ 478 453 471 358| 466 216[ 466 262 433 262[ 417 262 390 228| 363 189| 368 298| 368 351[ 370 373 382 383[ 393 391 393 406| 383 443[ 369 471 349 471[ 315 471 308 394| 307 279| 303 183| 298 86[ 298 41 321 26[ 346 10 367 55[ 376 85 414 151| 450 65"/>
                                                  <Edge fillStyle1="1" edges="! 285 101| 282 123[ 275 136 253 136[ 231 136 218 99[ 204 61 160 61[ 125 61 93 98[ 68 127 61 153| 79 156| 186 157[ 240 136 272 216[ 294 271 294 314[ 294 371 260 407[ 210 460 97 460[ 48 460 9 411[ -24 371 -24 337[ -24 262 5 262[ 28 262 32 282| 34 323[ 42 385 159 385[ 200 385 218 337| 228 288[ 228 220 129 218| 8 210[ 0 202 -8 162| -16 109[ -16 77 9 48[ 49 1 133 1[ 211 1 254 45[ 285 75 285 101"/>
                                             </edges>
                                        </DOMShape>
                                   </elements>
                              </DOMFrame>
                         </frames>
                    </DOMLayer>
               </layers>
          </DOMTimeline>
     </timeline>
</DOMSymbolItem>
