<DOMSymbolItem xmlns="http://ns.adobe.com/xfl/2008/" xmlns:xsi="http://www.w3.org/2001/XMLSchema-instance" name="Symbol 1477" lastModified="1681431985" symbolType="graphic">
     <timeline>
          <DOMTimeline name="Symbol 1477" currentFrame="0">
               <layers>
                    <DOMLayer name="Layer 1">
                         <frames>
                              <DOMFrame index="0" motionTweenScale="false" keyMode="8192">
                                   <elements>
                                        <DOMShape isFloating="true">
                                             <fills>
                                                  <FillStyle index="1">
                                                       <SolidColor color="#000000"/>
                                                  </FillStyle>
                                                  <FillStyle index="2">
                                                       <SolidColor color="#792020"/>
                                                  </FillStyle>
                                             </fills>
                                             <strokes/>
                                             <edges>
                                                  <Edge fillStyle0="2" fillStyle1="1" edges="! 130 144[ 130 125 112 105[ 87 78 45 78[ -7 78 -33 104[ -50 121 -50 137[ -50 149 -34 180| -28 191[ -15 197 -7 217[ 0 238 -1 259| 2 295[ 9 325 35 325[ 74 325 83 294[ 76 270 76 251[ 76 223 110 179| 125 163| 130 144"/>
                                                  <Edge fillStyle0="0" fillStyle1="1" edges="! 127 207[ 109 240 109 252| 113 270| 116 294[ 116 315 98 335[ 75 360 36 360[ -22 360 -35 306| -37 246[ -37 241 -48 229| -53 223[ -66 212 -76 184| -87 137[ -87 111 -68 85[ -36 42 34 42[ 99 42 135 79[ 159 104 159 125[ 161 170 143 176| 127 207"/>
                                             </edges>
                                        </DOMShape>
                                   </elements>
                              </DOMFrame>
                         </frames>
                    </DOMLayer>
               </layers>
          </DOMTimeline>
     </timeline>
</DOMSymbolItem>
