<DOMSymbolItem xmlns="http://ns.adobe.com/xfl/2008/" xmlns:xsi="http://www.w3.org/2001/XMLSchema-instance" name="Symbol 1262" lastModified="1681431985" symbolType="graphic">
     <timeline>
          <DOMTimeline name="Symbol 1262" currentFrame="0">
               <layers>
                    <DOMLayer name="Layer 1">
                         <frames>
                              <DOMFrame index="0" motionTweenScale="false" keyMode="8192">
                                   <elements>
                                        <DOMShape isFloating="true">
                                             <fills>
                                                  <FillStyle index="1">
                                                       <SolidColor color="#000000" alpha="0.2"/>
                                                  </FillStyle>
                                             </fills>
                                             <strokes/>
                                             <edges>
                                                  <Edge fillStyle1="1" edges="! 427 -61[ 433 -129 659 -112[ 885 -96 879 -24[ 876 7 849 23[ 828 35 803 35| 714 26| 718 53[ 713 103 712 215| 698 320[ 679 402 644 401[ 611 401 610 215| 616 27| 620 6| 584 -3[ 425 -41 427 -61"/>
                                                  <Edge fillStyle1="1" edges="! 1114 199[ 1106 291 1098 312[ 1062 402 959 401[ 820 399 785 302[ 775 272 775 236| 777 204[ 785 111 843 59[ 893 14 962 18[ 1029 20 1073 67[ 1121 118 1114 199"/>
                                                  <Edge fillStyle1="1" edges="! 911 119[ 904 128 892 161[ 880 193 879 203[ 872 284 965 285[ 988 285 997 278| 1002 263| 1012 150[ 980 152 951 140[ 923 124 911 119"/>
                                                  <Edge fillStyle1="1" edges="! 546 147[ 546 420 343 415[ 288 414 268 373| 260 335[ 232 303 217 246| 202 123| 206 86| 202 79| 208 72| 209 74[ 218 34 246 0[ 290 -56 306 86[ 314 184 354 247[ 374 252 399 269[ 434 174 430 144[ 417 110 417 52[ 417 19 446 2[ 481 -19 529 23[ 546 92 546 147"/>
                                                  <Edge fillStyle1="1" edges="! 27 69[ 20 80 0 141| 5 141| 48 145| 41 77| 27 69"/>
                                                  <Edge fillStyle1="1" edges="! 113 401[ 58 401 54 276| 53 251| -33 254[ -67 362 -111 362[ -143 361 -152 335| -154 309[ -137 128 -75 30[ -20 -59 47 -50[ 116 -41 153 60[ 196 172 180 348[ 177 372 156 388[ 137 402 113 401"/>
                                             </edges>
                                        </DOMShape>
                                   </elements>
                              </DOMFrame>
                         </frames>
                    </DOMLayer>
               </layers>
          </DOMTimeline>
     </timeline>
</DOMSymbolItem>
