<DOMSymbolItem xmlns="http://ns.adobe.com/xfl/2008/" xmlns:xsi="http://www.w3.org/2001/XMLSchema-instance" name="Symbol 1634" lastModified="1681431985">
     <timeline>
          <DOMTimeline name="Symbol 1634">
               <layers>
                    <DOMLayer name="Script Layer" color="#bf5efd">
                         <frames>
                              <DOMFrame index="0" keyMode="9728">
                                   <Actionscript>
                                        <script>stop();
</script>
                                   </Actionscript>
                                   <elements/>
                              </DOMFrame>
                         </frames>
                    </DOMLayer>
                    <DOMLayer name="Layer 2" color="#73c9d0" current="true" isSelected="true">
                         <frames>
                              <DOMFrame index="0" keyMode="9728">
                                   <elements>
                                        <DOMShape isFloating="true">
                                             <fills>
                                                  <FillStyle index="1">
                                                       <SolidColor color="#bf9797"/>
                                                  </FillStyle>
                                                  <FillStyle index="2">
                                                       <SolidColor color="#b18989"/>
                                                  </FillStyle>
                                                  <FillStyle index="3">
                                                       <SolidColor color="#000000"/>
                                                  </FillStyle>
                                                  <FillStyle index="4">
                                                       <SolidColor color="#9f7c7c"/>
                                                  </FillStyle>
                                             </fills>
                                             <strokes/>
                                             <edges>
                                                  <Edge fillStyle0="2" fillStyle1="1" edges="! 468 79[ 490 108 490 147[ 490 192 435 260| 386 308"/>
                                                  <Edge fillStyle0="2" fillStyle1="3" edges="! 386 308[ 421 311 425 340[ 432 347 432 360| 418 380| 402 365[ 388 351 388 346| 386 344| 351 345[ 345 351 340 373[ 336 388 319 388[ 299 388 302 370[ 302 355 307 344"/>
                                                  <Edge fillStyle0="2" fillStyle1="1" edges="! 307 344| 253 350[ 147 350 95 310| 72 289"/>
                                                  <Edge fillStyle0="2" fillStyle1="3" edges="! 72 289| 71 313[ 71 369 125 419[ 194 483 312 483[ 487 483 561 401[ 604 354 604 302[ 604 204 577 159[ 543 102 468 79"/>
                                                  <Edge fillStyle0="1" fillStyle1="3" edges="! 468 79| 402 66| 366 63| 336 63[ 185 84 118 171[ 104 189 95 209| 78 256| 72 289"/>
                                                  <Edge fillStyle0="2" fillStyle1="3" edges="! 492 283[ 488 273 490 262[ 490 224 532 224[ 573 224 573 265[ 573 302 534 302[ 501 302 492 283"/>
                                                  <Edge fillStyle0="0" fillStyle1="3" edges="! 635 414[ 599 483 536 516| 547 542| 557 570| 571 620| 576 675[ 576 710 548 728[ 516 750 422 772| 275 772[ 192 764 158 745[ 124 725 118 711[ 105 707 100 693| 98 672[ 98 595 110 546| 122 491[ 0 425 0 280[ 0 158 105 79[ 200 8 336 1[ 472 -6 566 57[ 671 128 671 259[ 671 344 635 414"/>
                                                  <Edge fillStyle0="1" fillStyle1="3" edges="! 215 278| 211 284| 210 286| 208 288[ 193 309 167 309[ 138 309 130 295[ 126 288 128 279| 128 276[ 129 258 136 247[ 147 228 174 224[ 219 218 219 261| 217 272"/>
                                                  <Edge fillStyle0="1" fillStyle1="2" edges="! 217 272| 229 270| 233 278| 220 278| 215 278"/>
                                                  <Edge fillStyle0="3" fillStyle1="2" edges="! 215 278| 217 272"/>
                                                  <Edge fillStyle0="3" fillStyle1="1" edges="! 386 308| 374 308| 366 308| 364 308[ 319 313 307 344"/>
                                                  <Edge fillStyle0="2" fillStyle1="3" edges="! 170 536| 157 602[ 156 613 162 661"/>
                                                  <Edge fillStyle0="2" fillStyle1="4" edges="! 162 661| 196 673[ 249 691 330 691[ 408 691 489 662| 516 654"/>
                                                  <Edge fillStyle0="2" fillStyle1="3" edges="! 516 654| 518 632| 501 568| 497 554"/>
                                                  <Edge fillStyle0="2" fillStyle1="4" edges="! 497 554[ 484 570 452 587[ 395 616 321 616[ 243 616 197 570[ 178 551 170 536"/>
                                                  <Edge fillStyle0="3" fillStyle1="4" edges="! 170 536| 170 535| 174 513[ 264 544 402 544| 490 533| 497 554"/>
                                                  <Edge fillStyle0="3" fillStyle1="4" edges="! 516 654| 517 654| 511 670| 506 676[ 487 695 413 707| 284 707[ 245 717 199 698[ 152 679 162 662| 162 661"/>
                                             </edges>
                                        </DOMShape>
                                   </elements>
                              </DOMFrame>
                              <DOMFrame index="1" keyMode="9728">
                                   <elements>
                                        <DOMShape isFloating="true">
                                             <fills>
                                                  <FillStyle index="1">
                                                       <SolidColor color="#000000"/>
                                                  </FillStyle>
                                                  <FillStyle index="2">
                                                       <SolidColor color="#2a2a2a"/>
                                                  </FillStyle>
                                                  <FillStyle index="3">
                                                       <SolidColor color="#414141"/>
                                                  </FillStyle>
                                                  <FillStyle index="4">
                                                       <SolidColor color="#5f0101"/>
                                                  </FillStyle>
                                             </fills>
                                             <strokes/>
                                             <edges>
                                                  <Edge fillStyle1="1" edges="! 641 136[ 671 188 671 259[ 671 344 635 414[ 599 483 536 516| 547 542| 557 570| 571 620| 576 675[ 576 710 548 728[ 516 750 422 772| 275 772[ 192 764 158 745[ 124 725 118 711[ 105 707 100 693| 98 672[ 98 595 110 546| 122 491[ 0 425 0 280[ 0 190 58 123[ 45 116 38 97| 31 66[ 31 45 41 19[ 53 -17 74 -9| 87 12| 98 35| 122 54| 131 62[ 218 7 336 1[ 472 -6 566 57| 575 63| 577 62[ 599 53 607 33[ 606 15 608 4[ 610 -16 633 -16[ 662 -16 673 67| 671 105[ 664 130 641 136"/>
                                                  <Edge fillStyle0="2" fillStyle1="3" edges="! 468 79[ 490 108 490 147[ 490 192 435 260| 386 308"/>
                                                  <Edge fillStyle0="2" fillStyle1="1" edges="! 386 308[ 421 311 425 340[ 432 347 432 360| 418 380| 402 365[ 388 351 388 346| 386 344| 351 345[ 345 351 340 373[ 336 388 319 388[ 299 388 302 370[ 302 355 307 344"/>
                                                  <Edge fillStyle0="2" fillStyle1="3" edges="! 307 344| 253 350[ 147 350 95 310| 72 289"/>
                                                  <Edge fillStyle0="2" fillStyle1="1" edges="! 72 289| 71 313[ 71 369 125 419[ 194 483 312 483[ 487 483 561 401[ 604 354 604 302[ 604 204 577 159[ 543 102 468 79"/>
                                                  <Edge fillStyle0="3" fillStyle1="1" edges="! 468 79| 402 66| 366 63| 336 63[ 185 84 118 171[ 104 189 95 209| 78 256| 72 289"/>
                                                  <Edge fillStyle0="2" fillStyle1="4" edges="! 490 262[ 490 224 532 224[ 573 224 573 265[ 573 302 534 302[ 501 302 492 283[ 488 273 490 262"/>
                                                  <Edge fillStyle0="3" fillStyle1="4" edges="! 174 224[ 219 218 219 261| 217 272| 215 278| 211 284| 210 286| 208 288[ 193 309 167 309[ 138 309 130 295[ 126 288 128 279| 128 276[ 129 258 136 247[ 147 228 174 224"/>
                                                  <Edge fillStyle0="1" fillStyle1="3" edges="! 386 308| 374 308| 366 308| 364 308[ 319 313 307 344"/>
                                                  <Edge fillStyle0="2" fillStyle1="3" edges="! 170 536[ 178 551 197 570[ 243 616 321 616[ 395 616 452 587[ 484 570 497 554"/>
                                                  <Edge fillStyle0="2" fillStyle1="1" edges="! 497 554| 490 533| 402 544[ 264 544 174 513| 170 535| 170 536"/>
                                                  <Edge fillStyle0="3" fillStyle1="1" edges="! 170 536| 157 602[ 156 613 162 661"/>
                                                  <Edge fillStyle0="3" fillStyle1="2" edges="! 162 661| 196 673[ 249 691 330 691[ 408 691 489 662| 516 654"/>
                                                  <Edge fillStyle0="3" fillStyle1="1" edges="! 516 654| 518 632| 501 568| 497 554"/>
                                                  <Edge fillStyle0="1" fillStyle1="2" edges="! 516 654| 517 654| 511 670| 506 676[ 487 695 413 707| 284 707[ 245 717 199 698[ 152 679 162 662| 162 661"/>
                                             </edges>
                                        </DOMShape>
                                   </elements>
                              </DOMFrame>
                         </frames>
                    </DOMLayer>
               </layers>
          </DOMTimeline>
     </timeline>
</DOMSymbolItem>
