<DOMSymbolItem xmlns="http://ns.adobe.com/xfl/2008/" xmlns:xsi="http://www.w3.org/2001/XMLSchema-instance" name="Symbol 2155" lastModified="1681431985">
     <timeline>
          <DOMTimeline name="Symbol 2155">
               <layers>
                    <DOMLayer name="Layer 1" color="#84b2d2">
                         <frames>
                              <DOMFrame index="0" duration="42" keyMode="9728">
                                   <elements>
                                        <DOMSymbolInstance libraryItemName="Symbol 2151" centerPoint3DX="77.8" centerPoint3DY="49.75">
                                             <matrix>
                                                  <Matrix tx="57.45" ty="31.8" a="0.6652679443359375" d="0.6652679443359375"/>
                                             </matrix>
                                             <transformationPoint>
                                                  <Point/>
                                             </transformationPoint>
                                        </DOMSymbolInstance>
                                   </elements>
                              </DOMFrame>
                         </frames>
                    </DOMLayer>
                    <DOMLayer name="Layer 2" color="#e7d7aa">
                         <frames>
                              <DOMFrame index="0" duration="42" keyMode="9728">
                                   <elements>
                                        <DOMSymbolInstance libraryItemName="Symbol 2151" centerPoint3DX="49.05" centerPoint3DY="49.2">
                                             <matrix>
                                                  <Matrix tx="28.7" ty="31.25" a="0.6652679443359375" d="0.6652679443359375"/>
                                             </matrix>
                                             <transformationPoint>
                                                  <Point/>
                                             </transformationPoint>
                                        </DOMSymbolInstance>
                                   </elements>
                              </DOMFrame>
                         </frames>
                    </DOMLayer>
                    <DOMLayer name="Layer 3" color="#61eac8">
                         <frames>
                              <DOMFrame index="0" duration="6" keyMode="9728">
                                   <elements>
                                        <DOMSymbolInstance libraryItemName="Symbol 2151" centerPoint3DX="18.35" centerPoint3DY="48.6">
                                             <matrix>
                                                  <Matrix tx="-2.0" ty="30.65" a="0.6652679443359375" d="0.6652679443359375"/>
                                             </matrix>
                                             <transformationPoint>
                                                  <Point/>
                                             </transformationPoint>
                                        </DOMSymbolInstance>
                                   </elements>
                              </DOMFrame>
                              <DOMFrame index="6" keyMode="9728">
                                   <elements>
                                        <DOMSymbolInstance libraryItemName="Symbol 2151" centerPoint3DX="22.35" centerPoint3DY="48.6">
                                             <matrix>
                                                  <Matrix tx="2.0" ty="30.65" a="0.6652679443359375" d="0.6652679443359375"/>
                                             </matrix>
                                             <transformationPoint>
                                                  <Point/>
                                             </transformationPoint>
                                        </DOMSymbolInstance>
                                   </elements>
                              </DOMFrame>
                              <DOMFrame index="7" keyMode="9728">
                                   <elements>
                                        <DOMSymbolInstance libraryItemName="Symbol 2151" centerPoint3DX="18.35" centerPoint3DY="48.6">
                                             <matrix>
                                                  <Matrix tx="-2.0" ty="30.65" a="0.6652679443359375" d="0.6652679443359375"/>
                                             </matrix>
                                             <transformationPoint>
                                                  <Point/>
                                             </transformationPoint>
                                        </DOMSymbolInstance>
                                   </elements>
                              </DOMFrame>
                              <DOMFrame index="8" duration="2" keyMode="9728">
                                   <elements>
                                        <DOMSymbolInstance libraryItemName="Symbol 2151" centerPoint3DX="18.75" centerPoint3DY="52.65">
                                             <matrix>
                                                  <Matrix tx="-1.6" ty="34.7" a="0.7435302734375" d="0.5522003173828125"/>
                                             </matrix>
                                             <transformationPoint>
                                                  <Point/>
                                             </transformationPoint>
                                        </DOMSymbolInstance>
                                   </elements>
                              </DOMFrame>
                              <DOMFrame index="10" duration="2" keyMode="9728">
                                   <elements>
                                        <DOMSymbolInstance libraryItemName="Symbol 2151" centerPoint3DX="23.8" centerPoint3DY="41.5">
                                             <matrix>
                                                  <Matrix tx="3.45" ty="23.55" a="0.497314453125" d="0.838653564453125"/>
                                             </matrix>
                                             <transformationPoint>
                                                  <Point/>
                                             </transformationPoint>
                                        </DOMSymbolInstance>
                                   </elements>
                              </DOMFrame>
                              <DOMFrame index="12" duration="22" keyMode="9728">
                                   <elements>
                                        <DOMSymbolInstance libraryItemName="Symbol 2151" centerPoint3DX="20.35" centerPoint3DY="34.2">
                                             <matrix>
                                                  <Matrix tx="0.0" ty="16.25" a="0.6652679443359375" d="0.6652679443359375"/>
                                             </matrix>
                                             <transformationPoint>
                                                  <Point/>
                                             </transformationPoint>
                                        </DOMSymbolInstance>
                                   </elements>
                              </DOMFrame>
                              <DOMFrame index="34" duration="2" keyMode="9728">
                                   <elements>
                                        <DOMSymbolInstance libraryItemName="Symbol 2151" centerPoint3DX="23.8" centerPoint3DY="41.5">
                                             <matrix>
                                                  <Matrix tx="3.45" ty="23.55" a="0.497314453125" d="0.838653564453125"/>
                                             </matrix>
                                             <transformationPoint>
                                                  <Point/>
                                             </transformationPoint>
                                        </DOMSymbolInstance>
                                   </elements>
                              </DOMFrame>
                              <DOMFrame index="36" duration="2" keyMode="9728">
                                   <elements>
                                        <DOMSymbolInstance libraryItemName="Symbol 2151" centerPoint3DX="18.75" centerPoint3DY="52.65">
                                             <matrix>
                                                  <Matrix tx="-1.6" ty="34.7" a="0.7435302734375" d="0.5522003173828125"/>
                                             </matrix>
                                             <transformationPoint>
                                                  <Point/>
                                             </transformationPoint>
                                        </DOMSymbolInstance>
                                   </elements>
                              </DOMFrame>
                              <DOMFrame index="38" duration="4" keyMode="9728">
                                   <elements>
                                        <DOMSymbolInstance libraryItemName="Symbol 2151" centerPoint3DX="20.35" centerPoint3DY="48.6">
                                             <matrix>
                                                  <Matrix tx="0.0" ty="30.65" a="0.6652679443359375" d="0.6652679443359375"/>
                                             </matrix>
                                             <transformationPoint>
                                                  <Point/>
                                             </transformationPoint>
                                        </DOMSymbolInstance>
                                   </elements>
                              </DOMFrame>
                         </frames>
                    </DOMLayer>
                    <DOMLayer name="Layer 4" color="#c75aa5">
                         <frames>
                              <DOMFrame index="0" duration="12" keyMode="9728">
                                   <elements>
                                        <DOMSymbolInstance libraryItemName="Symbol 1637" centerPoint3DX="53.6" centerPoint3DY="31.5">
                                             <matrix>
                                                  <Matrix tx="49.4" ty="27.25" a="0.904876708984375" d="0.904876708984375"/>
                                             </matrix>
                                             <transformationPoint>
                                                  <Point/>
                                             </transformationPoint>
                                        </DOMSymbolInstance>
                                   </elements>
                              </DOMFrame>
                              <DOMFrame index="12" duration="2" keyMode="9728">
                                   <elements>
                                        <DOMSymbolInstance libraryItemName="Symbol 1637" centerPoint3DX="54.85" centerPoint3DY="33.15">
                                             <matrix>
                                                  <Matrix tx="50.65" ty="28.9" a="1.095703125" d="0.7518157958984375"/>
                                             </matrix>
                                             <transformationPoint>
                                                  <Point/>
                                             </transformationPoint>
                                        </DOMSymbolInstance>
                                   </elements>
                              </DOMFrame>
                              <DOMFrame index="14" duration="2" keyMode="9728">
                                   <elements>
                                        <DOMSymbolInstance libraryItemName="Symbol 1637" centerPoint3DX="55.4" centerPoint3DY="17.3">
                                             <matrix>
                                                  <Matrix tx="51.2" ty="13.05" a="0.786224365234375" d="0.9967041015625"/>
                                             </matrix>
                                             <transformationPoint>
                                                  <Point/>
                                             </transformationPoint>
                                        </DOMSymbolInstance>
                                   </elements>
                              </DOMFrame>
                              <DOMFrame index="16" duration="19" keyMode="9728">
                                   <elements>
                                        <DOMSymbolInstance libraryItemName="Symbol 1637" centerPoint3DX="57.0" centerPoint3DY="19.5">
                                             <matrix>
                                                  <Matrix tx="52.8" ty="15.25" a="0.904876708984375" d="0.904876708984375"/>
                                             </matrix>
                                             <transformationPoint>
                                                  <Point/>
                                             </transformationPoint>
                                        </DOMSymbolInstance>
                                   </elements>
                              </DOMFrame>
                              <DOMFrame index="35" duration="2" keyMode="9728">
                                   <elements>
                                        <DOMSymbolInstance libraryItemName="Symbol 1637" centerPoint3DX="55.4" centerPoint3DY="17.3">
                                             <matrix>
                                                  <Matrix tx="51.2" ty="13.05" a="0.786224365234375" d="0.9967041015625"/>
                                             </matrix>
                                             <transformationPoint>
                                                  <Point/>
                                             </transformationPoint>
                                        </DOMSymbolInstance>
                                   </elements>
                              </DOMFrame>
                              <DOMFrame index="37" duration="2" keyMode="9728">
                                   <elements>
                                        <DOMSymbolInstance libraryItemName="Symbol 1637" centerPoint3DX="54.85" centerPoint3DY="33.15">
                                             <matrix>
                                                  <Matrix tx="50.65" ty="28.9" a="1.095703125" d="0.7518157958984375"/>
                                             </matrix>
                                             <transformationPoint>
                                                  <Point/>
                                             </transformationPoint>
                                        </DOMSymbolInstance>
                                   </elements>
                              </DOMFrame>
                              <DOMFrame index="39" duration="3" keyMode="9728">
                                   <elements>
                                        <DOMSymbolInstance libraryItemName="Symbol 1637" centerPoint3DX="53.6" centerPoint3DY="31.5">
                                             <matrix>
                                                  <Matrix tx="49.4" ty="27.25" a="0.904876708984375" d="0.904876708984375"/>
                                             </matrix>
                                             <transformationPoint>
                                                  <Point/>
                                             </transformationPoint>
                                        </DOMSymbolInstance>
                                   </elements>
                              </DOMFrame>
                         </frames>
                    </DOMLayer>
                    <DOMLayer name="Layer 5" color="#ea47d7">
                         <frames>
                              <DOMFrame index="0" duration="12" keyMode="9728">
                                   <elements>
                                        <DOMSymbolInstance libraryItemName="Symbol 1637" centerPoint3DX="30.9" centerPoint3DY="31.3">
                                             <matrix>
                                                  <Matrix tx="26.7" ty="27.05" a="0.904876708984375" d="0.904876708984375"/>
                                             </matrix>
                                             <transformationPoint>
                                                  <Point/>
                                             </transformationPoint>
                                        </DOMSymbolInstance>
                                   </elements>
                              </DOMFrame>
                              <DOMFrame index="12" duration="2" keyMode="9728">
                                   <elements>
                                        <DOMSymbolInstance libraryItemName="Symbol 1637" centerPoint3DX="27.35" centerPoint3DY="32.95">
                                             <matrix>
                                                  <Matrix tx="23.15" ty="28.7" a="1.095703125" d="0.7518157958984375"/>
                                             </matrix>
                                             <transformationPoint>
                                                  <Point/>
                                             </transformationPoint>
                                        </DOMSymbolInstance>
                                   </elements>
                              </DOMFrame>
                              <DOMFrame index="14" duration="2" keyMode="9728">
                                   <elements>
                                        <DOMSymbolInstance libraryItemName="Symbol 1637" centerPoint3DX="29.2" centerPoint3DY="14.85">
                                             <matrix>
                                                  <Matrix tx="25.0" ty="10.6" a="0.786224365234375" d="0.9967041015625"/>
                                             </matrix>
                                             <transformationPoint>
                                                  <Point/>
                                             </transformationPoint>
                                        </DOMSymbolInstance>
                                   </elements>
                              </DOMFrame>
                              <DOMFrame index="16" duration="19" keyMode="9728">
                                   <elements>
                                        <DOMSymbolInstance libraryItemName="Symbol 1637" centerPoint3DX="26.9" centerPoint3DY="17.3">
                                             <matrix>
                                                  <Matrix tx="22.7" ty="13.05" a="0.904876708984375" d="0.904876708984375"/>
                                             </matrix>
                                             <transformationPoint>
                                                  <Point/>
                                             </transformationPoint>
                                        </DOMSymbolInstance>
                                   </elements>
                              </DOMFrame>
                              <DOMFrame index="35" duration="2" keyMode="9728">
                                   <elements>
                                        <DOMSymbolInstance libraryItemName="Symbol 1637" centerPoint3DX="29.2" centerPoint3DY="14.85">
                                             <matrix>
                                                  <Matrix tx="25.0" ty="10.6" a="0.786224365234375" d="0.9967041015625"/>
                                             </matrix>
                                             <transformationPoint>
                                                  <Point/>
                                             </transformationPoint>
                                        </DOMSymbolInstance>
                                   </elements>
                              </DOMFrame>
                              <DOMFrame index="37" duration="2" keyMode="9728">
                                   <elements>
                                        <DOMSymbolInstance libraryItemName="Symbol 1637" centerPoint3DX="27.35" centerPoint3DY="32.95">
                                             <matrix>
                                                  <Matrix tx="23.15" ty="28.7" a="1.095703125" d="0.7518157958984375"/>
                                             </matrix>
                                             <transformationPoint>
                                                  <Point/>
                                             </transformationPoint>
                                        </DOMSymbolInstance>
                                   </elements>
                              </DOMFrame>
                              <DOMFrame index="39" duration="3" keyMode="9728">
                                   <elements>
                                        <DOMSymbolInstance libraryItemName="Symbol 1637" centerPoint3DX="30.9" centerPoint3DY="31.3">
                                             <matrix>
                                                  <Matrix tx="26.7" ty="27.05" a="0.904876708984375" d="0.904876708984375"/>
                                             </matrix>
                                             <transformationPoint>
                                                  <Point/>
                                             </transformationPoint>
                                        </DOMSymbolInstance>
                                   </elements>
                              </DOMFrame>
                         </frames>
                    </DOMLayer>
                    <DOMLayer name="Layer 6" color="#9beee8">
                         <frames>
                              <DOMFrame index="0" duration="12" keyMode="9728">
                                   <elements>
                                        <DOMSymbolInstance libraryItemName="Symbol 1644" centerPoint3DX="43.45" centerPoint3DY="19.3">
                                             <matrix>
                                                  <Matrix tx="26.7" ty="0.0" a="0.904876708984375" d="0.904876708984375"/>
                                             </matrix>
                                             <transformationPoint>
                                                  <Point/>
                                             </transformationPoint>
                                        </DOMSymbolInstance>
                                   </elements>
                              </DOMFrame>
                              <DOMFrame index="12" duration="2" keyMode="9728">
                                   <elements>
                                        <DOMSymbolInstance libraryItemName="Symbol 1644" centerPoint3DX="39.9" centerPoint3DY="25.55">
                                             <matrix>
                                                  <Matrix tx="23.15" ty="6.25" a="1.095703125" d="0.7518157958984375"/>
                                             </matrix>
                                             <transformationPoint>
                                                  <Point/>
                                             </transformationPoint>
                                        </DOMSymbolInstance>
                                   </elements>
                              </DOMFrame>
                              <DOMFrame index="14" duration="2" keyMode="9728">
                                   <elements>
                                        <DOMSymbolInstance libraryItemName="Symbol 1644" centerPoint3DX="45.25" centerPoint3DY="15.55">
                                             <matrix>
                                                  <Matrix tx="28.5" ty="-3.75" a="0.786224365234375" d="0.9967041015625"/>
                                             </matrix>
                                             <transformationPoint>
                                                  <Point/>
                                             </transformationPoint>
                                        </DOMSymbolInstance>
                                   </elements>
                              </DOMFrame>
                              <DOMFrame index="16" duration="19" keyMode="9728">
                                   <elements>
                                        <DOMSymbolInstance libraryItemName="Symbol 1644" centerPoint3DX="43.45" centerPoint3DY="19.3">
                                             <matrix>
                                                  <Matrix tx="26.7" ty="0.0" a="0.904876708984375" d="0.904876708984375"/>
                                             </matrix>
                                             <transformationPoint>
                                                  <Point/>
                                             </transformationPoint>
                                        </DOMSymbolInstance>
                                   </elements>
                              </DOMFrame>
                              <DOMFrame index="35" duration="2" keyMode="9728">
                                   <elements>
                                        <DOMSymbolInstance libraryItemName="Symbol 1644" centerPoint3DX="45.25" centerPoint3DY="15.55">
                                             <matrix>
                                                  <Matrix tx="28.5" ty="-3.75" a="0.786224365234375" d="0.9967041015625"/>
                                             </matrix>
                                             <transformationPoint>
                                                  <Point/>
                                             </transformationPoint>
                                        </DOMSymbolInstance>
                                   </elements>
                              </DOMFrame>
                              <DOMFrame index="37" duration="2" keyMode="9728">
                                   <elements>
                                        <DOMSymbolInstance libraryItemName="Symbol 1644" centerPoint3DX="39.9" centerPoint3DY="25.55">
                                             <matrix>
                                                  <Matrix tx="23.15" ty="6.25" a="1.095703125" d="0.7518157958984375"/>
                                             </matrix>
                                             <transformationPoint>
                                                  <Point/>
                                             </transformationPoint>
                                        </DOMSymbolInstance>
                                   </elements>
                              </DOMFrame>
                              <DOMFrame index="39" duration="3" keyMode="9728">
                                   <elements>
                                        <DOMSymbolInstance libraryItemName="Symbol 1644" centerPoint3DX="43.45" centerPoint3DY="19.3">
                                             <matrix>
                                                  <Matrix tx="26.7" ty="0.0" a="0.904876708984375" d="0.904876708984375"/>
                                             </matrix>
                                             <transformationPoint>
                                                  <Point/>
                                             </transformationPoint>
                                        </DOMSymbolInstance>
                                   </elements>
                              </DOMFrame>
                         </frames>
                    </DOMLayer>
                    <DOMLayer name="Layer 7" color="#aaf8df">
                         <frames>
                              <DOMFrame index="0" duration="12" keyMode="9728">
                                   <elements>
                                        <DOMSymbolInstance libraryItemName="Symbol 336" centerPoint3DX="50.7" centerPoint3DY="36.05">
                                             <matrix>
                                                  <Matrix tx="42.4" ty="32.75" a="1.74249267578125" d="1.23529052734375"/>
                                             </matrix>
                                             <transformationPoint>
                                                  <Point/>
                                             </transformationPoint>
                                        </DOMSymbolInstance>
                                   </elements>
                              </DOMFrame>
                              <DOMFrame index="12" duration="2" keyMode="9728">
                                   <elements>
                                        <DOMSymbolInstance libraryItemName="Symbol 336" centerPoint3DX="50.5" centerPoint3DY="36.75">
                                             <matrix>
                                                  <Matrix tx="42.2" ty="33.45" a="2.10992431640625" d="1.0263519287109375"/>
                                             </matrix>
                                             <transformationPoint>
                                                  <Point/>
                                             </transformationPoint>
                                        </DOMSymbolInstance>
                                   </elements>
                              </DOMFrame>
                              <DOMFrame index="14" duration="2" keyMode="9728">
                                   <elements>
                                        <DOMSymbolInstance libraryItemName="Symbol 336" centerPoint3DX="50.4" centerPoint3DY="35.6">
                                             <matrix>
                                                  <Matrix tx="42.1" ty="32.3" a="1.514007568359375" d="1.36065673828125"/>
                                             </matrix>
                                             <transformationPoint>
                                                  <Point/>
                                             </transformationPoint>
                                        </DOMSymbolInstance>
                                   </elements>
                              </DOMFrame>
                              <DOMFrame index="16" duration="19" keyMode="9728">
                                   <elements>
                                        <DOMSymbolInstance libraryItemName="Symbol 336" centerPoint3DX="50.7" centerPoint3DY="36.05">
                                             <matrix>
                                                  <Matrix tx="42.4" ty="32.75" a="1.74249267578125" d="1.23529052734375"/>
                                             </matrix>
                                             <transformationPoint>
                                                  <Point/>
                                             </transformationPoint>
                                        </DOMSymbolInstance>
                                   </elements>
                              </DOMFrame>
                              <DOMFrame index="35" duration="2" keyMode="9728">
                                   <elements>
                                        <DOMSymbolInstance libraryItemName="Symbol 336" centerPoint3DX="50.4" centerPoint3DY="35.6">
                                             <matrix>
                                                  <Matrix tx="42.1" ty="32.3" a="1.514007568359375" d="1.36065673828125"/>
                                             </matrix>
                                             <transformationPoint>
                                                  <Point/>
                                             </transformationPoint>
                                        </DOMSymbolInstance>
                                   </elements>
                              </DOMFrame>
                              <DOMFrame index="37" duration="2" keyMode="9728">
                                   <elements>
                                        <DOMSymbolInstance libraryItemName="Symbol 336" centerPoint3DX="50.5" centerPoint3DY="36.75">
                                             <matrix>
                                                  <Matrix tx="42.2" ty="33.45" a="2.10992431640625" d="1.0263519287109375"/>
                                             </matrix>
                                             <transformationPoint>
                                                  <Point/>
                                             </transformationPoint>
                                        </DOMSymbolInstance>
                                   </elements>
                              </DOMFrame>
                              <DOMFrame index="39" duration="3" keyMode="9728">
                                   <elements>
                                        <DOMSymbolInstance libraryItemName="Symbol 336" centerPoint3DX="50.7" centerPoint3DY="36.05">
                                             <matrix>
                                                  <Matrix tx="42.4" ty="32.75" a="1.74249267578125" d="1.23529052734375"/>
                                             </matrix>
                                             <transformationPoint>
                                                  <Point/>
                                             </transformationPoint>
                                        </DOMSymbolInstance>
                                   </elements>
                              </DOMFrame>
                         </frames>
                    </DOMLayer>
                    <DOMLayer name="Layer 8" color="#a2c95a">
                         <frames>
                              <DOMFrame index="0" duration="42" keyMode="9728">
                                   <elements>
                                        <DOMSymbolInstance libraryItemName="Symbol 2137" centerPoint3DX="14.7" centerPoint3DY="15.05">
                                             <matrix>
                                                  <Matrix tx="2.6" ty="4.1" a="0.904876708984375" d="0.904876708984375"/>
                                             </matrix>
                                             <transformationPoint>
                                                  <Point/>
                                             </transformationPoint>
                                        </DOMSymbolInstance>
                                   </elements>
                              </DOMFrame>
                         </frames>
                    </DOMLayer>
                    <DOMLayer name="Layer 9" color="#9bb6a8" current="true" isSelected="true">
                         <frames>
                              <DOMFrame index="0" duration="42" keyMode="9728">
                                   <elements>
                                        <DOMSymbolInstance libraryItemName="Symbol 2137" centerPoint3DX="25.05" centerPoint3DY="23.7">
                                             <matrix>
                                                  <Matrix tx="12.95" ty="12.75" a="0.2102508544921875" d="0.7838134765625" b="0.2501068115234375" c="0.1583404541015625"/>
                                             </matrix>
                                             <transformationPoint>
                                                  <Point/>
                                             </transformationPoint>
                                             <color>
                                                  <Color redMultiplier="0.0" greenMultiplier="0.0" blueMultiplier="0.0"/>
                                             </color>
                                        </DOMSymbolInstance>
                                   </elements>
                              </DOMFrame>
                         </frames>
                    </DOMLayer>
               </layers>
          </DOMTimeline>
     </timeline>
</DOMSymbolItem>
