<DOMSymbolItem xmlns="http://ns.adobe.com/xfl/2008/" xmlns:xsi="http://www.w3.org/2001/XMLSchema-instance" name="Symbol 1418" lastModified="1681431985" linkageIdentifier="bloodsplash" linkageExportForAS="true">
     <timeline>
          <DOMTimeline name="Symbol 1418">
               <layers>
                    <DOMLayer name="Script Layer" color="#afd5ac">
                         <frames>
                              <DOMFrame index="0" duration="16" keyMode="9728">
                                   <elements/>
                              </DOMFrame>
                              <DOMFrame index="16" keyMode="9728">
                                   <Actionscript>
                                        <script>done = true;
</script>
                                   </Actionscript>
                                   <elements/>
                              </DOMFrame>
                         </frames>
                    </DOMLayer>
                    <DOMLayer name="Layer 2" color="#a4deb9">
                         <frames>
                              <DOMFrame index="0" duration="2" keyMode="9728">
                                   <elements/>
                              </DOMFrame>
                              <DOMFrame index="2" keyMode="9728">
                                   <elements>
                                        <DOMSymbolInstance libraryItemName="Symbol 1404" symbolType="graphic" loop="loop">
                                             <matrix>
                                                  <Matrix tx="-0.05" ty="-1.35"/>
                                             </matrix>
                                             <transformationPoint>
                                                  <Point/>
                                             </transformationPoint>
                                        </DOMSymbolInstance>
                                   </elements>
                              </DOMFrame>
                              <DOMFrame index="3" keyMode="9728">
                                   <elements/>
                              </DOMFrame>
                              <DOMFrame index="4" keyMode="9728">
                                   <elements>
                                        <DOMSymbolInstance libraryItemName="Symbol 1406" symbolType="graphic" loop="loop">
                                             <matrix>
                                                  <Matrix tx="-0.05" ty="-1.35"/>
                                             </matrix>
                                             <transformationPoint>
                                                  <Point/>
                                             </transformationPoint>
                                        </DOMSymbolInstance>
                                   </elements>
                              </DOMFrame>
                              <DOMFrame index="5" duration="12" keyMode="9728">
                                   <elements/>
                              </DOMFrame>
                         </frames>
                    </DOMLayer>
                    <DOMLayer name="Layer 3" color="#e1099b" current="true" isSelected="true">
                         <frames>
                              <DOMFrame index="0" keyMode="9728">
                                   <elements>
                                        <DOMSymbolInstance libraryItemName="Symbol 1402" symbolType="graphic" loop="loop">
                                             <matrix>
                                                  <Matrix tx="-0.05" ty="-1.35"/>
                                             </matrix>
                                             <transformationPoint>
                                                  <Point/>
                                             </transformationPoint>
                                        </DOMSymbolInstance>
                                   </elements>
                              </DOMFrame>
                              <DOMFrame index="1" keyMode="9728">
                                   <elements>
                                        <DOMShape isFloating="true">
                                             <fills>
                                                  <FillStyle index="1">
                                                       <SolidColor color="#451818" alpha="0.2"/>
                                                  </FillStyle>
                                                  <FillStyle index="2">
                                                       <SolidColor color="#000000" alpha="1.0"/>
                                                  </FillStyle>
                                                  <FillStyle index="3">
                                                       <SolidColor color="#792020" alpha="1.0"/>
                                                  </FillStyle>
                                             </fills>
                                             <strokes/>
                                             <edges>
                                                  <Edge fillStyle0="3" fillStyle1="2" edges="! -219 -6[ -219 180 14 180[ 150 180 194 62| 217 -20| 193 -19[ 124 -19 97 -83[ 82 -117 82 -154[ 82 -209 107 -239| 85 -248[ 44 -266 -9 -270| -40 -271[ -150 -271 -195 -145| -201 -127[ -219 -69 -219 -6"/>
                                                  <Edge fillStyle0="0" fillStyle1="2" edges="! -135 221[ -221 193 -260 129[ -289 82 -289 -6[ -289 -292 -69 -323[ 10 -334 82 -306[ 136 -284 148 -257| 152 -235| 148 -219"/>
                                                  <Edge fillStyle0="0" fillStyle1="1" edges="! 148 -219| 193 -181[ 263 -113 276 -41[ 297 66 194 172| 191 175"/>
                                                  <Edge fillStyle0="0" fillStyle1="2" edges="! 191 175| 130 217"/>
                                                  <Edge fillStyle0="0" fillStyle1="1" edges="! 130 217| 123 222[ 34 271 -62 248[ -104 238 -135 221"/>
                                                  <Edge fillStyle0="2" fillStyle1="1" edges="! -135 221[ -73 240 14 240[ 80 240 130 217"/>
                                                  <Edge fillStyle0="1" fillStyle1="2" edges="! 148 -219[ 139 -180 139 -159[ 139 -84 198 -70| 241 -57[ 268 -57 268 -23[ 268 50 231 118| 191 175"/>
                                             </edges>
                                        </DOMShape>
                                   </elements>
                              </DOMFrame>
                              <DOMFrame index="2" keyMode="9728">
                                   <elements/>
                              </DOMFrame>
                              <DOMFrame index="3" keyMode="9728">
                                   <elements>
                                        <DOMSymbolInstance libraryItemName="Symbol 1405" symbolType="graphic" loop="loop">
                                             <matrix>
                                                  <Matrix tx="-0.05" ty="-1.35"/>
                                             </matrix>
                                             <transformationPoint>
                                                  <Point/>
                                             </transformationPoint>
                                        </DOMSymbolInstance>
                                   </elements>
                              </DOMFrame>
                              <DOMFrame index="4" keyMode="9728">
                                   <elements/>
                              </DOMFrame>
                              <DOMFrame index="5" keyMode="9728">
                                   <elements>
                                        <DOMSymbolInstance libraryItemName="Symbol 1407" symbolType="graphic" loop="loop">
                                             <matrix>
                                                  <Matrix tx="-0.05" ty="-1.35"/>
                                             </matrix>
                                             <transformationPoint>
                                                  <Point/>
                                             </transformationPoint>
                                        </DOMSymbolInstance>
                                   </elements>
                              </DOMFrame>
                              <DOMFrame index="6" keyMode="9728">
                                   <elements>
                                        <DOMShape isFloating="true">
                                             <fills>
                                                  <FillStyle index="1">
                                                       <SolidColor color="#792020" alpha="1.0"/>
                                                  </FillStyle>
                                                  <FillStyle index="2">
                                                       <SolidColor color="#451818" alpha="0.2"/>
                                                  </FillStyle>
                                             </fills>
                                             <strokes/>
                                             <edges>
                                                  <Edge fillStyle1="1" edges="! 859 -1042[ 859 -1076 896 -1078[ 933 -1080 933 -1047[ 933 -1003 895 -1003[ 873 -1003 864 -1022| 859 -1042"/>
                                                  <Edge fillStyle1="2" edges="! -294 -227[ -276 -256 -246 -281| -189 -321[ -148 -361 -51 -352[ 15 -346 43 -334| -1 -385[ -9 -392 -8 -401| 7 -397[ 60 -407 139 -365[ 201 -332 247 -287| 325 -206[ 350 -171 381 -96[ 396 -55 370 45[ 329 191 199 284[ 125 337 9 358| -170 363[ -213 357 -263 325| -335 268[ -410 194 -427 156[ -455 88 -432 -34| -423 -33| -425 -41| -408 -39| -377 40[ -344 120 -287 176[ -239 224 -174 240[ -100 258 -20 229"/>
                                                  <Edge fillStyle1="1" edges="! -20 229| -21 225[ -21 214 10 210| 24 209"/>
                                                  <Edge fillStyle1="2" edges="! 24 209| 86 171| 103 159"/>
                                                  <Edge fillStyle1="1" edges="! 103 159| 108 153[ 137 126 144 85[ 154 29 165 40[ 171 46 173 63"/>
                                                  <Edge fillStyle1="2" edges="! 173 63| 187 6[ 198 -89 141 -144[ 131 -155 103 -174| 101 -176| 120 -157[ 153 -125 163 -82[ 179 -7 96 52[ 1 120 -105 97| -154 83[ -174 86 -205 68| -244 41| -288 -8"/>
                                                  <Edge fillStyle1="1" edges="! -288 -8[ -296 6 -303 6[ -338 6 -339 -70[ -339 -109 -322 -145[ -321 -191 -294 -227"/>
                                                  <Edge fillStyle0="2" fillStyle1="1" edges="! -294 -227| -262 -259[ -206 -302 -129 -304[ -50 -306 3 -260[ 63 -208 63 -109[ 63 -71 41 -25[ 6 46 -63 46[ -84 46 -84 29[ -94 26 -93 14| -90 -3[ -90 -34 -113 -63[ -144 -102 -202 -102[ -256 -102 -272 -48| -288 -8"/>
                                                  <Edge fillStyle0="0" fillStyle1="2" edges="! 66 -196| 90 -184| 72 -198| 66 -196"/>
                                                  <Edge fillStyle0="0" fillStyle1="1" edges="! 909 623| 907 601[ 907 547 952 547[ 997 547 997 584[ 997 601 986 618[ 971 642 941 642[ 916 642 909 623"/>
                                                  <Edge fillStyle0="1" fillStyle1="2" edges="! 103 159| 81 179[ 79 193 98 193[ 137 193 159 140[ 174 103 174 80| 173 63"/>
                                                  <Edge fillStyle0="1" fillStyle1="2" edges="! -20 229[ -17 237 3 237| 33 233[ 40 229 40 219[ 40 209 24 209"/>
                                                  <Edge fillStyle0="0" fillStyle1="1" edges="! 246 562[ 246 547 264 547[ 282 547 282 562[ 279 580 264 580[ 254 580 249 571| 246 562"/>
                                                  <Edge fillStyle0="0" fillStyle1="1" edges="! -229 -1054[ -192 -1045 -192 -1021[ -192 -1009 -198 -999[ -209 -984 -232 -984[ -254 -984 -263 -1003| -267 -1023[ -267 -1063 -229 -1054"/>
                                                  <Edge fillStyle0="2" fillStyle1="1" edges="! -49 -8| -51 -9| -51 -6| -49 -8"/>
                                                  <Edge fillStyle0="0" fillStyle1="1" edges="! -165 125[ -165 134 -171 141[ -179 150 -192 150[ -216 150 -216 129[ -216 103 -190 104[ -165 104 -165 125"/>
                                                  <Edge fillStyle0="0" fillStyle1="1" edges="! -678 85| -678 71[ -678 37 -644 31[ -610 25 -610 54[ -610 67 -619 80[ -632 99 -654 99[ -673 99 -678 85"/>
                                                  <Edge fillStyle0="0" fillStyle1="1" edges="! -909 919[ -909 879 -873 876[ -837 873 -837 909[ -837 924 -843 930[ -853 940 -885 940[ -910 940 -909 919"/>
                                             </edges>
                                        </DOMShape>
                                   </elements>
                              </DOMFrame>
                              <DOMFrame index="7" keyMode="9728">
                                   <elements>
                                        <DOMShape isFloating="true">
                                             <fills>
                                                  <FillStyle index="1">
                                                       <SolidColor color="#792020" alpha="1.0"/>
                                                  </FillStyle>
                                                  <FillStyle index="2">
                                                       <SolidColor color="#451818" alpha="0.2"/>
                                                  </FillStyle>
                                             </fills>
                                             <strokes/>
                                             <edges>
                                                  <Edge fillStyle1="1" edges="! 951 -1137[ 951 -1175 986 -1166[ 1020 -1157 1020 -1134[ 1020 -1102 988 -1102[ 963 -1102 955 -1119[ 950 -1128 951 -1137"/>
                                                  <Edge fillStyle1="2" edges="! -71 -298| 13 -296[ 77 -280 104 -254| 107 -250| 145 -251| 162 -277| 131 -330| 127 -335| 126 -338| 146 -340[ 178 -334 228 -306[ 250 -296 273 -276| 308 -242[ 356 -195 369 -171[ 388 -136 396 -67[ 401 -20 380 68[ 362 147 335 184[ 306 244 219 306[ 133 367 8 394[ -103 419 -160 404[ -193 396 -246 367[ -301 338 -322 317| -387 246| -400 228| -428 185[ -435 163 -438 119[ -428 117 -423 122| -418 135| -401 140| -355 185| -303 226[ -245 275 -166 282| -117 281| -49 273[ -15 271 32 246[ 29 242 34 239| 78 212| 104 193"/>
                                                  <Edge fillStyle1="1" edges="! 104 193| 98 193[ 79 193 81 179| 108 153[ 137 126 144 85| 145 81"/>
                                                  <Edge fillStyle1="2" edges="! 145 81| 128 94[ 42 156 -83 141| -165 126"/>
                                                  <Edge fillStyle1="1" edges="! -165 126[ -165 134 -171 141[ -179 150 -192 150[ -216 150 -216 129[ -216 112 -204 107"/>
                                                  <Edge fillStyle1="2" edges="! -204 107| -205 106| -207 104| -253 76[ -287 43 -306 6"/>
                                                  <Edge fillStyle1="1" edges="! -306 6[ -338 2 -339 -70[ -339 -107 -324 -141"/>
                                                  <Edge fillStyle1="2" edges="! -324 -141| -322 -149"/>
                                                  <Edge fillStyle1="1" edges="! -322 -149[ -319 -215 -262 -259[ -206 -302 -129 -304| -71 -298"/>
                                                  <Edge fillStyle0="2" fillStyle1="1" edges="! -71 -298[ -29 -288 3 -260| 18 -246"/>
                                                  <Edge fillStyle0="2" fillStyle1="0" edges="! 18 -246[ 47 -242 85 -222[ 139 -194 166 -167[ 222 -112 229 -36[ 239 57 158 144"/>
                                                  <Edge fillStyle0="2" fillStyle1="1" edges="! 158 144[ 137 189 104 193"/>
                                                  <Edge fillStyle0="0" fillStyle1="2" edges="! 41 -213| 54 -208| 114 -181| 143 -153[ 182 -115 196 -63[ 213 2 172 54"/>
                                                  <Edge fillStyle0="0" fillStyle1="1" edges="! 172 54| 174 80[ 174 103 159 140| 158 144"/>
                                                  <Edge fillStyle0="0" fillStyle1="1" edges="! 18 -246| 41 -213"/>
                                                  <Edge fillStyle0="2" fillStyle1="1" edges="! 41 -213[ 63 -170 63 -109[ 63 -71 41 -25[ 6 46 -63 46[ -84 46 -84 29[ -94 26 -93 14| -90 -3[ -90 -34 -113 -63[ -144 -102 -202 -102[ -256 -102 -272 -48[ -289 6 -303 6| -306 6"/>
                                                  <Edge fillStyle0="0" fillStyle1="1" edges="! 1005 696[ 1005 663 1041 661[ 1077 658 1077 694[ 1077 724 1039 724[ 1016 724 1009 710| 1005 696"/>
                                                  <Edge fillStyle0="1" fillStyle1="2" edges="! 172 54| 165 40[ 154 29 145 81"/>
                                                  <Edge fillStyle0="0" fillStyle1="1" edges="! 3 237[ -21 237 -21 225[ -21 214 10 210[ 40 206 40 219[ 40 229 33 233| 3 237"/>
                                                  <Edge fillStyle0="0" fillStyle1="1" edges="! -275 -1157[ -250 -1159 -250 -1135[ -250 -1110 -279 -1110[ -304 -1110 -301 -1132[ -301 -1155 -275 -1157"/>
                                                  <Edge fillStyle0="2" fillStyle1="1" edges="! -324 -141| -322 -145| -322 -149"/>
                                                  <Edge fillStyle0="2" fillStyle1="1" edges="! -51 -6| -49 -8| -51 -9| -51 -6"/>
                                                  <Edge fillStyle0="2" fillStyle1="1" edges="! -204 107| -190 104[ -165 104 -165 125| -165 126"/>
                                                  <Edge fillStyle0="0" fillStyle1="1" edges="! -710 114[ -688 115 -688 141[ -688 160 -712 160[ -738 160 -733 141[ -733 113 -710 114"/>
                                                  <Edge fillStyle0="0" fillStyle1="1" edges="! -965 996[ -939 991 -939 1011[ -939 1041 -975 1041[ -992 1041 -991 1025[ -991 1001 -965 996"/>
                                             </edges>
                                        </DOMShape>
                                   </elements>
                              </DOMFrame>
                              <DOMFrame index="8" keyMode="9728">
                                   <elements>
                                        <DOMShape isFloating="true">
                                             <fills>
                                                  <FillStyle index="1">
                                                       <SolidColor color="#451818" alpha="0.2"/>
                                                  </FillStyle>
                                                  <FillStyle index="2">
                                                       <SolidColor color="#792020" alpha="1.0"/>
                                                  </FillStyle>
                                             </fills>
                                             <strokes/>
                                             <edges>
                                                  <Edge fillStyle1="2" edges="! 1062 -1185[ 1062 -1213 1092 -1210[ 1122 -1207 1122 -1181[ 1122 -1158 1094 -1158[ 1073 -1158 1065 -1173[ 1062 -1180 1062 -1185"/>
                                                  <Edge fillStyle1="1" edges="! 311 -260[ 346 -226 357 -204| 396 -119| 415 -80[ 426 -57 424 -35[ 417 61 392 85[ 364 177 279 289| 203 343[ 2 430 -164 393[ -283 367 -370 281| -419 211[ -462 141 -447 130| -445 129[ -446 107 -424 129[ -395 173 -362 206[ -283 283 -188 311[ -32 355 135 253| 197 209[ 311 44 264 -70[ 250 -103 208 -158| 179 -200| 174 -200| 166 -205[ 164 -207 165 -225| 154 -246| 165 -242| 161 -272| 142 -295[ 135 -304 135 -312| 128 -315[ 116 -328 127 -336| 156 -339[ 188 -343 235 -317[ 278 -293 311 -260"/>
                                                  <Edge fillStyle0="1" fillStyle1="2" edges="! 85 -241| 112 -195[ 141 -118 87 -24[ -7 103 -46 80[ -67 68 -55 48| -7 -5[ 9 -33 9 -80[ 8 -146 -42 -175[ -66 -189 -115 -194| -134 -195"/>
                                                  <Edge fillStyle0="1" fillStyle1="0" edges="! -134 -195| -136 -160[ -133 -121 -116 -104| -87 -81| -70 -68[ -59 -28 -96 -1[ -128 22 -177 -2[ -209 -17 -230 -38[ -246 -53 -296 -157[ -319 -180 -332 -146[ -342 -121 -339 -96| -330 -22| -293 33| -248 85[ -200 132 -126 155[ 1 194 115 113[ 215 41 206 -72[ 200 -156 162 -194[ 137 -219 85 -241"/>
                                                  <Edge fillStyle0="2" fillStyle1="0" edges="! 85 -241[ 57 -275 8 -297[ -68 -330 -146 -314[ -231 -297 -269 -230| -281 -205[ -294 -173 -282 -166[ -271 -160 -235 -173| -184 -194| -134 -195"/>
                                                  <Edge fillStyle0="0" fillStyle1="2" edges="! 1113 775[ 1113 741 1146 742[ 1179 743 1179 782| 1173 797[ 1164 805 1149 805[ 1113 805 1113 775"/>
                                                  <Edge fillStyle0="1" fillStyle1="2" edges="! -313 -135[ -303 -129 -310 -118| -317 -112| -326 -112[ -337 -119 -331 -130[ -325 -141 -313 -135"/>
                                                  <Edge fillStyle0="0" fillStyle1="2" edges="! -1077 1093[ -1077 1076 -1059 1074[ -1041 1071 -1041 1093| -1046 1105| -1057 1110[ -1077 1110 -1077 1093"/>
                                             </edges>
                                        </DOMShape>
                                   </elements>
                              </DOMFrame>
                              <DOMFrame index="9" keyMode="9728">
                                   <elements>
                                        <DOMShape isFloating="true">
                                             <fills>
                                                  <FillStyle index="1">
                                                       <SolidColor color="#451818" alpha="0.2"/>
                                                  </FillStyle>
                                                  <FillStyle index="2">
                                                       <SolidColor color="#792020" alpha="1.0"/>
                                                  </FillStyle>
                                             </fills>
                                             <strokes/>
                                             <edges>
                                                  <Edge fillStyle1="2" edges="! 1193 -1194| 1191 -1204[ 1191 -1225 1212 -1228[ 1233 -1231 1233 -1208| 1230 -1192[ 1224 -1185 1207 -1185[ 1196 -1185 1193 -1194"/>
                                                  <Edge fillStyle1="2" edges="! -230 -175| -235 -173[ -271 -160 -282 -166[ -294 -173 -281 -205| -269 -230[ -231 -297 -146 -314[ -68 -330 8 -297| 15 -294"/>
                                                  <Edge fillStyle1="1" edges="! 15 -294[ 83 -282 118 -248[ 172 -195 187 -104[ 209 30 79 123[ -5 183 -176 95[ -203 70 -191 61| -188 63| -185 59| -142 54[ -95 45 -70 27[ -37 4 -47 -22| -65 -46| -87 -43| -136 -41| -173 -51| -187 -69[ -239 -120 -230 -175"/>
                                                  <Edge fillStyle0="2" fillStyle1="1" edges="! -230 -175| -184 -194[ -159 -198 -115 -194[ -66 -189 -42 -175[ 8 -146 9 -80[ 9 -33 -7 -5| -55 48[ -67 68 -46 80[ -7 103 87 -24[ 141 -118 112 -195[ 87 -259 15 -294"/>
                                                  <Edge fillStyle0="0" fillStyle1="1" edges="! 191 -348[ 275 -331 303 -303[ 358 -249 385 -210[ 421 -161 442 -97[ 458 -52 451 50[ 450 72 421 149[ 405 192 338 250| 274 299| 228 332| 224 332| 208 343| 181 341[ 169 328 206 298[ 261 255 283 209[ 297 182 317 110[ 340 37 321 -40[ 315 -63 311 -111| 299 -171| 270 -227| 231 -271| 165 -326| 139 -333[ 107 -365 191 -348"/>
                                                  <Edge fillStyle0="0" fillStyle1="2" edges="! 1227 876[ 1227 855 1247 857[ 1266 860 1266 876[ 1266 895 1244 895[ 1231 895 1228 884| 1227 876"/>
                                                  <Edge fillStyle0="0" fillStyle1="1" edges="! 360 107| 363 82| 359 104| 360 107"/>
                                                  <Edge fillStyle0="0" fillStyle1="1" edges="! 308 241| 300 252| 301 251| 313 242| 308 241"/>
                                                  <Edge fillStyle0="0" fillStyle1="1" edges="! 33 406[ 22 414 9 412[ -27 437 -218 392[ -247 385 -294 359[ -341 333 -362 313| -430 219[ -458 166 -462 133[ -468 105 -451 116[ -449 108 -435 122[ -396 191 -361 225[ -255 330 -92 359| 60 376[ 70 386 60 393[ 52 399 38 401| 33 406"/>
                                                  <Edge fillStyle0="0" fillStyle1="2" edges="! -321 -111| -326 -112[ -337 -119 -331 -130[ -325 -141 -313 -135[ -303 -129 -310 -118| -310 -117"/>
                                                  <Edge fillStyle0="0" fillStyle1="1" edges="! -310 -117[ -306 -116 -301 -111| -297 -89[ -292 -65 -280 -49| -256 -19[ -242 0 -252 7[ -267 18 -298 -8[ -322 -31 -324 -83| -321 -111"/>
                                                  <Edge fillStyle0="2" fillStyle1="1" edges="! -321 -111| -317 -112| -310 -117"/>
                                                  <Edge fillStyle0="0" fillStyle1="1" edges="! -155 372| -165 368| -166 370| -165 371| -155 372"/>
                                             </edges>
                                        </DOMShape>
                                   </elements>
                              </DOMFrame>
                              <DOMFrame index="10" keyMode="9728">
                                   <elements>
                                        <DOMShape isFloating="true">
                                             <fills>
                                                  <FillStyle index="1">
                                                       <SolidColor color="#451818" alpha="0.2"/>
                                                  </FillStyle>
                                                  <FillStyle index="2">
                                                       <SolidColor color="#792020" alpha="1.0"/>
                                                  </FillStyle>
                                             </fills>
                                             <strokes/>
                                             <edges>
                                                  <Edge fillStyle1="1" edges="! 251 -291| 221 -312| 190 -335[ 167 -358 222 -341[ 276 -325 307 -294| 338 -262[ 364 -231 349 -220[ 344 -216 328 -229| 313 -244| 292 -264| 251 -291"/>
                                                  <Edge fillStyle0="1" fillStyle1="2" edges="! 121 -209[ 147 -162 138 -111[ 129 -69 110 -58[ 84 -43 73 -62[ 63 -139 34 -189[ -4 -255 -76 -278| -129 -293"/>
                                                  <Edge fillStyle0="1" fillStyle1="0" edges="! -129 -293| -165 -282| -212 -256| -214 -258| -216 -253| -247 -219[ -268 -184 -248 -158| -249 -157[ -255 -62 -209 -17[ -192 2 -165 14[ -114 36 -63 -1[ -45 -14 -39 -25| -36 -28| -16 -56[ 7 -73 50 -33[ 70 -13 78 13[ 94 64 42 101[ 37 104 3 122[ -11 131 0 142[ 8 150 47 131| 60 130| 101 107[ 168 60 177 -37[ 188 -137 121 -209"/>
                                                  <Edge fillStyle0="2" fillStyle1="0" edges="! 121 -209| 119 -212[ 68 -301 -31 -327| -134 -330[ -156 -317 -144 -297| -129 -293"/>
                                                  <Edge fillStyle0="0" fillStyle1="1" edges="! 371 -206[ 378 -211 391 -198[ 405 -184 425 -138[ 452 -79 458 -18[ 479 165 316 282[ 293 298 287 287| 319 231[ 361 165 379 119[ 392 87 394 50| 393 -10[ 394 -65 384 -124| 376 -149| 367 -173[ 363 -200 371 -206"/>
                                                  <Edge fillStyle0="0" fillStyle1="1" edges="! -26 61| -13 61[ -6 68 -14 84[ -25 102 -49 119| -80 121[ -90 112 -73 100| -26 61"/>
                                                  <Edge fillStyle0="0" fillStyle1="1" edges="! -255 344[ -214 363 -142 381| -79 399[ -70 408 -80 416[ -101 431 -164 416| -247 391| -305 364[ -341 343 -355 330| -401 280[ -426 248 -426 223| -421 227| -416 234| -411 238| -410 230| -383 254| -326 299| -255 344"/>
                                             </edges>
                                        </DOMShape>
                                   </elements>
                              </DOMFrame>
                              <DOMFrame index="11" keyMode="9728">
                                   <elements>
                                        <DOMShape isFloating="true">
                                             <fills>
                                                  <FillStyle index="1">
                                                       <SolidColor color="#451818" alpha="0.2"/>
                                                  </FillStyle>
                                                  <FillStyle index="2">
                                                       <SolidColor color="#792020" alpha="1.0"/>
                                                  </FillStyle>
                                             </fills>
                                             <strokes/>
                                             <edges>
                                                  <Edge fillStyle1="2" edges="! -148 -308[ -149 -321 -134 -330| -31 -327[ 68 -301 119 -212| 125 -202"/>
                                                  <Edge fillStyle1="1" edges="! 125 -202| 141 -191[ 174 -159 181 -92[ 190 -25 166 -8[ 157 -2 148 -4| 140 -9| 141 -57| 137 -105"/>
                                                  <Edge fillStyle1="2" edges="! 137 -105[ 128 -68 110 -58[ 91 -47 80 -54"/>
                                                  <Edge fillStyle1="1" edges="! 80 -54[ 85 -25 64 -10[ 52 -2 43 -10| 29 -25| 23 -30| 17 -18| -44 25[ -113 64 -172 45[ -206 33 -242 -2[ -278 -38 -285 -97| -288 -104[ -305 -163 -280 -205[ -268 -238 -224 -269[ -186 -296 -148 -308"/>
                                                  <Edge fillStyle0="2" fillStyle1="1" edges="! -148 -308| -144 -297| -76 -278[ -29 -263 4 -230"/>
                                                  <Edge fillStyle0="2" fillStyle1="0" edges="! 4 -230| 34 -189[ 59 -146 70 -82"/>
                                                  <Edge fillStyle0="2" fillStyle1="1" edges="! 70 -82| 73 -62| 80 -54"/>
                                                  <Edge fillStyle0="1" fillStyle1="0" edges="! 70 -82| 57 -105| 6 -148[ 0 -155 -6 -183[ -11 -217 -1 -227| 4 -230"/>
                                                  <Edge fillStyle0="1" fillStyle1="2" edges="! 125 -202[ 146 -159 138 -111| 137 -105"/>
                                                  <Edge fillStyle0="0" fillStyle1="1" edges="! 429 160[ 409 201 376 230| 364 229| 394 167| 431 88| 437 12[ 441 -37 459 -19[ 468 -11 456 92| 429 160"/>
                                             </edges>
                                        </DOMShape>
                                   </elements>
                              </DOMFrame>
                              <DOMFrame index="12" keyMode="9728">
                                   <elements>
                                        <DOMShape isFloating="true">
                                             <fills>
                                                  <FillStyle index="1">
                                                       <SolidColor color="#451818" alpha="0.2"/>
                                                  </FillStyle>
                                                  <FillStyle index="2">
                                                       <SolidColor color="#792020" alpha="1.0"/>
                                                  </FillStyle>
                                             </fills>
                                             <strokes/>
                                             <edges>
                                                  <Edge fillStyle1="2" edges="! 85 -291[ 127 -316 171 -206[ 213 -99 159 -68[ 136 -54 124 -75| 111 -181| 80 -262[ 72 -284 85 -291"/>
                                                  <Edge fillStyle1="2" edges="! 9 -306[ -7 -297 -17 -315[ -25 -329 -19 -337| -11 -341[ 10 -354 15 -333[ 20 -313 9 -306"/>
                                                  <Edge fillStyle1="1" edges="! 1 -281| -43 -282| -72 -292[ -91 -311 -58 -315[ -25 -320 -9 -304| 1 -293[ 7 -285 1 -281"/>
                                                  <Edge fillStyle1="1" edges="! 57 -83| 58 -76| 66 -71[ 77 -59 65 -24[ 50 19 12 46[ -66 102 -159 77[ -217 61 -245 33| -276 -3| -295 -16[ -381 -101 -271 -221[ -232 -263 -185 -290[ -139 -316 -127 -304| -171 -234[ -218 -166 -185 -133[ -136 -85 -50 -107| 10 -123[ 38 -128 49 -117| 57 -83"/>
                                             </edges>
                                        </DOMShape>
                                   </elements>
                              </DOMFrame>
                              <DOMFrame index="13" keyMode="9728">
                                   <elements>
                                        <DOMShape isFloating="true">
                                             <fills>
                                                  <FillStyle index="1">
                                                       <SolidColor color="#451818" alpha="0.2"/>
                                                  </FillStyle>
                                                  <FillStyle index="2">
                                                       <SolidColor color="#792020" alpha="1.0"/>
                                                  </FillStyle>
                                             </fills>
                                             <strokes/>
                                             <edges>
                                                  <Edge fillStyle1="2" edges="! 85 -291[ 127 -316 171 -206[ 213 -99 159 -68[ 136 -54 124 -75| 111 -181| 80 -262[ 72 -284 85 -291"/>
                                                  <Edge fillStyle1="2" edges="! 9 -306[ -7 -297 -17 -315[ -25 -329 -19 -337| -11 -341[ 10 -354 15 -333[ 20 -313 9 -306"/>
                                                  <Edge fillStyle1="1" edges="! 28 -108[ 44 -120 59 -105[ 88 -77 83 -37[ 77 23 -6 83[ -91 144 -186 103[ -235 85 -269 49[ -315 5 -334 -71[ -355 -151 -317 -178| -293 -192| -290 -188| -272 -120| -260 -84| -206 -28| -181 -6[ -119 25 -62 -15[ -6 -55 12 -82| 28 -108"/>
                                             </edges>
                                        </DOMShape>
                                   </elements>
                              </DOMFrame>
                              <DOMFrame index="14" keyMode="9728">
                                   <elements>
                                        <DOMShape isFloating="true">
                                             <fills>
                                                  <FillStyle index="1">
                                                       <SolidColor color="#451818" alpha="0.2"/>
                                                  </FillStyle>
                                                  <FillStyle index="2">
                                                       <SolidColor color="#792020" alpha="1.0"/>
                                                  </FillStyle>
                                             </fills>
                                             <strokes/>
                                             <edges>
                                                  <Edge fillStyle1="2" edges="! 190 -53| 171 -52[ 155 -56 151 -69[ 140 -113 196 -179[ 229 -188 222 -124[ 215 -60 190 -53"/>
                                                  <Edge fillStyle1="1" edges="! 107 -34[ 105 32 21 92[ -50 142 -132 128[ -188 119 -206 101[ -221 87 -216 78[ -210 65 -168 70| -125 68[ -81 60 -48 37[ 24 -15 43 -59| 57 -99| 84 -97[ 107 -74 107 -34"/>
                                                  <Edge fillStyle1="1" edges="! -309 -30| -268 40[ -283 51 -313 21[ -323 11 -324 -18[ -326 -47 -309 -30"/>
                                             </edges>
                                        </DOMShape>
                                   </elements>
                              </DOMFrame>
                              <DOMFrame index="15" keyMode="9728">
                                   <elements>
                                        <DOMShape isFloating="true">
                                             <fills>
                                                  <FillStyle index="1">
                                                       <SolidColor color="#451818" alpha="0.2"/>
                                                  </FillStyle>
                                                  <FillStyle index="2">
                                                       <SolidColor color="#792020" alpha="1.0"/>
                                                  </FillStyle>
                                             </fills>
                                             <strokes/>
                                             <edges>
                                                  <Edge fillStyle1="2" edges="! 171 -52[ 155 -56 151 -69[ 140 -113 196 -179[ 229 -188 222 -124[ 215 -60 190 -53| 171 -52"/>
                                                  <Edge fillStyle1="1" edges="! 78 -59[ 79 -78 95 -90| 101 -86[ 122 -65 126 -30[ 132 26 65 74[ 26 102 -4 111| -34 113[ -38 108 6 79[ 61 39 75 -18| 78 -59"/>
                                             </edges>
                                        </DOMShape>
                                   </elements>
                              </DOMFrame>
                              <DOMFrame index="16" keyMode="9728">
                                   <elements/>
                              </DOMFrame>
                         </frames>
                    </DOMLayer>
               </layers>
          </DOMTimeline>
     </timeline>
</DOMSymbolItem>
