<DOMSymbolItem xmlns="http://ns.adobe.com/xfl/2008/" xmlns:xsi="http://www.w3.org/2001/XMLSchema-instance" name="Symbol 2137" lastModified="1681431985">
     <timeline>
          <DOMTimeline name="Symbol 2137">
               <layers>
                    <DOMLayer name="Script Layer" color="#c589ff">
                         <frames>
                              <DOMFrame index="0" keyMode="9728">
                                   <Actionscript>
                                        <script>stop();
</script>
                                   </Actionscript>
                                   <elements/>
                              </DOMFrame>
                         </frames>
                    </DOMLayer>
                    <DOMLayer name="Layer 2" color="#cf4f6d" current="true" isSelected="true">
                         <frames>
                              <DOMFrame index="0" keyMode="9728">
                                   <elements>
                                        <DOMShape isFloating="true">
                                             <fills>
                                                  <FillStyle index="1">
                                                       <SolidColor color="#000000"/>
                                                  </FillStyle>
                                                  <FillStyle index="2">
                                                       <SolidColor color="#8e746f"/>
                                                  </FillStyle>
                                                  <FillStyle index="3">
                                                       <SolidColor color="#856963"/>
                                                  </FillStyle>
                                             </fills>
                                             <strokes/>
                                             <edges>
                                                  <Edge fillStyle1="1" edges="! 462 172| 485 303[ 485 334 470 342| 354 378| 254 410| 159 438[ 129 438 97 373| 62 283| 29 205| 0 129[ 0 85 231 26[ 460 -32 435 41| 462 172"/>
                                                  <Edge fillStyle0="2" fillStyle1="1" edges="! 395 91| 387 49[ 344 57 219 91| 212 93| 208 94| 109 122| 89 129| 79 132| 76 133| 74 134| 62 141| 82 191| 85 196| 85 198| 86 201| 87 203| 117 275| 130 305| 146 340| 150 349[ 166 384 170 384| 177 382"/>
                                                  <Edge fillStyle0="2" fillStyle1="3" edges="! 177 382| 174 366| 149 264| 126 191| 199 170"/>
                                                  <Edge fillStyle0="2" fillStyle1="1" edges="! 199 170[ 207 152 222 143[ 217 136 215 124[ 215 93 239 99[ 261 106 262 135| 284 141"/>
                                                  <Edge fillStyle0="2" fillStyle1="3" edges="! 284 141[ 360 113 395 91"/>
                                                  <Edge fillStyle0="1" fillStyle1="3" edges="! 395 91[ 419 223 441 305| 375 325| 380 274[ 380 264 372 261[ 365 267 358 303| 355 321| 352 316[ 339 295 320 305| 333 337| 177 382"/>
                                                  <Edge fillStyle0="3" fillStyle1="1" edges="! 284 141| 288 143[ 306 151 306 161[ 306 181 292 181[ 283 181 280 176| 271 167| 239 168[ 227 177 227 202[ 227 248 264 248[ 274 248 284 233[ 295 218 304 218[ 320 218 320 238[ 320 248 302 265| 300 267| 306 289[ 306 313 284 313[ 267 313 262 296| 262 286| 252 286[ 220 286 202 256[ 193 241 190 224[ 190 191 199 170"/>
                                             </edges>
                                        </DOMShape>
                                   </elements>
                              </DOMFrame>
                              <DOMFrame index="1" keyMode="9728">
                                   <elements>
                                        <DOMShape isFloating="true">
                                             <fills>
                                                  <FillStyle index="1">
                                                       <SolidColor color="#000000"/>
                                                  </FillStyle>
                                                  <FillStyle index="2">
                                                       <SolidColor color="#8e746f"/>
                                                  </FillStyle>
                                                  <FillStyle index="3">
                                                       <SolidColor color="#856963"/>
                                                  </FillStyle>
                                                  <FillStyle index="4">
                                                       <SolidColor color="#8a1111"/>
                                                  </FillStyle>
                                                  <FillStyle index="5">
                                                       <SolidColor color="#6b5550"/>
                                                  </FillStyle>
                                             </fills>
                                             <strokes/>
                                             <edges>
                                                  <Edge fillStyle1="1" edges="! 462 172| 485 303[ 485 334 470 342| 354 378| 254 410| 159 438[ 129 438 97 373| 62 283| 29 205| 0 129[ 0 85 231 26[ 460 -32 435 41| 462 172"/>
                                                  <Edge fillStyle0="2" fillStyle1="1" edges="! 395 91| 387 49[ 344 57 219 91| 212 93| 208 94| 109 122| 89 129| 79 132| 76 133| 74 134| 62 141| 82 191| 85 196| 85 198| 86 201| 87 203| 117 275| 130 305| 146 340| 150 349[ 166 384 170 384| 177 382"/>
                                                  <Edge fillStyle0="2" fillStyle1="3" edges="! 177 382| 174 366| 149 264| 146 256"/>
                                                  <Edge fillStyle0="2" fillStyle1="1" edges="! 146 256| 140 248| 136 225"/>
                                                  <Edge fillStyle0="2" fillStyle1="3" edges="! 136 225| 126 191| 140 188"/>
                                                  <Edge fillStyle0="2" fillStyle1="1" edges="! 140 188[ 157 132 246 142| 252 131[ 254 124 258 120[ 262 113 269 109| 281 102| 285 101| 302 101[ 331 101 347 116"/>
                                                  <Edge fillStyle0="2" fillStyle1="3" edges="! 347 116| 395 91"/>
                                                  <Edge fillStyle0="1" fillStyle1="3" edges="! 395 91[ 419 223 441 305| 375 325| 380 274[ 380 264 372 261[ 365 267 358 303| 355 321| 352 316[ 339 295 320 305| 333 337| 177 382"/>
                                                  <Edge fillStyle0="5" fillStyle1="1" edges="! 235 172| 196 179[ 185 184 178 191[ 168 201 168 215[ 168 229 174 235| 197 246| 214 249| 269 265| 261 248[ 250 221 238 172| 235 172"/>
                                                  <Edge fillStyle0="4" fillStyle1="1" edges="! 267 170| 275 203| 284 234| 292 263| 318 227| 323 219[ 335 197 335 170| 331 145[ 325 133 314 130[ 305 127 293 130[ 282 134 278 156| 272 167| 267 170"/>
                                                  <Edge fillStyle0="3" fillStyle1="1" edges="! 347 116| 359 135[ 365 152 363 170[ 363 200 334 255| 305 300"/>
                                                  <Edge fillStyle0="3" fillStyle1="2" edges="! 305 300[ 301 313 284 313[ 272 313 266 304"/>
                                                  <Edge fillStyle0="3" fillStyle1="1" edges="! 266 304| 180 273[ 156 264 146 256"/>
                                                  <Edge fillStyle0="1" fillStyle1="3" edges="! 140 188| 136 218| 136 225"/>
                                                  <Edge fillStyle0="2" fillStyle1="1" edges="! 305 300[ 294 311 285 311| 266 304"/>
                                             </edges>
                                        </DOMShape>
                                   </elements>
                              </DOMFrame>
                         </frames>
                    </DOMLayer>
               </layers>
          </DOMTimeline>
     </timeline>
</DOMSymbolItem>
