<DOMSymbolItem xmlns="http://ns.adobe.com/xfl/2008/" xmlns:xsi="http://www.w3.org/2001/XMLSchema-instance" name="Symbol 1618" lastModified="1681431985">
     <timeline>
          <DOMTimeline name="Symbol 1618">
               <layers>
                    <DOMLayer name="Layer 1" color="#e0e9b6" current="true" isSelected="true">
                         <frames>
                              <DOMFrame index="0" keyMode="9728">
                                   <elements>
                                        <DOMShape isFloating="true">
                                             <fills>
                                                  <FillStyle index="1">
                                                       <SolidColor color="#a3a3a3"/>
                                                  </FillStyle>
                                                  <FillStyle index="2">
                                                       <SolidColor color="#000000"/>
                                                  </FillStyle>
                                                  <FillStyle index="3">
                                                       <SolidColor color="#fcfcfc"/>
                                                  </FillStyle>
                                                  <FillStyle index="4">
                                                       <SolidColor color="#b8b8b8"/>
                                                  </FillStyle>
                                                  <FillStyle index="5">
                                                       <SolidColor color="#446b68"/>
                                                  </FillStyle>
                                                  <FillStyle index="6">
                                                       <SolidColor color="#548a85"/>
                                                  </FillStyle>
                                             </fills>
                                             <strokes/>
                                             <edges>
                                                  <Edge fillStyle1="2" edges="! 449 476[ 442 515 413 522| 339 523| 333 525| 258 525| 205 530| 101 530[ 33 533 11 492[ 0 473 0 435| 5 343[ 5 316 20 299[ 41 272 98 260| 100 259[ 73 255 64 239[ 59 230 59 214[ 59 192 68 182[ 83 163 131 164| 185 164| 184 156| 189 128[ 151 139 140 116[ 134 104 136 89| 140 62[ 149 39 183 47| 179 26[ 179 -11 260 4[ 279 8 279 23| 275 43[ 311 39 321 55| 326 76[ 326 96 315 116[ 303 140 284 136| 284 138| 284 147| 284 156| 284 162[ 333 160 363 175| 375 180[ 406 196 406 226| 404 241| 403 251| 393 260| 382 265[ 428 283 443 342[ 451 373 451 432| 449 476"/>
                                                  <Edge fillStyle0="1" fillStyle1="2" edges="! 149 493| 158 493| 222 494| 259 486| 330 486| 335 485| 408 484| 416 459| 416 432[ 416 371 406 342| 400 318[ 396 307 382 303"/>
                                                  <Edge fillStyle0="1" fillStyle1="4" edges="! 382 303| 382 307[ 382 325 350 325[ 280 325 280 298[ 280 254 327 266| 329 272"/>
                                                  <Edge fillStyle0="1" fillStyle1="2" edges="! 329 272| 327 263[ 327 257 330 253| 320 253| 276 251| 277 268| 276 299[ 267 326 233 326[ 205 326 196 319| 193 310| 194 305[ 190 296 191 276| 193 266| 191 247| 154 244"/>
                                                  <Edge fillStyle0="1" fillStyle1="4" edges="! 154 244| 167 245| 167 250| 167 254| 172 272[ 172 296 121 322[ 107 329 97 339"/>
                                                  <Edge fillStyle0="1" fillStyle1="2" edges="! 97 339| 105 338| 139 345| 188 337| 246 329[ 298 326 342 330| 392 337| 392 346| 391 347| 392 353| 392 361[ 401 392 401 437| 401 455[ 394 470 358 470| 105 465"/>
                                                  <Edge fillStyle0="1" fillStyle1="4" edges="! 105 465| 110 469| 149 493"/>
                                                  <Edge fillStyle0="2" fillStyle1="4" edges="! 149 493[ 63 492 43 468[ 39 462 39 430| 41 346| 42 345| 48 330[ 59 313 91 300[ 125 287 134 275"/>
                                                  <Edge fillStyle0="2" fillStyle1="1" edges="! 134 275| 136 266| 136 264"/>
                                                  <Edge fillStyle0="2" fillStyle1="4" edges="! 136 264| 133 253| 140 243| 154 244"/>
                                                  <Edge fillStyle0="1" fillStyle1="2" edges="! 242 67| 241 58[ 241 47 249 32| 241 30| 233 30"/>
                                                  <Edge fillStyle0="1" fillStyle1="4" edges="! 233 30| 235 55| 234 67| 242 67"/>
                                                  <Edge fillStyle0="2" fillStyle1="4" edges="! 242 67[ 245 74 257 74| 271 73| 296 74| 293 98"/>
                                                  <Edge fillStyle0="2" fillStyle1="1" edges="! 293 98| 292 102| 277 99"/>
                                                  <Edge fillStyle0="2" fillStyle1="4" edges="! 277 99| 260 100| 259 100"/>
                                                  <Edge fillStyle0="2" fillStyle1="1" edges="! 259 100[ 249 102 249 114[ 246 150 252 164| 216 164| 220 149"/>
                                                  <Edge fillStyle0="2" fillStyle1="4" edges="! 220 149| 220 142"/>
                                                  <Edge fillStyle0="2" fillStyle1="3" edges="! 220 142| 218 140| 215 122| 215 117| 218 115"/>
                                                  <Edge fillStyle0="2" fillStyle1="4" edges="! 218 115| 215 105| 212 103"/>
                                                  <Edge fillStyle0="2" fillStyle1="1" edges="! 212 103| 206 100"/>
                                                  <Edge fillStyle0="2" fillStyle1="4" edges="! 206 100[ 192 95 167 100| 167 78| 209 74| 212 72| 212 71| 213 70| 215 63"/>
                                                  <Edge fillStyle0="2" fillStyle1="3" edges="! 215 63| 214 52| 214 51"/>
                                                  <Edge fillStyle0="2" fillStyle1="4" edges="! 214 51| 209 30| 233 30"/>
                                                  <Edge fillStyle0="4" fillStyle1="3" edges="! 214 51[ 214 36 223 35[ 233 35 233 51[ 233 66 225 66| 215 63"/>
                                                  <Edge fillStyle0="4" fillStyle1="1" edges="! 206 100| 213 100| 212 103"/>
                                                  <Edge fillStyle0="4" fillStyle1="3" edges="! 218 115| 229 116| 232 122| 229 140[ 229 143 223 143| 220 142"/>
                                                  <Edge fillStyle0="4" fillStyle1="3" edges="! 207 97[ 173 97 179 87| 183 80| 223 76[ 233 82 233 87| 231 93| 207 97"/>
                                                  <Edge fillStyle0="4" fillStyle1="1" edges="! 277 99| 291 98| 293 98"/>
                                                  <Edge fillStyle0="4" fillStyle1="1" edges="! 220 149| 227 152[ 241 152 241 131| 237 100| 259 100"/>
                                                  <Edge fillStyle0="2" fillStyle1="1" edges="! 333 226| 280 230| 218 225| 185 229| 136 226| 117 226"/>
                                                  <Edge fillStyle0="2" fillStyle1="4" edges="! 117 226| 109 226| 93 212[ 93 187 181 193| 256 193| 310 195"/>
                                                  <Edge fillStyle0="2" fillStyle1="3" edges="! 310 195| 315 194| 332 196"/>
                                                  <Edge fillStyle0="2" fillStyle1="4" edges="! 332 196| 350 197| 350 198| 358 213| 365 224| 333 226"/>
                                                  <Edge fillStyle0="1" fillStyle1="4" edges="! 333 226| 239 219| 175 218"/>
                                                  <Edge fillStyle0="1" fillStyle1="3" edges="! 175 218| 172 218| 159 219| 149 219"/>
                                                  <Edge fillStyle0="1" fillStyle1="4" edges="! 149 219| 117 226"/>
                                                  <Edge fillStyle0="3" fillStyle1="4" edges="! 310 195[ 296 199 296 206[ 295 218 316 218| 328 214| 334 204| 332 196"/>
                                                  <Edge fillStyle0="3" fillStyle1="4" edges="! 175 218| 187 214| 196 206[ 155 190 132 193[ 113 194 113 206[ 113 218 124 218| 149 219"/>
                                                  <Edge fillStyle0="4" fillStyle1="3" edges="! 163 271[ 163 282 150 297[ 135 315 117 315| 105 310| 123 291| 139 271[ 145 248 155 253[ 163 257 163 271"/>
                                                  <Edge fillStyle0="4" fillStyle1="1" edges="! 136 264| 140 264| 136 271| 134 275"/>
                                                  <Edge fillStyle0="3" fillStyle1="4" edges="! 86 341| 98 324[ 98 307 77 318[ 55 327 55 339[ 56 358 70 358| 72 356"/>
                                                  <Edge fillStyle0="3" fillStyle1="2" edges="! 72 356| 72 355| 84 343| 86 341"/>
                                                  <Edge fillStyle0="4" fillStyle1="2" edges="! 86 341| 97 339"/>
                                                  <Edge fillStyle0="5" fillStyle1="2" edges="! 83 359| 77 424| 78 440[ 82 451 97 451| 385 454| 388 436| 381 361| 380 357[ 379 349 363 349[ 350 349 310 365[ 270 381 198 381| 163 376| 139 365| 90 359| 83 359"/>
                                                  <Edge fillStyle0="2" fillStyle1="4" edges="! 72 356[ 60 386 60 420| 62 446[ 68 462 93 465| 105 465"/>
                                                  <Edge fillStyle0="5" fillStyle1="3" edges="! 124 392| 105 412[ 93 412 90 392[ 90 366 108 373[ 124 379 124 392"/>
                                                  <Edge fillStyle0="4" fillStyle1="2" edges="! 382 303| 382 302| 377 301| 376 300[ 345 291 334 280| 332 278| 329 272"/>
                                                  <Edge fillStyle0="4" fillStyle1="3" edges="! 307 299| 299 288[ 299 275 315 277[ 330 280 330 294[ 330 308 318 308| 307 299"/>
                                                  <Edge fillStyle0="6" fillStyle1="2" edges="! 311 337| 215 345| 159 354| 211 365| 322 342| 311 337"/>
                                                  <Edge fillStyle0="1" fillStyle1="2" edges="! 215 301| 249 300[ 249 265 258 249| 234 247| 229 250| 209 249| 209 251| 209 262| 211 276| 210 301| 215 301"/>
                                                  <Edge fillStyle0="5" fillStyle1="3" edges="! 371 439| 371 444| 365 446| 361 444| 358 442[ 358 430 370 434| 371 439"/>
                                             </edges>
                                        </DOMShape>
                                   </elements>
                              </DOMFrame>
                         </frames>
                    </DOMLayer>
               </layers>
          </DOMTimeline>
     </timeline>
</DOMSymbolItem>
