<DOMSymbolItem xmlns="http://ns.adobe.com/xfl/2008/" xmlns:xsi="http://www.w3.org/2001/XMLSchema-instance" name="Symbol 1864" lastModified="1681431985">
     <timeline>
          <DOMTimeline name="Symbol 1864">
               <layers>
                    <DOMLayer name="Script Layer" color="#df28ef">
                         <frames>
                              <DOMFrame index="0" keyMode="9728">
                                   <Actionscript>
                                        <script>stop();
</script>
                                   </Actionscript>
                                   <elements/>
                              </DOMFrame>
                         </frames>
                    </DOMLayer>
                    <DOMLayer name="Layer 2" color="#b5f048" current="true" isSelected="true">
                         <frames>
                              <DOMFrame index="0" keyMode="9728">
                                   <elements>
                                        <DOMShape isFloating="true">
                                             <fills>
                                                  <FillStyle index="1">
                                                       <SolidColor color="#000000"/>
                                                  </FillStyle>
                                                  <FillStyle index="2">
                                                       <SolidColor color="#775422"/>
                                                  </FillStyle>
                                                  <FillStyle index="3">
                                                       <SolidColor color="#9e712e"/>
                                                  </FillStyle>
                                                  <FillStyle index="4">
                                                       <SolidColor color="#ca9546"/>
                                                  </FillStyle>
                                                  <FillStyle index="5">
                                                       <SolidColor color="#d1a461"/>
                                                  </FillStyle>
                                             </fills>
                                             <strokes/>
                                             <edges>
                                                  <Edge fillStyle1="1" edges="! 466 57[ 483 66 489 78| 499 93[ 507 110 507 124| 501 176[ 494 208 481 223[ 421 287 275 287| 222 289| 177 284| 155 282| 130 279| 105 275[ 68 266 48 251| 16 221[ 6 205 4 186| 1 168| 0 138| 4 122| 4 119| 11 103| 16 98[ 29 76 63 52[ 131 2 253 0[ 370 4 440 37| 466 57"/>
                                                  <Edge fillStyle0="2" fillStyle1="1" edges="! 365 236| 430 213[ 433 209 463 185| 465 184[ 463 179 468 174| 467 170| 462 174[ 424 195 364 208"/>
                                                  <Edge fillStyle0="2" fillStyle1="3" edges="! 364 208| 365 236"/>
                                                  <Edge fillStyle0="1" fillStyle1="3" edges="! 365 236| 360 237| 347 241| 338 242| 297 241"/>
                                                  <Edge fillStyle0="1" fillStyle1="4" edges="! 297 241| 261 241"/>
                                                  <Edge fillStyle0="1" fillStyle1="5" edges="! 261 241| 210 242"/>
                                                  <Edge fillStyle0="1" fillStyle1="4" edges="! 210 242| 181 241| 165 240"/>
                                                  <Edge fillStyle0="1" fillStyle1="3" edges="! 165 240| 105 231"/>
                                                  <Edge fillStyle0="1" fillStyle1="2" edges="! 105 231| 80 226[ 44 215 39 191| 41 179| 57 190[ 73 198 100 206"/>
                                                  <Edge fillStyle0="1" fillStyle1="3" edges="! 100 206| 101 206"/>
                                                  <Edge fillStyle0="1" fillStyle1="2" edges="! 101 206| 106 207"/>
                                                  <Edge fillStyle0="1" fillStyle1="3" edges="! 106 207| 113 208| 187 213"/>
                                                  <Edge fillStyle0="1" fillStyle1="4" edges="! 187 213| 208 215"/>
                                                  <Edge fillStyle0="1" fillStyle1="5" edges="! 208 215| 214 215| 218 215| 260 215"/>
                                                  <Edge fillStyle0="1" fillStyle1="4" edges="! 260 215| 300 215"/>
                                                  <Edge fillStyle0="1" fillStyle1="3" edges="! 300 215| 358 209| 364 208"/>
                                                  <Edge fillStyle0="3" fillStyle1="1" edges="! 313 75| 324 92[ 324 101 320 103[ 312 111 307 108| 281 103| 251 99"/>
                                                  <Edge fillStyle0="3" fillStyle1="4" edges="! 251 99| 201 118"/>
                                                  <Edge fillStyle0="3" fillStyle1="1" edges="! 201 118| 208 121| 210 122| 270 124[ 300 120 305 132[ 304 145 249 149[ 244 152 246 159"/>
                                                  <Edge fillStyle0="3" fillStyle1="2" edges="! 246 159| 270 157[ 332 152 364 126[ 388 113 387 81| 378 60"/>
                                                  <Edge fillStyle0="3" fillStyle1="1" edges="! 378 60[ 349 58 327 49"/>
                                                  <Edge fillStyle0="3" fillStyle1="4" edges="! 327 49| 330 58[ 325 80 313 75"/>
                                                  <Edge fillStyle0="1" fillStyle1="4" edges="! 313 75| 284 65| 282 61| 278 52"/>
                                                  <Edge fillStyle0="1" fillStyle1="5" edges="! 278 52[ 273 46 262 46[ 244 46 239 56"/>
                                                  <Edge fillStyle0="1" fillStyle1="4" edges="! 239 56| 238 61[ 178 62 168 91[ 162 98 162 114| 163 123"/>
                                                  <Edge fillStyle0="1" fillStyle1="3" edges="! 163 123[ 169 143 203 147| 202 152| 206 159"/>
                                                  <Edge fillStyle0="1" fillStyle1="2" edges="! 206 159| 207 161[ 214 169 225 169| 235 166| 238 164| 246 159"/>
                                                  <Edge fillStyle0="5" fillStyle1="4" edges="! 278 52| 300 45"/>
                                                  <Edge fillStyle0="5" fillStyle1="1" edges="! 300 45| 240 40| 231 39| 155 54| 117 69| 100 77| 99 78| 99 79| 97 79"/>
                                                  <Edge fillStyle0="5" fillStyle1="4" edges="! 97 79| 97 80| 97 82[ 93 99 124 96[ 133 98 161 84| 184 69| 200 61| 239 56"/>
                                                  <Edge fillStyle0="4" fillStyle1="1" edges="! 251 99| 229 99[ 209 96 195 109| 201 118"/>
                                                  <Edge fillStyle0="4" fillStyle1="5" edges="! 210 242| 208 239[ 199 228 202 225[ 201 220 208 215"/>
                                                  <Edge fillStyle0="4" fillStyle1="3" edges="! 297 241[ 293 233 298 224| 300 215"/>
                                                  <Edge fillStyle0="4" fillStyle1="5" edges="! 260 215[ 257 219 262 227[ 257 234 261 241"/>
                                                  <Edge fillStyle0="4" fillStyle1="1" edges="! 327 49| 300 45"/>
                                                  <Edge fillStyle0="3" fillStyle1="4" edges="! 163 123[ 122 123 102 113[ 74 106 78 92"/>
                                                  <Edge fillStyle0="3" fillStyle1="1" edges="! 78 92| 67 100| 67 101| 66 102"/>
                                                  <Edge fillStyle0="3" fillStyle1="2" edges="! 66 102[ 62 105 65 112[ 66 125 70 126[ 73 134 101 142| 136 153[ 157 163 189 161| 200 160| 206 159"/>
                                                  <Edge fillStyle0="4" fillStyle1="1" edges="! 97 79| 94 81| 91 82| 78 92"/>
                                                  <Edge fillStyle0="2" fillStyle1="1" edges="! 66 102[ 47 116 50 128[ 46 146 97 160| 256 175[ 458 173 457 107[ 454 83 378 60"/>
                                                  <Edge fillStyle0="3" fillStyle1="2" edges="! 106 207| 102 207| 101 206"/>
                                                  <Edge fillStyle0="3" fillStyle1="2" edges="! 100 206| 102 212[ 100 216 105 231"/>
                                                  <Edge fillStyle0="4" fillStyle1="3" edges="! 187 213| 176 213[ 160 219 163 236| 165 240"/>
                                             </edges>
                                        </DOMShape>
                                   </elements>
                              </DOMFrame>
                              <DOMFrame index="1" keyMode="9728">
                                   <elements>
                                        <DOMShape isFloating="true">
                                             <fills>
                                                  <FillStyle index="1">
                                                       <SolidColor color="#000000"/>
                                                  </FillStyle>
                                                  <FillStyle index="2">
                                                       <SolidColor color="#775422"/>
                                                  </FillStyle>
                                                  <FillStyle index="3">
                                                       <SolidColor color="#dddddd"/>
                                                  </FillStyle>
                                                  <FillStyle index="4">
                                                       <SolidColor color="#2a2a2a"/>
                                                  </FillStyle>
                                                  <FillStyle index="5">
                                                       <SolidColor color="#414141"/>
                                                  </FillStyle>
                                                  <FillStyle index="6">
                                                       <SolidColor color="#5d5d5d"/>
                                                  </FillStyle>
                                             </fills>
                                             <strokes/>
                                             <edges>
                                                  <Edge fillStyle1="1" edges="! 466 57[ 483 66 489 78| 499 93[ 507 110 507 124| 501 176[ 494 208 481 223[ 421 287 275 287| 222 289| 177 284| 155 282| 130 279| 105 275[ 68 266 48 251| 16 221[ 6 205 4 186| 1 168| 0 138| 4 122| 4 119| 11 103| 16 98[ 29 76 63 52[ 131 2 253 0[ 370 4 440 37| 466 57"/>
                                                  <Edge fillStyle0="4" fillStyle1="1" edges="! 365 236| 430 213[ 433 209 463 185| 465 184[ 463 179 468 174| 467 170| 462 174[ 424 195 364 208"/>
                                                  <Edge fillStyle0="4" fillStyle1="5" edges="! 364 208| 365 236"/>
                                                  <Edge fillStyle0="1" fillStyle1="5" edges="! 365 236| 360 237| 347 241| 338 242| 297 241"/>
                                                  <Edge fillStyle0="1" fillStyle1="6" edges="! 297 241| 261 241"/>
                                                  <Edge fillStyle0="1" fillStyle1="3" edges="! 261 241| 210 242"/>
                                                  <Edge fillStyle0="1" fillStyle1="6" edges="! 210 242| 181 241| 165 240"/>
                                                  <Edge fillStyle0="1" fillStyle1="5" edges="! 165 240| 105 231"/>
                                                  <Edge fillStyle0="1" fillStyle1="4" edges="! 105 231| 80 226[ 44 215 39 191| 41 179| 57 190[ 73 198 100 206"/>
                                                  <Edge fillStyle0="1" fillStyle1="5" edges="! 100 206| 101 206"/>
                                                  <Edge fillStyle0="1" fillStyle1="2" edges="! 101 206| 106 207"/>
                                                  <Edge fillStyle0="1" fillStyle1="5" edges="! 106 207| 113 208| 187 213"/>
                                                  <Edge fillStyle0="1" fillStyle1="6" edges="! 187 213| 208 215"/>
                                                  <Edge fillStyle0="1" fillStyle1="3" edges="! 208 215| 214 215| 218 215| 260 215"/>
                                                  <Edge fillStyle0="1" fillStyle1="6" edges="! 260 215| 300 215"/>
                                                  <Edge fillStyle0="1" fillStyle1="5" edges="! 300 215| 358 209| 364 208"/>
                                                  <Edge fillStyle0="5" fillStyle1="4" edges="! 246 159| 270 157[ 332 152 364 126[ 388 113 387 81| 378 60"/>
                                                  <Edge fillStyle0="5" fillStyle1="1" edges="! 378 60[ 349 58 327 49"/>
                                                  <Edge fillStyle0="5" fillStyle1="6" edges="! 327 49| 330 58[ 325 80 313 75"/>
                                                  <Edge fillStyle0="5" fillStyle1="1" edges="! 313 75| 324 92[ 324 101 320 103[ 312 111 307 108| 281 103| 251 99"/>
                                                  <Edge fillStyle0="5" fillStyle1="6" edges="! 251 99| 201 118"/>
                                                  <Edge fillStyle0="5" fillStyle1="1" edges="! 201 118| 208 121| 210 122| 270 124[ 300 120 305 132[ 304 145 249 149[ 244 152 246 159"/>
                                                  <Edge fillStyle0="4" fillStyle1="1" edges="! 246 159| 238 164| 235 166| 225 169[ 214 169 207 161| 206 159"/>
                                                  <Edge fillStyle0="4" fillStyle1="5" edges="! 206 159| 200 160| 189 161[ 157 163 136 153| 101 142[ 73 134 70 126[ 66 125 65 112[ 62 105 66 102"/>
                                                  <Edge fillStyle0="4" fillStyle1="1" edges="! 66 102[ 47 116 50 128[ 46 146 97 160| 256 175[ 458 173 457 107[ 454 83 378 60"/>
                                                  <Edge fillStyle0="6" fillStyle1="3" edges="! 300 45| 278 52"/>
                                                  <Edge fillStyle0="6" fillStyle1="1" edges="! 278 52| 282 61| 284 65| 313 75"/>
                                                  <Edge fillStyle0="1" fillStyle1="3" edges="! 278 52[ 273 46 262 46[ 244 46 239 56"/>
                                                  <Edge fillStyle0="1" fillStyle1="6" edges="! 239 56| 238 61[ 178 62 168 91[ 162 98 162 114| 163 123"/>
                                                  <Edge fillStyle0="1" fillStyle1="5" edges="! 163 123[ 169 143 203 147| 202 152| 206 159"/>
                                                  <Edge fillStyle0="1" fillStyle1="3" edges="! 97 79| 99 79| 99 78| 100 77| 117 69| 155 54| 231 39| 240 40| 300 45"/>
                                                  <Edge fillStyle0="1" fillStyle1="6" edges="! 300 45| 327 49"/>
                                                  <Edge fillStyle0="6" fillStyle1="1" edges="! 251 99| 229 99[ 209 96 195 109| 201 118"/>
                                                  <Edge fillStyle0="3" fillStyle1="6" edges="! 208 215[ 201 220 202 225[ 199 228 208 239| 210 242"/>
                                                  <Edge fillStyle0="6" fillStyle1="5" edges="! 297 241[ 293 233 298 224| 300 215"/>
                                                  <Edge fillStyle0="3" fillStyle1="6" edges="! 261 241[ 257 234 262 227[ 257 219 260 215"/>
                                                  <Edge fillStyle0="6" fillStyle1="3" edges="! 239 56| 200 61| 184 69| 161 84[ 133 98 124 96[ 93 99 97 82| 97 80| 97 79"/>
                                                  <Edge fillStyle0="6" fillStyle1="1" edges="! 97 79| 94 81| 91 82| 78 92"/>
                                                  <Edge fillStyle0="6" fillStyle1="5" edges="! 78 92[ 74 106 102 113[ 122 123 163 123"/>
                                                  <Edge fillStyle0="1" fillStyle1="5" edges="! 66 102| 67 101| 67 100| 78 92"/>
                                                  <Edge fillStyle0="2" fillStyle1="5" edges="! 101 206| 102 207| 106 207"/>
                                                  <Edge fillStyle0="5" fillStyle1="4" edges="! 100 206| 102 212[ 100 216 105 231"/>
                                                  <Edge fillStyle0="5" fillStyle1="6" edges="! 165 240| 163 236[ 160 219 176 213| 187 213"/>
                                             </edges>
                                        </DOMShape>
                                   </elements>
                              </DOMFrame>
                              <DOMFrame index="2" keyMode="9728">
                                   <elements>
                                        <DOMShape isFloating="true">
                                             <fills>
                                                  <FillStyle index="1">
                                                       <SolidColor color="#000000"/>
                                                  </FillStyle>
                                                  <FillStyle index="2">
                                                       <SolidColor color="#9d9d9d"/>
                                                  </FillStyle>
                                                  <FillStyle index="3">
                                                       <SolidColor color="#dddddd"/>
                                                  </FillStyle>
                                                  <FillStyle index="4">
                                                       <SolidColor color="#775422"/>
                                                  </FillStyle>
                                                  <FillStyle index="5">
                                                       <SolidColor color="#838383"/>
                                                  </FillStyle>
                                                  <FillStyle index="6">
                                                       <SolidColor color="#aaaaaa"/>
                                                  </FillStyle>
                                                  <FillStyle index="7">
                                                       <SolidColor color="#d2d2d2"/>
                                                  </FillStyle>
                                             </fills>
                                             <strokes/>
                                             <edges>
                                                  <Edge fillStyle1="1" edges="! 444 77[ 459 85 464 96| 473 110| 480 138| 475 184[ 469 213 457 227[ 405 284 277 284| 230 286| 191 282| 172 280| 150 277| 128 273[ 96 265 78 252| 50 225[ 41 210 40 193| 37 177| 36 150| 40 136| 40 133| 46 119| 50 114[ 61 94 91 73[ 151 28 258 26[ 360 30 421 59| 444 77"/>
                                                  <Edge fillStyle0="5" fillStyle1="1" edges="! 356 238[ 395 223 413 218| 441 192| 443 192[ 441 187 446 183| 445 179| 441 183[ 407 201 355 213"/>
                                                  <Edge fillStyle0="5" fillStyle1="6" edges="! 355 213| 356 238"/>
                                                  <Edge fillStyle0="1" fillStyle1="6" edges="! 356 238| 351 239| 340 243| 332 244| 296 243"/>
                                                  <Edge fillStyle0="1" fillStyle1="2" edges="! 296 243| 265 243"/>
                                                  <Edge fillStyle0="1" fillStyle1="3" edges="! 265 243| 220 244"/>
                                                  <Edge fillStyle0="1" fillStyle1="2" edges="! 220 244| 195 243| 180 242"/>
                                                  <Edge fillStyle0="1" fillStyle1="6" edges="! 180 242| 128 234"/>
                                                  <Edge fillStyle0="1" fillStyle1="5" edges="! 128 234| 106 229[ 75 219 70 198| 72 187| 86 197[ 100 204 124 211"/>
                                                  <Edge fillStyle0="1" fillStyle1="4" edges="! 124 211| 129 212"/>
                                                  <Edge fillStyle0="1" fillStyle1="6" edges="! 129 212| 135 213| 200 218"/>
                                                  <Edge fillStyle0="1" fillStyle1="2" edges="! 200 218| 218 219"/>
                                                  <Edge fillStyle0="1" fillStyle1="3" edges="! 218 219| 223 219| 227 219| 264 219"/>
                                                  <Edge fillStyle0="1" fillStyle1="2" edges="! 264 219| 299 219"/>
                                                  <Edge fillStyle0="1" fillStyle1="6" edges="! 299 219| 350 214| 355 213"/>
                                                  <Edge fillStyle0="6" fillStyle1="5" edges="! 251 169| 272 167[ 327 163 355 139[ 376 128 375 99| 367 80"/>
                                                  <Edge fillStyle0="6" fillStyle1="1" edges="! 367 80| 322 70| 299 66"/>
                                                  <Edge fillStyle0="6" fillStyle1="7" edges="! 299 66| 279 73"/>
                                                  <Edge fillStyle0="6" fillStyle1="1" edges="! 279 73| 283 81| 285 84| 310 93| 320 109| 316 119| 305 123| 282 119| 256 115| 237 115[ 219 112 207 124| 212 132| 218 135| 220 136| 272 138[ 299 134 303 145[ 302 156 254 160[ 250 163 251 169"/>
                                                  <Edge fillStyle0="5" fillStyle1="1" edges="! 251 169| 244 174| 242 175| 233 178[ 223 178 217 171| 216 169"/>
                                                  <Edge fillStyle0="5" fillStyle1="6" edges="! 216 169| 211 170| 202 171| 155 164| 124 154[ 100 147 97 139| 93 127| 93 119"/>
                                                  <Edge fillStyle0="5" fillStyle1="1" edges="! 93 119[ 77 130 80 141[ 76 157 121 170| 260 183[ 437 182 436 122[ 434 101 367 80"/>
                                                  <Edge fillStyle0="1" fillStyle1="7" edges="! 279 73[ 275 67 265 67[ 250 67 245 76| 244 81[ 192 82 183 108[ 178 114 178 129| 179 137"/>
                                                  <Edge fillStyle0="1" fillStyle1="6" edges="! 179 137[ 184 155 214 158| 213 163| 216 169"/>
                                                  <Edge fillStyle0="7" fillStyle1="1" edges="! 299 66| 246 62| 238 61| 172 75| 138 88| 124 95| 123 96| 123 97| 121 97| 118 99| 116 100| 104 109"/>
                                                  <Edge fillStyle0="7" fillStyle1="6" edges="! 104 109[ 101 121 125 128| 179 137"/>
                                                  <Edge fillStyle0="3" fillStyle1="2" edges="! 218 219[ 212 224 213 228[ 210 231 218 241| 220 244"/>
                                                  <Edge fillStyle0="2" fillStyle1="6" edges="! 296 243[ 293 236 297 228| 299 219"/>
                                                  <Edge fillStyle0="3" fillStyle1="2" edges="! 265 243[ 261 237 265 230[ 261 223 264 219"/>
                                                  <Edge fillStyle0="6" fillStyle1="1" edges="! 104 109| 95 116| 95 117| 94 118| 93 119"/>
                                                  <Edge fillStyle0="6" fillStyle1="5" edges="! 124 211| 125 217| 128 234"/>
                                                  <Edge fillStyle0="4" fillStyle1="6" edges="! 124 211| 125 212| 129 212"/>
                                                  <Edge fillStyle0="6" fillStyle1="2" edges="! 180 242| 179 238[ 176 223 190 218| 200 218"/>
                                             </edges>
                                        </DOMShape>
                                   </elements>
                              </DOMFrame>
                              <DOMFrame index="3" keyMode="9728">
                                   <elements>
                                        <DOMShape isFloating="true">
                                             <fills>
                                                  <FillStyle index="1">
                                                       <SolidColor color="#000000"/>
                                                  </FillStyle>
                                                  <FillStyle index="2">
                                                       <SolidColor color="#775422"/>
                                                  </FillStyle>
                                                  <FillStyle index="3">
                                                       <SolidColor color="#9e712e"/>
                                                  </FillStyle>
                                                  <FillStyle index="4">
                                                       <SolidColor color="#ca9546"/>
                                                  </FillStyle>
                                                  <FillStyle index="5">
                                                       <SolidColor color="#d1a461"/>
                                                  </FillStyle>
                                             </fills>
                                             <strokes/>
                                             <edges>
                                                  <Edge fillStyle1="1" edges="! 466 57[ 483 66 489 78| 499 93[ 507 110 507 124| 501 176[ 494 208 481 223[ 421 287 275 287| 222 289| 177 284| 155 282| 130 279| 105 275[ 68 266 48 251| 16 221[ 6 205 4 186| 1 168| 0 138| 4 122| 4 119| 11 103| 16 98[ 29 76 63 52[ 131 2 253 0[ 370 4 440 37| 466 57"/>
                                                  <Edge fillStyle0="2" fillStyle1="1" edges="! 365 236| 430 213[ 433 209 463 185| 465 184[ 463 179 468 174| 467 170| 462 174[ 424 195 364 208"/>
                                                  <Edge fillStyle0="2" fillStyle1="3" edges="! 364 208| 365 236"/>
                                                  <Edge fillStyle0="1" fillStyle1="3" edges="! 365 236| 360 237| 347 241| 338 242| 297 241"/>
                                                  <Edge fillStyle0="1" fillStyle1="4" edges="! 297 241| 261 241"/>
                                                  <Edge fillStyle0="1" fillStyle1="5" edges="! 261 241| 210 242"/>
                                                  <Edge fillStyle0="1" fillStyle1="4" edges="! 210 242| 181 241| 165 240"/>
                                                  <Edge fillStyle0="1" fillStyle1="3" edges="! 165 240| 105 231"/>
                                                  <Edge fillStyle0="1" fillStyle1="2" edges="! 105 231| 80 226[ 44 215 39 191| 41 179| 57 190[ 73 198 100 206"/>
                                                  <Edge fillStyle0="1" fillStyle1="3" edges="! 100 206| 101 206"/>
                                                  <Edge fillStyle0="1" fillStyle1="2" edges="! 101 206| 106 207"/>
                                                  <Edge fillStyle0="1" fillStyle1="3" edges="! 106 207| 113 208| 187 213"/>
                                                  <Edge fillStyle0="1" fillStyle1="4" edges="! 187 213| 208 215"/>
                                                  <Edge fillStyle0="1" fillStyle1="5" edges="! 208 215| 214 215| 218 215| 260 215"/>
                                                  <Edge fillStyle0="1" fillStyle1="4" edges="! 260 215| 300 215"/>
                                                  <Edge fillStyle0="1" fillStyle1="3" edges="! 300 215| 358 209| 364 208"/>
                                                  <Edge fillStyle0="3" fillStyle1="2" edges="! 246 159| 270 157[ 332 152 364 126[ 388 113 387 81| 378 60"/>
                                                  <Edge fillStyle0="3" fillStyle1="1" edges="! 378 60[ 349 58 327 49"/>
                                                  <Edge fillStyle0="3" fillStyle1="4" edges="! 327 49| 330 58[ 325 80 313 75"/>
                                                  <Edge fillStyle0="3" fillStyle1="1" edges="! 313 75| 324 92[ 324 101 320 103[ 312 111 307 108| 281 103| 251 99"/>
                                                  <Edge fillStyle0="3" fillStyle1="4" edges="! 251 99| 201 118"/>
                                                  <Edge fillStyle0="3" fillStyle1="1" edges="! 201 118| 208 121| 210 122| 270 124[ 300 120 305 132[ 304 145 249 149[ 244 152 246 159"/>
                                                  <Edge fillStyle0="2" fillStyle1="1" edges="! 246 159| 238 164| 235 166| 225 169[ 214 169 207 161| 206 159"/>
                                                  <Edge fillStyle0="2" fillStyle1="3" edges="! 206 159| 200 160| 189 161[ 157 163 136 153| 101 142[ 73 134 70 126[ 66 125 65 112[ 62 105 66 102"/>
                                                  <Edge fillStyle0="2" fillStyle1="1" edges="! 66 102[ 47 116 50 128[ 46 146 97 160| 256 175[ 458 173 457 107[ 454 83 378 60"/>
                                                  <Edge fillStyle0="5" fillStyle1="1" edges="! 239 56[ 244 46 262 46[ 273 46 278 52"/>
                                                  <Edge fillStyle0="5" fillStyle1="4" edges="! 278 52| 300 45"/>
                                                  <Edge fillStyle0="5" fillStyle1="1" edges="! 300 45| 240 40| 231 39| 155 54| 117 69| 100 77| 99 78| 99 79| 97 79"/>
                                                  <Edge fillStyle0="5" fillStyle1="4" edges="! 97 79| 97 80| 97 82[ 93 99 124 96[ 133 98 161 84| 184 69| 200 61| 239 56"/>
                                                  <Edge fillStyle0="1" fillStyle1="4" edges="! 239 56| 238 61[ 178 62 168 91[ 162 98 162 114| 163 123"/>
                                                  <Edge fillStyle0="1" fillStyle1="3" edges="! 163 123[ 169 143 203 147| 202 152| 206 159"/>
                                                  <Edge fillStyle0="4" fillStyle1="1" edges="! 278 52| 282 61| 284 65| 313 75"/>
                                                  <Edge fillStyle0="4" fillStyle1="1" edges="! 251 99| 229 99[ 209 96 195 109| 201 118"/>
                                                  <Edge fillStyle0="5" fillStyle1="4" edges="! 208 215[ 201 220 202 225[ 199 228 208 239| 210 242"/>
                                                  <Edge fillStyle0="4" fillStyle1="3" edges="! 297 241[ 293 233 298 224| 300 215"/>
                                                  <Edge fillStyle0="5" fillStyle1="4" edges="! 261 241[ 257 234 262 227[ 257 219 260 215"/>
                                                  <Edge fillStyle0="4" fillStyle1="1" edges="! 327 49| 300 45"/>
                                                  <Edge fillStyle0="3" fillStyle1="4" edges="! 163 123[ 122 123 102 113[ 74 106 78 92"/>
                                                  <Edge fillStyle0="3" fillStyle1="1" edges="! 78 92| 67 100| 67 101| 66 102"/>
                                                  <Edge fillStyle0="1" fillStyle1="4" edges="! 78 92| 91 82| 94 81| 97 79"/>
                                                  <Edge fillStyle0="3" fillStyle1="2" edges="! 106 207| 102 207| 101 206"/>
                                                  <Edge fillStyle0="3" fillStyle1="2" edges="! 100 206| 102 212[ 100 216 105 231"/>
                                                  <Edge fillStyle0="3" fillStyle1="4" edges="! 165 240| 163 236[ 160 219 176 213| 187 213"/>
                                             </edges>
                                        </DOMShape>
                                   </elements>
                              </DOMFrame>
                         </frames>
                    </DOMLayer>
               </layers>
          </DOMTimeline>
     </timeline>
</DOMSymbolItem>
