<DOMSymbolItem xmlns="http://ns.adobe.com/xfl/2008/" xmlns:xsi="http://www.w3.org/2001/XMLSchema-instance" name="Symbol 1678" lastModified="1681431985" symbolType="graphic">
     <timeline>
          <DOMTimeline name="Symbol 1678" currentFrame="0">
               <layers>
                    <DOMLayer name="Layer 1">
                         <frames>
                              <DOMFrame index="0" motionTweenScale="false" keyMode="8192">
                                   <elements>
                                        <DOMShape isFloating="true">
                                             <fills>
                                                  <FillStyle index="1">
                                                       <SolidColor color="#666666" alpha="0.6"/>
                                                  </FillStyle>
                                             </fills>
                                             <strokes/>
                                             <edges>
                                                  <Edge fillStyle0="1" edges="! 1783 531[ 1723 476 1574 477| 1521 480[ 1541 467 1558 448[ 1578 425 1584 401[ 1611 334 1550 285[ 1455 209 1161 204[ 1054 198 917 226| 853 242[ 846 194 724 131[ 554 42 323 46| 148 48[ -290 96 -444 174[ -525 215 -562 313[ -585 371 -591 432[ -597 506 -565 527| -553 542[ -737 550 -819 598[ -863 625 -881 669[ -893 699 -874 736[ -843 798 -729 796| -704 792| -701 788| -705 785| -717 758[ -730 726 -718 696[ -707 667 -666 641[ -624 614 -552 602| -516 596| -532 626[ -553 678 -466 735[ -344 815 -57 810| -31 805| -23 800| -26 799| -21 796| -16 793| -50 763[ -83 734 -76 713[ -62 676 -18 648[ 74 593 266 592[ 332 591 413 613[ 473 630 496 641| 536 676| 571 701| 600 696| 600 694| 668 677[ 747 658 828 657[ 987 653 1026 687[ 1043 703 1030 721| 1007 745[ 1004 749 1011 754| 1032 756[ 1064 754 1082 742[ 1204 739 1288 681[ 1339 646 1351 617| 1354 581| 1354 580| 1426 586| 1455 592| 1482 602[ 1501 610 1513 621| 1524 639[ 1532 652 1519 688[ 1510 712 1514 717| 1512 718[ 1510 724 1540 724[ 1599 724 1668 697| 1754 658| 1786 630| 1817 593[ 1825 568 1783 531"/>
                                                  <Edge fillStyle0="1" edges="! 820 878| 870 878[ 1120 874 1263 804[ 1351 763 1366 726[ 1377 677 1329 678[ 1322 678 1280 709[ 1226 749 1161 775[ 1100 800 1038 824| 908 853| 814 870| 820 878"/>
                                             </edges>
                                        </DOMShape>
                                   </elements>
                              </DOMFrame>
                         </frames>
                    </DOMLayer>
               </layers>
          </DOMTimeline>
     </timeline>
</DOMSymbolItem>
