<DOMSymbolItem xmlns="http://ns.adobe.com/xfl/2008/" xmlns:xsi="http://www.w3.org/2001/XMLSchema-instance" name="Symbol 1024" lastModified="1681431985">
     <timeline>
          <DOMTimeline name="Symbol 1024">
               <layers>
                    <DOMLayer name="Script Layer" color="#da89ab">
                         <frames>
                              <DOMFrame index="0" keyMode="9728">
                                   <Actionscript>
                                        <script>gotoAndStop(_root.skiner + 1);
</script>
                                   </Actionscript>
                                   <elements/>
                              </DOMFrame>
                         </frames>
                    </DOMLayer>
                    <DOMLayer name="Layer 2" color="#b28bff" current="true" isSelected="true">
                         <frames>
                              <DOMFrame index="0" keyMode="9728">
                                   <elements>
                                        <DOMShape isFloating="true">
                                             <fills>
                                                  <FillStyle index="1">
                                                       <SolidColor color="#737373" alpha="0.7137255"/>
                                                  </FillStyle>
                                             </fills>
                                             <strokes/>
                                             <edges>
                                                  <Edge fillStyle1="1" edges="! 1368 212[ 1368 316 1485 338| 1565 354[ 1602 366 1602 398[ 1602 423 1572 442[ 1539 461 1487 461[ 1364 461 1307 361[ 1289 330 1280 292| 1274 258[ 1274 148 1345 47[ 1432 -80 1542 55[ 1451 104 1413 136[ 1368 174 1368 212"/>
                                                  <Edge fillStyle1="1" edges="! 1252 471[ 1235 500 1204 500[ 1138 500 1118 346| 1118 344| 1074 347| 1016 341[ 1006 429 973 464[ 953 438 948 387| 946 301[ 933 286 933 274[ 933 249 949 239[ 957 145 996 87[ 1042 19 1105 33[ 1171 47 1214 143[ 1264 252 1264 427[ 1264 449 1252 471"/>
                                                  <Edge fillStyle1="1" edges="! 1087 113[ 1038 152 1025 235| 1112 248| 1100 131| 1087 113"/>
                                                  <Edge fillStyle1="1" edges="! 920 413[ 903 487 864 487[ 820 487 792 335| 791 329| 765 329| 703 328| 704 396| 697 421| 668 461[ 642 435 626 328| 624 312[ 609 301 609 277[ 609 264 617 254| 613 185[ 613 62 662 11[ 707 -34 771 -5[ 835 24 880 109[ 929 204 929 328| 920 413"/>
                                                  <Edge fillStyle1="1" edges="! 768 223[ 745 139 720 110[ 708 164 705 224| 745 222| 768 223"/>
                                                  <Edge fillStyle1="1" edges="! 462 132| 432 126| 388 131[ 342 138 330 144| 314 154[ 487 181 555 259[ 600 310 600 393[ 600 442 589 461[ 558 511 452 511[ 358 511 304 455| 268 396[ 268 379 278 366[ 290 347 314 347[ 324 347 367 378[ 410 409 422 409| 500 406[ 480 294 337 259[ 266 242 244 229[ 203 203 203 147[ 203 113 251 82[ 294 53 355 41[ 507 11 507 104| 506 123[ 502 127 500 134| 462 132"/>
                                                  <Edge fillStyle1="1" edges="! 120 102[ 159 181 191 281[ 223 383 223 435[ 223 459 210 484[ 192 520 158 520[ 94 520 48 317| 16 120[ 16 6 48 12[ 76 16 120 102"/>
                                             </edges>
                                        </DOMShape>
                                   </elements>
                              </DOMFrame>
                              <DOMFrame index="1" keyMode="9728">
                                   <elements>
                                        <DOMShape isFloating="true">
                                             <fills>
                                                  <FillStyle index="1">
                                                       <SolidColor color="#737373" alpha="0.7137255"/>
                                                  </FillStyle>
                                             </fills>
                                             <strokes/>
                                             <edges>
                                                  <Edge fillStyle1="1" edges="! -180 78[ -180 -19 -153 -10[ -143 -7 -130 11| -102 5[ -51 5 5 65| 68 137[ 194 -204 260 11[ 302 150 302 355[ 302 406 296 430[ 282 480 241 480[ 180 480 170 357| 172 173| 168 167| 145 215[ 115 263 74 263[ 23 263 -47 193[ -6 312 -6 399[ -6 436 -10 449[ -19 484 -50 484[ -70 484 -127 277| -180 78"/>
                                                  <Edge fillStyle1="1" edges="! 1639 446[ 1621 459 1589 459[ 1505 459 1459 358| 1429 253[ 1429 202 1468 137| 1471 133| 1449 137[ 1464 93 1526 74[ 1560 51 1603 52[ 1624 56 1634 62| 1639 62| 1645 72[ 1606 95 1535 116| 1534 117| 1526 129[ 1509 162 1507 203[ 1573 183 1667 240[ 1643 269 1585 285| 1540 296[ 1556 317 1582 339| 1658 410[ 1658 433 1639 446"/>
                                                  <Edge fillStyle1="1" edges="! 1371 188[ 1394 293 1394 324[ 1394 388 1348 410[ 1312 383 1298 252[ 1290 186 1290 118[ 1290 93 1299 73[ 1308 53 1322 46[ 1344 69 1371 188"/>
                                                  <Edge fillStyle1="1" edges="! 1303 451| 1296 487| 1286 494| 1255 500[ 1214 500 1188 451| 1166 394| 1141 420| 1017 433[ 989 433 968 420[ 955 440 935 440[ 915 440 905 430| 895 414| 863 459[ 841 474 774 474[ 670 474 622 395| 602 353[ 602 384 594 411[ 581 458 549 458[ 512 458 487 370| 461 370| 417 367| 411 366| 394 446| 375 464| 356 438| 352 401[ 352 216 391 124[ 425 45 477 55[ 526 65 563 146[ 586 196 596 258[ 600 179 620 128[ 663 16 774 49| 783 68[ 773 102 726 145[ 682 186 682 201[ 682 279 691 307[ 716 380 802 380[ 825 380 843 353| 856 322| 802 323[ 765 323 765 277[ 765 256 786 251| 903 243[ 912 143 963 59[ 1042 -69 1151 65| 1147 90| 1078 94[ 1040 94 1012 157[ 992 203 992 224[ 992 283 1006 312[ 1032 367 1106 347| 1147 337| 1147 323| 1062 313| 1059 306[ 1056 301 1056 282[ 1056 243 1109 233[ 1170 221 1278 259| 1250 296| 1249 297| 1262 328| 1303 451"/>
                                                  <Edge fillStyle1="1" edges="! 421 312| 457 304| 474 302| 451 180[ 438 216 423 300| 421 312"/>
                                             </edges>
                                        </DOMShape>
                                   </elements>
                              </DOMFrame>
                              <DOMFrame index="2" keyMode="9728">
                                   <elements>
                                        <DOMShape isFloating="true">
                                             <fills>
                                                  <FillStyle index="1">
                                                       <SolidColor color="#737373" alpha="0.7137255"/>
                                                  </FillStyle>
                                             </fills>
                                             <strokes/>
                                             <edges>
                                                  <Edge fillStyle1="1" edges="! 356 -44| 367 -34| 392 -29| 371 -30[ 392 -5 392 24[ 392 77 338 77| 203 59| 135 47| 124 57[ 51 132 51 223[ 51 321 207 359| 313 383[ 362 397 362 420[ 362 460 322 475| 218 488[ 54 488 -15 387[ -53 333 -53 277[ -53 114 8 39| 41 7| 41 6[ 41 -52 93 -72[ 128 -86 205 -86[ 306 -86 356 -44"/>
                                                  <Edge fillStyle1="1" edges="! 1292 30[ 1292 -30 1316 -18[ 1337 -7 1368 55[ 1444 209 1444 343[ 1444 383 1433 414[ 1416 457 1382 457[ 1312 457 1260 384| 1206 286[ 1203 303 1206 362[ 1203 419 1175 450| 1146 452[ 1141 443 1145 421| 1149 377| 1134 226| 1119 96| 1121 60| 1125 26| 1136 22| 1162 17[ 1180 17 1254 151| 1359 346| 1362 345| 1362 324[ 1362 280 1327 180[ 1292 81 1292 30"/>
                                                  <Edge fillStyle1="1" edges="! 852 289| 820 92[ 820 -22 852 -16[ 880 -12 924 74[ 963 153 995 253[ 1027 355 1027 407[ 1027 431 1014 456[ 996 492 962 492[ 898 492 852 289"/>
                                                  <Edge fillStyle1="1" edges="! 494 199| 559 205[ 537 128 531 80| 528 74[ 473 132 451 212[ 466 202 494 199"/>
                                                  <Edge fillStyle1="1" edges="! 443 254[ 434 309 445 365| 439 381| 419 299[ 401 222 401 204[ 401 102 449 44[ 493 -10 553 1[ 616 13 658 91[ 705 181 705 329[ 705 428 653 428[ 631 428 585 288| 492 288| 443 254"/>
                                             </edges>
                                        </DOMShape>
                                   </elements>
                              </DOMFrame>
                              <DOMFrame index="3" keyMode="9728">
                                   <elements>
                                        <DOMShape isFloating="true">
                                             <fills>
                                                  <FillStyle index="1">
                                                       <SolidColor color="#737373" alpha="0.7137255"/>
                                                  </FillStyle>
                                             </fills>
                                             <strokes/>
                                             <edges>
                                                  <Edge fillStyle1="1" edges="! 348 -54[ 292 2 173 19[ 270 191 270 278[ 270 358 254 393[ 216 476 90 476[ -19 476 -77 416[ -114 378 -114 351[ -114 334 -103 307[ -87 269 -60 250[ -29 257 -12 311[ 3 362 41 363| 137 363[ 154 343 159 319| 163 273[ 163 198 119 100| 85 24| -15 25[ -85 25 -105 -3[ -115 -16 -111 -31[ -111 -48 -75 -69[ -35 -92 24 -102[ 183 -131 348 -54"/>
                                                  <Edge fillStyle1="1" edges="! 1505 77| 1492 77| 1392 80| 1372 103[ 1364 114 1364 135[ 1364 150 1405 169| 1494 208[ 1624 268 1624 346[ 1624 405 1607 423[ 1587 443 1471 497| 1364 497[ 1323 479 1312 455[ 1306 443 1306 410[ 1326 401 1347 401| 1475 397| 1531 356| 1322 238[ 1284 215 1284 135[ 1284 64 1323 26[ 1391 -38 1553 48[ 1522 72 1505 77"/>
                                                  <Edge fillStyle1="1" edges="! 1232 470[ 1179 470 1152 345| 1150 336| 1104 337| 1061 334| 1046 450| 1034 455| 1018 463| 995 443[ 992 437 992 411[ 992 357 1002 303| 995 296| 1004 290| 1024 213[ 1056 112 1101 79[ 1217 -7 1278 421| 1271 457| 1262 464| 1232 470"/>
                                                  <Edge fillStyle1="1" edges="! 1112 163[ 1091 199 1077 253| 1130 243| 1112 163"/>
                                                  <Edge fillStyle1="1" edges="! 873 174| 828 140| 782 140| 735 143| 737 252[ 743 308 774 346[ 836 332 874 285[ 904 249 904 220[ 904 204 873 174"/>
                                                  <Edge fillStyle1="1" edges="! 998 220[ 998 275 955 350[ 891 460 777 460[ 717 460 670 280[ 634 144 634 90[ 634 52 691 45[ 743 40 816 62[ 998 119 998 220"/>
                                                  <Edge fillStyle1="1" edges="! 605 217[ 617 268 618 322[ 618 384 605 413[ 580 467 504 467[ 371 467 314 366[ 296 334 288 295| 283 260[ 283 224 301 176[ 323 119 350 116[ 371 145 368 185| 361 228[ 361 283 394 324[ 432 372 495 372[ 527 372 534 363| 539 317[ 539 299 511 228| 483 153[ 483 116 530 116[ 582 116 605 217"/>
                                             </edges>
                                        </DOMShape>
                                   </elements>
                              </DOMFrame>
                              <DOMFrame index="4" keyMode="9728">
                                   <elements>
                                        <DOMShape isFloating="true">
                                             <fills>
                                                  <FillStyle index="1">
                                                       <SolidColor color="#737373" alpha="0.7137255"/>
                                                  </FillStyle>
                                             </fills>
                                             <strokes/>
                                             <edges>
                                                  <Edge fillStyle1="1" edges="! 347 -51[ 405 -10 405 95[ 405 140 378 184[ 336 250 252 250| 255 260[ 254 278 244 290[ 231 308 206 308[ 155 308 155 245[ 155 202 182 185[ 198 175 243 169[ 330 157 330 85[ 330 63 317 36[ 298 -1 267 -1[ 182 -1 130 59[ 93 102 93 130[ 93 154 109 169[ 125 184 125 192| 115 210[ 105 220 92 220[ 56 220 42 172| 35 121[ 35 62 93 6[ 148 -47 220 -66[ 297 -86 347 -51"/>
                                                  <Edge fillStyle1="1" edges="! 643 -85[ 720 -97 771 -58[ 830 -12 830 89[ 830 159 767 210[ 732 239 696 250| 700 315[ 700 329 689 342[ 676 356 660 356[ 629 356 618 321| 613 285[ 613 240 622 216| 620 200[ 620 171 682 154[ 743 136 743 83[ 743 52 730 31[ 711 -1 668 -1[ 587 -1 546 49| 520 101[ 520 129 537 170| 553 211| 548 226[ 542 237 530 237[ 484 237 465 170[ 455 134 455 96[ 455 29 514 -24[ 568 -74 643 -85"/>
                                                  <Edge fillStyle1="1" edges="! 1040 -78[ 1108 -84 1152 -40[ 1203 11 1203 117[ 1203 136 1182 169[ 1157 210 1120 230[ 1097 242 1086 290[ 1076 330 1051 330[ 1022 330 1013 304[ 1010 294 1010 274[ 1010 212 1069 176[ 1128 141 1128 120[ 1128 96 1115 52[ 1095 -11 1065 -11[ 1001 -11 967 36[ 943 68 943 92[ 943 111 954 151| 965 198| 962 213[ 956 226 943 226[ 904 226 886 156| 876 83[ 876 21 927 -26[ 976 -71 1040 -78"/>
                                                  <Edge fillStyle1="1" edges="! 2036 93[ 2075 78 2075 105[ 2075 111 2056 125| 2048 131| 2073 155| 2061 170[ 2050 180 2036 180[ 2013 180 2000 166[ 1990 156 1990 147| 1992 95[ 2000 51 2035 51[ 2060 51 2060 68[ 2060 81 2050 82| 2025 90| 2027 97| 2036 93"/>
                                                  <Edge fillStyle1="1" edges="! 2103 47[ 2103 30 2125 30[ 2160 30 2177 82[ 2187 113 2187 140[ 2187 188 2160 240[ 2117 325 2025 325[ 2000 325 2000 306[ 2000 301 2071 255[ 2142 199 2142 140[ 2142 115 2123 83| 2103 47"/>
                                                  <Edge fillStyle1="1" edges="! 1985 100| 1987 142[ 1987 178 1956 178[ 1917 178 1894 148[ 1874 121 1882 97| 1885 81| 1888 79| 1898 76[ 1914 76 1927 104| 1941 140| 1951 140| 1945 66[ 1977 65 1985 100"/>
                                                  <Edge fillStyle1="1" edges="! 1829 91| 1815 105[ 1839 106 1848 117| 1851 67| 1858 66| 1879 122| 1893 179| 1890 193| 1870 198[ 1856 198 1850 163| 1849 145| 1835 166[ 1812 196 1781 196[ 1749 196 1735 148[ 1727 121 1727 88[ 1727 58 1805 58[ 1831 58 1830 80| 1829 91"/>
                                                  <Edge fillStyle1="1" edges="! 1880 240[ 1923 240 1925 307[ 1925 319 1914 332| 1883 351| 1857 347| 1853 334[ 1853 326 1866 313| 1882 297| 1880 288[ 1886 286 1874 286[ 1867 286 1859 291| 1845 296[ 1830 296 1817 282[ 1807 271 1807 265| 1810 238| 1824 244| 1842 258| 1845 261| 1863 247[ 1872 240 1880 240"/>
                                                  <Edge fillStyle1="1" edges="! 1756 90| 1756 92| 1760 110| 1810 90[ 1808 85 1756 90"/>
                                                  <Edge fillStyle1="1" edges="! 1670 90| 1646 98| 1634 97| 1623 99| 1622 100| 1621 105| 1624 123| 1651 121[ 1670 121 1675 138[ 1675 159 1624 161| 1625 166[ 1678 159 1683 180[ 1677 190 1659 199| 1628 208[ 1608 208 1600 173| 1598 153| 1597 151| 1595 140| 1596 136| 1596 100[ 1602 78 1635 78| 1663 82| 1670 90"/>
                                                  <Edge fillStyle1="1" edges="! 1810 137| 1813 133| 1763 132| 1763 135| 1766 160| 1767 163[ 1780 168 1795 156| 1810 137"/>
                                                  <Edge fillStyle1="1" edges="! 1726 247| 1733 260| 1745 255[ 1734 246 1725 246| 1726 247"/>
                                                  <Edge fillStyle1="1" edges="! 1792 245| 1789 256| 1780 263| 1812 279[ 1823 285 1823 297[ 1823 320 1810 330[ 1790 345 1731 345[ 1712 345 1702 302| 1697 255[ 1697 233 1745 229[ 1792 226 1792 245"/>
                                                  <Edge fillStyle1="1" edges="! 1747 300| 1782 293| 1736 285| 1737 296| 1738 298| 1747 300"/>
                                                  <Edge fillStyle1="1" edges="! 1640 302| 1681 302[ 1651 275 1642 275| 1640 285| 1640 302"/>
                                                  <Edge fillStyle1="1" edges="! 1645 336| 1641 346| 1635 350| 1623 329[ 1617 313 1617 305[ 1617 228 1659 257[ 1700 285 1700 311[ 1700 329 1642 325| 1645 336"/>
                                                  <Edge fillStyle1="1" edges="! 1536 108| 1536 110[ 1557 97 1565 125| 1568 136| 1573 137| 1575 139| 1576 147| 1570 157| 1570 166| 1567 191[ 1557 187 1549 164| 1520 167| 1521 179[ 1521 205 1508 205[ 1486 205 1473 164| 1467 135| 1459 137| 1447 139[ 1456 152 1456 171[ 1456 197 1441 203[ 1430 198 1417 169| 1407 144| 1390 146| 1372 130[ 1372 119 1406 113| 1466 110[ 1468 78 1493 109| 1512 140| 1539 136| 1535 115| 1536 108"/>
                                                  <Edge fillStyle1="1" edges="! 1375 79| 1377 88| 1349 127[ 1320 161 1320 185[ 1320 211 1352 239| 1383 271| 1376 286[ 1368 296 1353 296[ 1299 296 1285 247[ 1280 232 1280 189[ 1280 163 1308 119[ 1341 68 1373 77| 1375 79"/>
                                                  <Edge fillStyle1="1" edges="! 1600 325[ 1612 335 1612 346[ 1595 387 1513 387[ 1472 387 1472 296[ 1472 237 1563 237[ 1585 237 1585 263| 1560 296| 1600 325"/>
                                                  <Edge fillStyle1="1" edges="! 1551 267| 1505 275| 1507 290| 1512 295[ 1515 290 1530 283| 1548 270| 1551 267"/>
                                                  <Edge fillStyle1="1" edges="! 1570 332| 1515 320| 1523 332| 1532 341| 1570 332"/>
                                                  <Edge fillStyle1="1" edges="! 1005 406[ 1005 394 1015 383[ 1028 368 1050 368[ 1086 368 1090 408| 1083 434[ 1072 453 1055 453[ 1025 453 1012 432[ 1005 420 1005 406"/>
                                                  <Edge fillStyle1="1" edges="! 693 445[ 682 465 660 465[ 629 465 617 443[ 610 432 610 418[ 610 377 656 378[ 701 379 701 420| 693 445"/>
                                                  <Edge fillStyle1="1" edges="! 262 425[ 249 443 223 443[ 181 443 177 398[ 177 353 225 354[ 272 356 272 393[ 272 411 262 425"/>
                                             </edges>
                                        </DOMShape>
                                   </elements>
                              </DOMFrame>
                              <DOMFrame index="5" keyMode="9728">
                                   <elements>
                                        <DOMShape isFloating="true">
                                             <fills>
                                                  <FillStyle index="1">
                                                       <SolidColor color="#737373" alpha="0.7137255"/>
                                                  </FillStyle>
                                             </fills>
                                             <strokes/>
                                             <edges>
                                                  <Edge fillStyle1="1" edges="! 355 -63[ 438 -44 450 -26| 439 -2[ 435 15 420 25[ 369 58 146 65| 132 62[ 118 64 118 88| 125 144| 217 136[ 241 136 260 150| 281 172[ 281 196 260 218[ 224 254 141 259| 144 294| 146 305| 446 330| 452 335[ 457 339 457 361[ 457 397 358 429[ 245 466 76 466[ 5 466 -12 377| -16 285| -32 147| -48 9[ -48 -45 -1 -61[ 52 -80 236 -80| 355 -63"/>
                                                  <Edge fillStyle1="1" edges="! 1751 178| 1756 213[ 1756 314 1602 402[ 1447 471 1447 483| 1445 503| 1434 496| 1385 371[ 1355 292 1355 251[ 1355 232 1341 188[ 1327 144 1327 125[ 1327 96 1359 85| 1440 75[ 1506 75 1537 119[ 1552 142 1558 172| 1706 153[ 1741 161 1751 178"/>
                                                  <Edge fillStyle1="1" edges="! 1665 241| 1537 249[ 1509 238 1494 171[ 1484 125 1408 155[ 1413 188 1432 263| 1460 380[ 1557 364 1653 253| 1665 241"/>
                                                  <Edge fillStyle1="1" edges="! 1265 76[ 1265 129 1209 126| 1102 112[ 1038 112 997 209| 1005 209[ 1097 209 1134 249[ 1094 326 1020 326| 964 318| 954 369| 1105 402[ 1169 419 1194 450[ 1184 470 1149 487[ 1112 504 1074 504[ 921 504 871 474[ 832 451 832 384[ 832 360 878 237| 930 93[ 951 -13 1109 2[ 1169 8 1217 31[ 1265 53 1265 76"/>
                                                  <Edge fillStyle1="1" edges="! 808 46[ 823 53 823 76[ 823 117 749 272[ 665 446 611 446[ 525 446 472 270[ 446 182 436 90[ 436 15 477 -2[ 522 -20 571 82[ 581 138 622 296| 631 300[ 655 273 695 166[ 730 71 780 39| 808 46"/>
                                             </edges>
                                        </DOMShape>
                                   </elements>
                              </DOMFrame>
                              <DOMFrame index="6" keyMode="9728">
                                   <elements>
                                        <DOMShape isFloating="true">
                                             <fills>
                                                  <FillStyle index="1">
                                                       <SolidColor color="#737373" alpha="0.7137255"/>
                                                  </FillStyle>
                                             </fills>
                                             <strokes/>
                                             <edges>
                                                  <Edge fillStyle1="1" edges="! 416 -15[ 461 43 461 75[ 461 88 450 105[ 435 127 413 127[ 369 127 336 88[ 291 37 268 25| 171 37[ 147 46 131 58| 130 65[ 331 100 392 151[ 431 184 431 263[ 431 301 388 343[ 318 411 173 411[ 57 411 5 347[ -25 309 -25 273[ -25 251 -7 240[ 6 231 21 231[ 32 231 91 261[ 150 291 167 291[ 252 291 287 270[ 305 259 310 245[ 267 204 116 157[ 0 121 0 60[ 0 22 60 -27[ 139 -93 262 -93[ 354 -93 416 -15"/>
                                                  <Edge fillStyle1="1" edges="! 1609 -31[ 1614 -166 1680 -219[ 1684 -288 1756 -288[ 1832 -289 1832 -210[ 1832 -186 1817 -164[ 1798 -136 1766 -136| 1765 -136| 1747 -109| 1708 -2| 1700 18[ 1770 59 1840 111[ 1840 161 1786 161[ 1767 161 1725 143| 1644 300[ 1524 512 1456 512[ 1419 512 1407 485[ 1402 473 1402 447[ 1402 435 1411 409| 1420 371[ 1456 137 1456 46[ 1456 13 1474 4[ 1442 -17 1442 -22[ 1442 -113 1609 -31"/>
                                                  <Edge fillStyle1="1" edges="! 1818 367[ 1835 375 1850 375| 1907 367| 1908 351| 1906 328| 1903 307| 1856 310| 1796 348| 1792 355| 1818 367"/>
                                                  <Edge fillStyle1="1" edges="! 1676 423| 1667 405[ 1667 393 1676 378| 1685 351[ 1685 314 1761 272[ 1833 233 1885 233[ 1944 233 1965 294[ 1975 323 1975 362[ 1975 388 1955 408[ 1926 436 1862 436| 1809 426| 1755 415[ 1737 415 1733 424[ 1724 439 1705 450| 1676 423"/>
                                                  <Edge fillStyle1="1" edges="! 1555 97| 1538 286[ 1552 278 1591 221[ 1630 163 1630 147[ 1630 132 1605 115[ 1578 97 1555 97"/>
                                                  <Edge fillStyle1="1" edges="! 1292 455[ 1214 455 1214 312[ 1214 277 1236 105| 1196 184[ 1160 251 1125 251[ 1065 251 1031 198[ 1004 139 985 125| 983 122[ 980 121 980 137| 991 236| 1001 335| 994 365[ 983 391 965 391[ 919 391 895 225[ 883 142 880 58[ 880 -57 948 -48[ 1018 -38 1126 97| 1191 8[ 1240 -56 1271 -56[ 1329 -56 1348 137[ 1357 235 1355 345[ 1355 395 1349 414[ 1336 455 1292 455"/>
                                                  <Edge fillStyle1="1" edges="! 850 335[ 839 372 812 372[ 774 372 749 294| 585 305| 579 305| 581 366[ 581 386 562 399[ 547 410 530 410[ 494 410 477 353[ 467 318 467 286[ 467 222 526 101[ 603 -58 705 -58[ 779 -58 825 109[ 856 224 856 290| 850 335"/>
                                                  <Edge fillStyle1="1" edges="! 723 180[ 698 52 681 52[ 609 52 588 189| 705 180| 723 180"/>
                                                  <Edge fillStyle1="1" edges="! -145 191[ -267 335 -310 335[ -356 335 -375 287| -385 235[ -385 204 -330 176[ -276 148 -225 148[ -189 148 -165 164[ -145 178 -145 191"/>
                                                  <Edge fillStyle1="1" edges="! -300 236[ -318 251 -323 267| -316 277| -297 280[ -265 280 -255 253| -245 211[ -276 215 -300 236"/>
                                             </edges>
                                        </DOMShape>
                                   </elements>
                              </DOMFrame>
                         </frames>
                    </DOMLayer>
               </layers>
          </DOMTimeline>
     </timeline>
</DOMSymbolItem>
