<DOMSymbolItem xmlns="http://ns.adobe.com/xfl/2008/" xmlns:xsi="http://www.w3.org/2001/XMLSchema-instance" name="Symbol 1638" lastModified="1681431985">
     <timeline>
          <DOMTimeline name="Symbol 1638">
               <layers>
                    <DOMLayer name="Layer 1" color="#fa5a59">
                         <frames>
                              <DOMFrame index="0" keyMode="9728">
                                   <elements>
                                        <DOMSymbolInstance libraryItemName="Symbol 1637" centerPoint3DX="23.85" centerPoint3DY="27.5">
                                             <matrix>
                                                  <Matrix tx="19.65" ty="23.25" a="0.904876708984375" d="0.904876708984375"/>
                                             </matrix>
                                             <transformationPoint>
                                                  <Point/>
                                             </transformationPoint>
                                        </DOMSymbolInstance>
                                   </elements>
                              </DOMFrame>
                         </frames>
                    </DOMLayer>
                    <DOMLayer name="Layer 2" color="#e469ac">
                         <frames>
                              <DOMFrame index="0" keyMode="9728">
                                   <elements>
                                        <DOMSymbolInstance libraryItemName="Symbol 1637" centerPoint3DX="4.95" centerPoint3DY="27.1">
                                             <matrix>
                                                  <Matrix tx="0.75" ty="22.85" a="0.904876708984375" d="0.904876708984375"/>
                                             </matrix>
                                             <transformationPoint>
                                                  <Point/>
                                             </transformationPoint>
                                        </DOMSymbolInstance>
                                   </elements>
                              </DOMFrame>
                         </frames>
                    </DOMLayer>
                    <DOMLayer name="Layer 3" color="#83b762">
                         <frames>
                              <DOMFrame index="0" keyMode="9728">
                                   <elements>
                                        <DOMSymbolInstance libraryItemName="Symbol 1634" centerPoint3DX="16.8" centerPoint3DY="19.7">
                                             <matrix>
                                                  <Matrix tx="0.0" ty="0.0" a="0.904876708984375" d="0.904876708984375"/>
                                             </matrix>
                                             <transformationPoint>
                                                  <Point/>
                                             </transformationPoint>
                                        </DOMSymbolInstance>
                                   </elements>
                              </DOMFrame>
                         </frames>
                    </DOMLayer>
                    <DOMLayer name="Layer 4" color="#e1b98b" current="true" isSelected="true">
                         <frames>
                              <DOMFrame index="0" keyMode="9728">
                                   <elements>
                                        <DOMSymbolInstance libraryItemName="Symbol 336" centerPoint3DX="24.0" centerPoint3DY="42.3">
                                             <matrix>
                                                  <Matrix tx="15.7" ty="39.0" a="1.74249267578125" d="1.23529052734375"/>
                                             </matrix>
                                             <transformationPoint>
                                                  <Point/>
                                             </transformationPoint>
                                        </DOMSymbolInstance>
                                   </elements>
                              </DOMFrame>
                         </frames>
                    </DOMLayer>
               </layers>
          </DOMTimeline>
     </timeline>
</DOMSymbolItem>
