<DOMSymbolItem xmlns="http://ns.adobe.com/xfl/2008/" xmlns:xsi="http://www.w3.org/2001/XMLSchema-instance" name="Symbol 1973" lastModified="1681431985" symbolType="graphic">
     <timeline>
          <DOMTimeline name="Symbol 1973" currentFrame="0">
               <layers>
                    <DOMLayer name="Layer 1">
                         <frames>
                              <DOMFrame index="0" motionTweenScale="false" keyMode="8192">
                                   <elements>
                                        <DOMShape isFloating="true">
                                             <fills>
                                                  <FillStyle index="1">
                                                       <SolidColor color="#6a6a6a" alpha="0.3019608"/>
                                                  </FillStyle>
                                             </fills>
                                             <strokes/>
                                             <edges>
                                                  <Edge fillStyle1="1" edges="! 509 58| 515 71[ 520 80 510 82[ 494 87 463 66| 434 48[ 421 23 460 30[ 497 37 509 58"/>
                                                  <Edge fillStyle1="1" edges="! 494 287| 492 295[ 494 298 499 301[ 506 317 479 345[ 446 381 392 393[ 283 420 192 364[ 133 329 114 294[ 101 271 94 249| 78 231[ 17 122 186 46[ 246 20 308 11[ 369 2 379 18| 301 68[ 222 116 246 158[ 281 220 385 229| 457 233[ 490 239 499 253[ 502 259 494 287"/>
                                             </edges>
                                        </DOMShape>
                                   </elements>
                              </DOMFrame>
                         </frames>
                    </DOMLayer>
               </layers>
          </DOMTimeline>
     </timeline>
</DOMSymbolItem>
